2025-12-28 21:45:20,545 - root - INFO - ==== 开始执行PINISH流程 ====
2025-12-28 21:45:20,547 - root - INFO - ==== 步骤1: 生成查询语句 ====
2025-12-28 21:45:20,548 - root - ERROR - 执行PINISH流程时发生错误: run_query_generator() missing 1 required positional argument: 'html_dir'
2025-12-28 21:45:33,114 - root - INFO - ==== 开始执行PINISH流程 ====
2025-12-28 21:45:33,114 - root - INFO - ==== 步骤1: 生成查询语句 ====
2025-12-28 21:45:33,114 - root - ERROR - 执行PINISH流程时发生错误: run_query_generator() missing 1 required positional argument: 'html_dir'
2025-12-28 21:45:54,227 - root - INFO - ==== 开始执行PINISH流程 ====
2025-12-28 21:45:54,227 - root - INFO - ==== 步骤1: 生成查询语句 ====
2025-12-28 21:45:54,227 - root - ERROR - 执行PINISH流程时发生错误: run_query_generator() missing 1 required positional argument: 'html_dir'
2025-12-28 21:46:14,588 - root - INFO - ==== 开始执行PINISH流程 ====
2025-12-28 21:46:14,588 - root - INFO - ==== 步骤1: 生成查询语句 ====
2025-12-28 21:46:14,588 - root - ERROR - 执行PINISH流程时发生错误: run_query_generator() missing 1 required positional argument: 'html_dir'
2025-12-28 21:46:40,609 - root - INFO - ==== 开始执行PINISH流程 ====
2025-12-28 21:46:40,609 - root - INFO - ==== 步骤1: 生成查询语句 ====
2025-12-28 21:46:40,609 - root - ERROR - 执行PINISH流程时发生错误: run_query_generator() missing 1 required positional argument: 'html_dir'
2025-12-28 21:47:19,127 - root - INFO - ==== 开始执行PINISH流程 ====
2025-12-28 21:47:19,127 - root - INFO - ==== 步骤1: 生成查询语句 ====
2025-12-28 21:47:19,127 - root - ERROR - 执行PINISH流程时发生错误: run_query_generator() missing 1 required positional argument: 'html_dir'
2025-12-28 21:47:34,537 - root - INFO - ==== 开始执行PINISH流程 ====
2025-12-28 21:47:37,562 - root - INFO - ==== 步骤1: 生成查询语句 ====
2025-12-28 21:47:44,138 - root - ERROR - 执行PINISH流程时发生错误: run_query_generator() missing 1 required positional argument: 'html_dir'
2025-12-28 21:48:02,683 - root - INFO - ==== 开始执行PINISH流程 ====
2025-12-28 21:48:02,683 - root - INFO - ==== 步骤1: 生成查询语句 ====
2025-12-28 21:48:02,683 - root - ERROR - 执行PINISH流程时发生错误: run_query_generator() missing 1 required positional argument: 'html_dir'
2025-12-28 21:49:19,998 - root - INFO - ==== 开始执行PINISH流程 ====
2025-12-28 21:49:19,999 - root - INFO - ==== 步骤1: 生成查询语句 ====
2025-12-28 21:49:19,999 - root - ERROR - 执行PINISH流程时发生错误: run_query_generator() got an unexpected keyword argument 'html_file'
2025-12-28 21:50:00,220 - root - INFO - ==== 开始执行PINISH流程 ====
2025-12-28 21:50:00,221 - root - INFO - ==== 步骤1: 生成查询语句 ====
2025-12-28 21:50:00,221 - root - INFO - 开始执行查询生成任务
2025-12-28 21:50:00,221 - root - INFO - 成功加载 300 个URL
2025-12-28 21:50:00,222 - root - INFO - 成功加载 46 个过滤词
2025-12-28 21:50:00,222 - root - INFO - 输出文件 .\query_20251228215000.json 不存在，将创建新文件
2025-12-28 21:50:00,222 - root - INFO - 处理URL: https://shortlink.st/Q-z6f1t8
2025-12-28 21:50:10,239 - root - ERROR - 获取URL https://shortlink.st/Q-z6f1t8 内容时发生网络错误: HTTPSConnectionPool(host='shortlink.st', port=443): Read timed out. (read timeout=10)
2025-12-28 21:50:12,385 - root - INFO - 处理URL: https://roblox.com.ge/users/8694929173/profile
2025-12-28 21:50:22,413 - root - ERROR - 获取URL https://roblox.com.ge/users/8694929173/profile 内容时发生网络错误: HTTPSConnectionPool(host='roblox.com.ge', port=443): Read timed out. (read timeout=10)
2025-12-28 21:50:24,823 - root - INFO - 处理URL: http://www.amazon-clone-peach-eta.vercel.app/
2025-12-28 21:50:26,295 - root - ERROR - 获取URL http://www.amazon-clone-peach-eta.vercel.app/ 内容时发生网络错误: HTTPSConnectionPool(host='www.amazon-clone-peach-eta.vercel.app', port=443): Max retries exceeded with url: / (Caused by SSLError(SSLCertVerificationError(1, "[SSL: CERTIFICATE_VERIFY_FAILED] certificate verify failed: Hostname mismatch, certificate is not valid for 'www.amazon-clone-peach-eta.vercel.app'. (_ssl.c:1000)")))
2025-12-28 21:50:28,619 - root - INFO - 处理URL: https://roblox.com.ge/users/8225787955/profile
2025-12-28 21:50:38,636 - root - ERROR - 获取URL https://roblox.com.ge/users/8225787955/profile 内容时发生网络错误: HTTPSConnectionPool(host='roblox.com.ge', port=443): Read timed out. (read timeout=10)
2025-12-28 21:50:41,302 - root - INFO - 处理URL: https://ledgor-lives-logins-io.pages.dev/
2025-12-28 21:50:42,061 - root - ERROR - 获取URL https://ledgor-lives-logins-io.pages.dev/ 内容时发生网络错误: 403 Client Error: Forbidden for url: https://ledgor-lives-logins-io.pages.dev/
2025-12-28 21:50:43,777 - root - INFO - 处理URL: http://echoing-london-teeny.on-fleek.app/
2025-12-28 21:50:49,879 - root - WARNING - URL http://echoing-london-teeny.on-fleek.app/ 的title或h1不存在，跳过
2025-12-28 21:50:51,509 - root - INFO - 处理URL: http://www.s.id/www-roblox-com-share-code-c9896348he0ls4fafk-tys/
2025-12-28 21:51:02,462 - httpx - INFO - HTTP Request: POST https://svip.xty.app/v1/chat/completions "HTTP/1.1 200 OK"
2025-12-28 21:51:02,467 - root - INFO - 生成的关键词: ['Blox Fruits', 'Roblox', 'anime RPG', 'online games', 'virtual worlds']
2025-12-28 21:51:06,099 - httpx - INFO - HTTP Request: POST https://svip.xty.app/v1/chat/completions "HTTP/1.1 200 OK"
2025-12-28 21:51:06,101 - root - INFO - 生成的查询语句: Best online anime RPG games like Blox Fruits on Roblox virtual worlds
2025-12-28 21:51:06,104 - root - INFO - HTML源码已保存到: ./html_files\0b28b07a91991aa4ec6ca3c3ad674ee4.html
2025-12-28 21:51:06,105 - root - INFO - 数据已保存到: .\query_20251228215000.json
2025-12-28 21:51:06,105 - root - INFO - 已处理URL 7/300: http://www.s.id/www-roblox-com-share-code-c9896348he0ls4fafk-tys/，新增结果总数: 1
2025-12-28 21:51:07,596 - root - INFO - 处理URL: http://gemi-nilogn.godaddysites.com/
2025-12-28 21:51:08,487 - root - WARNING - URL http://gemi-nilogn.godaddysites.com/ 包含过滤词，跳过
2025-12-28 21:51:11,177 - root - INFO - 处理URL: http://danaresmixindonsia.domengkite.biz.id/
2025-12-28 21:51:21,220 - root - ERROR - 获取URL http://danaresmixindonsia.domengkite.biz.id/ 内容时发生网络错误: HTTPConnectionPool(host='127.0.0.1', port=7890): Read timed out. (read timeout=10)
2025-12-28 21:51:23,894 - root - INFO - 处理URL: https://steancomnnnunity.com/trade0ffers/new/partners=20346257pg9&token=HBjro649
2025-12-28 21:51:25,060 - root - WARNING - URL https://steancomnnnunity.com/trade0ffers/new/partners=20346257pg9&token=HBjro649 的title或h1不存在，跳过
2025-12-28 21:51:27,880 - root - INFO - 处理URL: https://allegrolokalnie.pl-4751652.icu/oferta/zetor-4011-traktor-do-renowacji/16698
2025-12-28 21:51:28,700 - root - ERROR - 获取URL https://allegrolokalnie.pl-4751652.icu/oferta/zetor-4011-traktor-do-renowacji/16698 内容时发生网络错误: 403 Client Error: Forbidden for url: https://allegrolokalnie.pl-4751652.icu/oferta/zetor-4011-traktor-do-renowacji/16698
2025-12-28 21:51:29,959 - root - INFO - 处理URL: https://www.roblox.tc/games/102858192019505/Sussy-swap-baddies-worksupdated?privateServerLinkCode=12342873544146248462163226785053
2025-12-28 21:51:39,000 - httpx - INFO - HTTP Request: POST https://svip.xty.app/v1/chat/completions "HTTP/1.1 200 OK"
2025-12-28 21:51:39,001 - root - INFO - 生成的关键词: ['Roblox', 'Sussy Swap Baddies', 'online games', 'virtual worlds', 'free MMO']
2025-12-28 21:51:43,134 - httpx - INFO - HTTP Request: POST https://svip.xty.app/v1/chat/completions "HTTP/1.1 200 OK"
2025-12-28 21:51:43,135 - root - INFO - 生成的查询语句: Free MMO online games like Roblox Sussy Swap Baddies in virtual worlds
2025-12-28 21:51:43,139 - root - INFO - HTML源码已保存到: ./html_files\5a8a39d4f68092565f110840ea7884cd.html
2025-12-28 21:51:43,141 - root - INFO - 数据已保存到: .\query_20251228215000.json
2025-12-28 21:51:43,141 - root - INFO - 已处理URL 12/300: https://www.roblox.tc/games/102858192019505/Sussy-swap-baddies-worksupdated?privateServerLinkCode=12342873544146248462163226785053，新增结果总数: 2
2025-12-28 21:51:45,561 - root - INFO - 处理URL: http://easy-banking-rho.vercel.app/
2025-12-28 21:51:46,139 - root - WARNING - URL http://easy-banking-rho.vercel.app/ 包含过滤词，跳过
2025-12-28 21:51:48,532 - root - INFO - 处理URL: https://www.bancoprovinciapersonas.rafaelaveronezi.com.br/
2025-12-28 21:51:54,473 - httpx - INFO - HTTP Request: POST https://svip.xty.app/v1/chat/completions "HTTP/1.1 200 OK"
2025-12-28 21:51:54,474 - root - INFO - 生成的关键词: ['Banco Provincia', 'banco', 'banca en línea', 'iniciá sesión', 'servicios financieros']
2025-12-28 21:51:58,300 - httpx - INFO - HTTP Request: POST https://svip.xty.app/v1/chat/completions "HTTP/1.1 200 OK"
2025-12-28 21:51:58,300 - root - INFO - 生成的查询语句: Banco Provincia banca en línea iniciá sesión y servicios financieros del banco
2025-12-28 21:51:58,302 - root - INFO - HTML源码已保存到: ./html_files\edc64e72a6bedc43da875387fa220256.html
2025-12-28 21:51:58,304 - root - INFO - 数据已保存到: .\query_20251228215000.json
2025-12-28 21:51:58,304 - root - INFO - 已处理URL 14/300: https://www.bancoprovinciapersonas.rafaelaveronezi.com.br/，新增结果总数: 3
2025-12-28 21:52:01,021 - root - INFO - 处理URL: https://bancoprovinciapersonas.rafaelaveronezi.com.br/
2025-12-28 21:52:05,674 - httpx - INFO - HTTP Request: POST https://svip.xty.app/v1/chat/completions "HTTP/1.1 200 OK"
2025-12-28 21:52:05,675 - root - INFO - 生成的关键词: ['Banco Provincia', 'Banco', 'Banca en línea', 'Iniciar sesión', 'Servicios financieros']
2025-12-28 21:52:09,090 - httpx - INFO - HTTP Request: POST https://svip.xty.app/v1/chat/completions "HTTP/1.1 200 OK"
2025-12-28 21:52:09,091 - root - INFO - 生成的查询语句: Banco Provincia banca en línea iniciar sesión y servicios financieros
2025-12-28 21:52:09,093 - root - INFO - HTML源码已保存到: ./html_files\d3e73b3b540643f7cc6988f25db26118.html
2025-12-28 21:52:09,097 - root - INFO - 数据已保存到: .\query_20251228215000.json
2025-12-28 21:52:09,097 - root - INFO - 已处理URL 15/300: https://bancoprovinciapersonas.rafaelaveronezi.com.br/，新增结果总数: 4
2025-12-28 21:52:11,210 - root - INFO - 处理URL: https://smtplast.com/op/SC/
2025-12-28 21:52:17,918 - root - WARNING - URL https://smtplast.com/op/SC/ 包含过滤词，跳过
2025-12-28 21:52:19,580 - root - INFO - 处理URL: http://rentrise.vercel.app/
2025-12-28 21:52:22,993 - root - WARNING - URL http://rentrise.vercel.app/ 的title或h1不存在，跳过
2025-12-28 21:52:25,954 - root - INFO - 处理URL: http://ipfs.io/ipfs/bafkreifki2x2ookbrn2vujr5dnx5tjeg77legdonbtfy2vhul2dt64yely
2025-12-28 21:52:26,555 - root - WARNING - URL http://ipfs.io/ipfs/bafkreifki2x2ookbrn2vujr5dnx5tjeg77legdonbtfy2vhul2dt64yely 的title或h1不存在，跳过
2025-12-28 21:52:29,423 - root - INFO - 处理URL: https://roblox.com.py/users/6018973309/profile
2025-12-28 21:52:39,445 - root - ERROR - 获取URL https://roblox.com.py/users/6018973309/profile 内容时发生网络错误: HTTPSConnectionPool(host='roblox.com.py', port=443): Read timed out. (read timeout=10)
2025-12-28 21:52:41,695 - root - INFO - 处理URL: https://trivijayamajhi804-png.github.io/Index.html/
2025-12-28 21:52:42,857 - root - WARNING - URL https://trivijayamajhi804-png.github.io/Index.html/ 包含过滤词，跳过
2025-12-28 21:52:45,830 - root - INFO - 处理URL: https://www.roblox.com.ml/communities/5839851800/MI
2025-12-28 21:53:00,198 - root - ERROR - 获取URL https://www.roblox.com.ml/communities/5839851800/MI 内容时发生网络错误: HTTPSConnectionPool(host='www.roblox.com.ml', port=443): Read timed out. (read timeout=10)
2025-12-28 21:53:01,505 - root - INFO - 处理URL: https://sandhyaupadhyay16.github.io/amazonClone/
2025-12-28 21:53:11,523 - root - ERROR - 获取URL https://sandhyaupadhyay16.github.io/amazonClone/ 内容时发生网络错误: HTTPSConnectionPool(host='sandhyaupadhyay16.github.io', port=443): Read timed out. (read timeout=10)
2025-12-28 21:53:14,174 - root - INFO - 处理URL: https://rinashewale.github.io/NetflixClone/
2025-12-28 21:53:15,773 - root - WARNING - URL https://rinashewale.github.io/NetflixClone/ 包含过滤词，跳过
2025-12-28 21:53:17,927 - root - INFO - 处理URL: https://govauinboxsecure-access.com/
2025-12-28 21:53:18,954 - root - ERROR - 获取URL https://govauinboxsecure-access.com/ 内容时发生网络错误: HTTPSConnectionPool(host='govauinboxsecure-access.com', port=443): Max retries exceeded with url: / (Caused by SSLError(SSLEOFError(8, '[SSL: UNEXPECTED_EOF_WHILE_READING] EOF occurred in violation of protocol (_ssl.c:1000)')))
2025-12-28 21:53:21,202 - root - INFO - 处理URL: http://loggmaskmetha-uk34.godaddysites.com/
2025-12-28 21:53:39,079 - httpx - INFO - HTTP Request: POST https://svip.xty.app/v1/chat/completions "HTTP/1.1 200 OK"
2025-12-28 21:53:39,081 - root - INFO - 生成的关键词: ['MetaMask', 'cryptocurrency wallet', 'Ethereum', 'loggmaskmetha-uk34', 'blockchain']
2025-12-28 21:53:42,897 - httpx - INFO - HTTP Request: POST https://svip.xty.app/v1/chat/completions "HTTP/1.1 200 OK"
2025-12-28 21:53:42,898 - root - INFO - 生成的查询语句: "How to use MetaMask cryptocurrency wallet for Ethereum and blockchain with loggmaskmetha-uk34"
2025-12-28 21:53:42,902 - root - INFO - HTML源码已保存到: ./html_files\e4339aa88872236457e2fffe1ac7359e.html
2025-12-28 21:53:42,904 - root - INFO - 数据已保存到: .\query_20251228215000.json
2025-12-28 21:53:42,904 - root - INFO - 已处理URL 25/300: http://loggmaskmetha-uk34.godaddysites.com/，新增结果总数: 5
2025-12-28 21:53:44,475 - root - INFO - 处理URL: http://amexz.ciacaider.com/
2025-12-28 21:53:46,364 - root - WARNING - URL http://amexz.ciacaider.com/ 的title或h1不存在，跳过
2025-12-28 21:53:47,508 - root - INFO - 处理URL: https://voiceeasyconectelo.wixsite.com/monsite/
2025-12-28 21:53:48,703 - root - WARNING - URL https://voiceeasyconectelo.wixsite.com/monsite/ 的title或h1不存在，跳过
2025-12-28 21:53:50,950 - root - INFO - 处理URL: https://www.roblox.com.py/discover/?Keyword=/
2025-12-28 21:54:00,960 - root - ERROR - 获取URL https://www.roblox.com.py/discover/?Keyword=/ 内容时发生网络错误: HTTPSConnectionPool(host='www.roblox.com.py', port=443): Read timed out. (read timeout=10)
2025-12-28 21:54:02,674 - root - INFO - 处理URL: https://www.apple.com-l.cloud/?i=jFfM6
2025-12-28 21:54:05,781 - root - WARNING - URL https://www.apple.com-l.cloud/?i=jFfM6 的title或h1不存在，跳过
2025-12-28 21:54:07,725 - root - INFO - 处理URL: http://www.hh1615.com/
2025-12-28 21:54:12,961 - root - WARNING - URL http://www.hh1615.com/ 的title或h1不存在，跳过
2025-12-28 21:54:14,332 - root - INFO - 处理URL: https://www.roblox.com.py/upgrades/robux?ctx=navpopover
2025-12-28 21:54:24,338 - root - ERROR - 获取URL https://www.roblox.com.py/upgrades/robux?ctx=navpopover 内容时发生网络错误: HTTPSConnectionPool(host='www.roblox.com.py', port=443): Read timed out. (read timeout=10)
2025-12-28 21:54:26,041 - root - INFO - 处理URL: https://apple.com-ubicacion-i.cloud/?i=jFfM6
2025-12-28 21:54:28,421 - root - WARNING - URL https://apple.com-ubicacion-i.cloud/?i=jFfM6 的title或h1不存在，跳过
2025-12-28 21:54:29,847 - root - INFO - 处理URL: http://www.apple.com-ubicacion-i.cloud/?i=jFfM6
2025-12-28 21:54:32,856 - root - WARNING - URL http://www.apple.com-ubicacion-i.cloud/?i=jFfM6 的title或h1不存在，跳过
2025-12-28 21:54:34,764 - root - INFO - 处理URL: http://www.encontrar-find.my/?i=jFfM6
2025-12-28 21:54:39,633 - root - WARNING - URL http://www.encontrar-find.my/?i=jFfM6 的title或h1不存在，跳过
2025-12-28 21:54:41,873 - root - INFO - 处理URL: https://mail.apple.com-ubicacion-i.cloud/?i=jFfM6
2025-12-28 21:54:43,621 - root - WARNING - URL https://mail.apple.com-ubicacion-i.cloud/?i=jFfM6 的title或h1不存在，跳过
2025-12-28 21:54:46,564 - root - INFO - 处理URL: http://mail.apple.com-l.cloud/?i=jFfM6
2025-12-28 21:54:49,113 - root - WARNING - URL http://mail.apple.com-l.cloud/?i=jFfM6 的title或h1不存在，跳过
2025-12-28 21:54:52,014 - root - INFO - 处理URL: http://cloud-fmi.help/?i=jFfM6
2025-12-28 21:54:55,148 - root - WARNING - URL http://cloud-fmi.help/?i=jFfM6 的title或h1不存在，跳过
2025-12-28 21:54:56,461 - root - INFO - 处理URL: http://www.appie-buscar.help/?i=jFfM6
2025-12-28 21:55:00,627 - root - WARNING - URL http://www.appie-buscar.help/?i=jFfM6 的title或h1不存在，跳过
2025-12-28 21:55:03,349 - root - INFO - 处理URL: https://roblox.com.py/users/4460735874/profile
2025-12-28 21:55:13,372 - root - ERROR - 获取URL https://roblox.com.py/users/4460735874/profile 内容时发生网络错误: HTTPSConnectionPool(host='roblox.com.py', port=443): Read timed out. (read timeout=10)
2025-12-28 21:55:15,905 - root - INFO - 处理URL: http://3ws99q2twryn0.duckdns.org/en/
2025-12-28 21:55:16,981 - root - WARNING - URL http://3ws99q2twryn0.duckdns.org/en/ 的title或h1不存在，跳过
2025-12-28 21:55:18,402 - root - INFO - 处理URL: https://jubril879.github.io/netflix/
2025-12-28 21:55:19,592 - root - WARNING - URL https://jubril879.github.io/netflix/ 包含过滤词，跳过
2025-12-28 21:55:21,731 - root - INFO - 处理URL: https://josnazachariah.github.io/netflix-clone/
2025-12-28 21:55:22,819 - root - WARNING - URL https://josnazachariah.github.io/netflix-clone/ 包含过滤词，跳过
2025-12-28 21:55:25,664 - root - INFO - 处理URL: https://roblox.com.ge/communities/9454618010/
2025-12-28 21:55:35,699 - root - ERROR - 获取URL https://roblox.com.ge/communities/9454618010/ 内容时发生网络错误: HTTPSConnectionPool(host='roblox.com.ge', port=443): Read timed out. (read timeout=10)
2025-12-28 21:55:38,595 - root - INFO - 处理URL: https://msggo.cc/GTMdZVtW/
2025-12-28 21:55:43,072 - root - WARNING - URL https://msggo.cc/GTMdZVtW/ 的title或h1不存在，跳过
2025-12-28 21:55:44,393 - root - INFO - 处理URL: https://adrianairbnb.netlify.app/
2025-12-28 21:55:45,964 - root - WARNING - URL https://adrianairbnb.netlify.app/ 的title或h1不存在，跳过
2025-12-28 21:55:47,637 - root - INFO - 处理URL: https://guestyhotelspain.com/XIML7GBH
2025-12-28 21:55:48,513 - root - ERROR - 获取URL https://guestyhotelspain.com/XIML7GBH 内容时发生网络错误: 403 Client Error: Forbidden for url: https://guestyhotelspain.com/XIML7GBH
2025-12-28 21:55:50,453 - root - INFO - 处理URL: https://facture-rapide.fr/s/63BZGFSVBWSFCDX7Y9/584dd8/90eab167-7429-489f-99f6-ce86e8d0d81a
2025-12-28 21:55:56,268 - httpx - INFO - HTTP Request: POST https://svip.xty.app/v1/chat/completions "HTTP/1.1 200 OK"
2025-12-28 21:55:56,270 - root - INFO - 生成的关键词: ['Adobe PDF', 'File Verification', 'Online PDF Tool', 'PDF Security', 'Document Authentication']
2025-12-28 21:56:04,212 - httpx - INFO - HTTP Request: POST https://svip.xty.app/v1/chat/completions "HTTP/1.1 200 OK"
2025-12-28 21:56:04,213 - root - INFO - 生成的查询语句: How to verify Adobe PDF files online for security and document authentication using a PDF tool
2025-12-28 21:56:04,215 - root - INFO - HTML源码已保存到: ./html_files\fa37bc8c657c9b30739f58ac2c660755.html
2025-12-28 21:56:04,218 - root - INFO - 数据已保存到: .\query_20251228215000.json
2025-12-28 21:56:04,218 - root - INFO - 已处理URL 47/300: https://facture-rapide.fr/s/63BZGFSVBWSFCDX7Y9/584dd8/90eab167-7429-489f-99f6-ce86e8d0d81a，新增结果总数: 6
2025-12-28 21:56:06,901 - root - INFO - 处理URL: http://qfwz1zm4jaey0.duckdns.org/en/
2025-12-28 21:56:07,922 - root - WARNING - URL http://qfwz1zm4jaey0.duckdns.org/en/ 的title或h1不存在，跳过
2025-12-28 21:56:10,430 - root - INFO - 处理URL: https://easy-bank-landing-page-gold.vercel.app/
2025-12-28 21:56:12,267 - root - WARNING - URL https://easy-bank-landing-page-gold.vercel.app/ 包含过滤词，跳过
2025-12-28 21:56:14,410 - root - INFO - 处理URL: http://www.easy-bank-landing-page-gold.vercel.app/
2025-12-28 21:56:15,931 - root - ERROR - 获取URL http://www.easy-bank-landing-page-gold.vercel.app/ 内容时发生网络错误: HTTPSConnectionPool(host='www.easy-bank-landing-page-gold.vercel.app', port=443): Max retries exceeded with url: / (Caused by SSLError(SSLCertVerificationError(1, "[SSL: CERTIFICATE_VERIFY_FAILED] certificate verify failed: Hostname mismatch, certificate is not valid for 'www.easy-bank-landing-page-gold.vercel.app'. (_ssl.c:1000)")))
2025-12-28 21:56:17,716 - root - INFO - 处理URL: http://3v73kgl7wlck5.duckdns.org/en/
2025-12-28 21:56:18,900 - root - WARNING - URL http://3v73kgl7wlck5.duckdns.org/en/ 的title或h1不存在，跳过
2025-12-28 21:56:20,619 - root - INFO - 处理URL: https://www.robiox.com.py/users/255065148303/profile
2025-12-28 21:56:21,910 - root - WARNING - URL https://www.robiox.com.py/users/255065148303/profile 的title或h1不存在，跳过
2025-12-28 21:56:22,935 - root - INFO - 处理URL: https://roblox.com.kz/users/1028069390/profile
2025-12-28 21:56:25,354 - root - WARNING - URL https://roblox.com.kz/users/1028069390/profile 的title或h1不存在，跳过
2025-12-28 21:56:28,051 - root - INFO - 处理URL: https://web3.pancake.run/info
2025-12-28 21:56:28,759 - root - WARNING - URL https://web3.pancake.run/info 的title或h1不存在，跳过
2025-12-28 21:56:30,181 - root - INFO - 处理URL: https://shortlink.st/oolsupr9
2025-12-28 21:56:40,196 - root - ERROR - 获取URL https://shortlink.st/oolsupr9 内容时发生网络错误: HTTPSConnectionPool(host='shortlink.st', port=443): Read timed out. (read timeout=10)
2025-12-28 21:56:41,768 - root - INFO - 处理URL: https://roblox.com.ge/users/4785921766/profile
2025-12-28 21:56:51,785 - root - ERROR - 获取URL https://roblox.com.ge/users/4785921766/profile 内容时发生网络错误: HTTPSConnectionPool(host='roblox.com.ge', port=443): Read timed out. (read timeout=10)
2025-12-28 21:56:52,911 - root - INFO - 处理URL: https://clickwa.cc/GeYdLwDg/
2025-12-28 21:56:54,301 - root - WARNING - URL https://clickwa.cc/GeYdLwDg/ 的title或h1不存在，跳过
2025-12-28 21:56:56,863 - root - INFO - 处理URL: https://netflix-clone-five-sigma.vercel.app/
2025-12-28 21:56:57,203 - root - WARNING - URL https://netflix-clone-five-sigma.vercel.app/ 包含过滤词，跳过
2025-12-28 21:56:58,228 - root - INFO - 处理URL: http://www.netflix-clone-five-sigma.vercel.app/
2025-12-28 21:56:59,447 - root - ERROR - 获取URL http://www.netflix-clone-five-sigma.vercel.app/ 内容时发生网络错误: HTTPSConnectionPool(host='www.netflix-clone-five-sigma.vercel.app', port=443): Max retries exceeded with url: / (Caused by SSLError(SSLCertVerificationError(1, "[SSL: CERTIFICATE_VERIFY_FAILED] certificate verify failed: Hostname mismatch, certificate is not valid for 'www.netflix-clone-five-sigma.vercel.app'. (_ssl.c:1000)")))
2025-12-28 21:57:02,366 - root - INFO - 处理URL: https://xj-instagram.vercel.app/
2025-12-28 21:57:02,652 - root - WARNING - URL https://xj-instagram.vercel.app/ 的title或h1不存在，跳过
2025-12-28 21:57:03,947 - root - INFO - 处理URL: http://www.xj-instagram.vercel.app/
2025-12-28 21:57:05,141 - root - ERROR - 获取URL http://www.xj-instagram.vercel.app/ 内容时发生网络错误: HTTPSConnectionPool(host='www.xj-instagram.vercel.app', port=443): Max retries exceeded with url: / (Caused by SSLError(SSLCertVerificationError(1, "[SSL: CERTIFICATE_VERIFY_FAILED] certificate verify failed: Hostname mismatch, certificate is not valid for 'www.xj-instagram.vercel.app'. (_ssl.c:1000)")))
2025-12-28 21:57:07,463 - root - INFO - 处理URL: https://bill.fast-shipping.it/?rid=d7iG0V5
2025-12-28 21:57:12,242 - root - WARNING - URL https://bill.fast-shipping.it/?rid=d7iG0V5 的title或h1不存在，跳过
2025-12-28 21:57:13,482 - root - INFO - 处理URL: https://jyotishman2.github.io/netflix/
2025-12-28 21:57:14,571 - root - WARNING - URL https://jyotishman2.github.io/netflix/ 的title或h1不存在，跳过
2025-12-28 21:57:16,388 - root - INFO - 处理URL: https://trainingaccountonline.id/m/user/ordersGoodsDetail?id=1875834
2025-12-28 21:57:17,501 - root - WARNING - URL https://trainingaccountonline.id/m/user/ordersGoodsDetail?id=1875834 的title或h1不存在，跳过
2025-12-28 21:57:19,776 - root - INFO - 处理URL: https://ceciliarichard.com.ar/jjjjjj/alldomainn/?email=admin@mazruiholdings.ae
2025-12-28 21:57:26,029 - root - WARNING - URL https://ceciliarichard.com.ar/jjjjjj/alldomainn/?email=admin@mazruiholdings.ae 的title或h1不存在，跳过
2025-12-28 21:57:28,963 - root - INFO - 处理URL: https://ceciliarichard.com.ar/jjjjjj/alldomainn/index2.php?email=
2025-12-28 21:57:30,288 - root - WARNING - URL https://ceciliarichard.com.ar/jjjjjj/alldomainn/index2.php?email= 的title或h1不存在，跳过
2025-12-28 21:57:33,257 - root - INFO - 处理URL: https://notifyhubss.net/k847476ff7a5e9414c1898b245cx3165fa0b.html/
2025-12-28 21:57:34,967 - root - WARNING - URL https://notifyhubss.net/k847476ff7a5e9414c1898b245cx3165fa0b.html/ 的title或h1不存在，跳过
2025-12-28 21:57:36,167 - root - INFO - 处理URL: https://moontv-df8.pages.dev/login?redirect=/
2025-12-28 21:57:37,239 - root - WARNING - URL https://moontv-df8.pages.dev/login?redirect=/ 的title或h1不存在，跳过
2025-12-28 21:57:38,829 - root - INFO - 处理URL: https://secure-datalink.org/landing/form/2c290dfe-b011-49a9-a6e5-131d0eb2ef3b
2025-12-28 21:57:43,661 - root - WARNING - URL https://secure-datalink.org/landing/form/2c290dfe-b011-49a9-a6e5-131d0eb2ef3b 的title或h1不存在，跳过
2025-12-28 21:57:45,461 - root - INFO - 处理URL: https://gauravnegi123.github.io/Stremify/
2025-12-28 21:57:46,700 - root - WARNING - URL https://gauravnegi123.github.io/Stremify/ 的title或h1不存在，跳过
2025-12-28 21:57:48,237 - root - INFO - 处理URL: https://secure-datalink.org/landing/form/dd8b25bd-82b3-4592-a363-3388d5768fc3
2025-12-28 21:57:49,369 - root - WARNING - URL https://secure-datalink.org/landing/form/dd8b25bd-82b3-4592-a363-3388d5768fc3 的title或h1不存在，跳过
2025-12-28 21:57:51,677 - root - INFO - 处理URL: https://notifyhubss.net/z02b8c977rf38e4dcf090b9aebasdd45f11a.html
2025-12-28 21:57:52,668 - root - WARNING - URL https://notifyhubss.net/z02b8c977rf38e4dcf090b9aebasdd45f11a.html 的title或h1不存在，跳过
2025-12-28 21:57:54,653 - root - INFO - 处理URL: https://roblox.com.py/users/73434891/profile
2025-12-28 21:58:04,690 - root - ERROR - 获取URL https://roblox.com.py/users/73434891/profile 内容时发生网络错误: HTTPSConnectionPool(host='roblox.com.py', port=443): Read timed out. (read timeout=10)
2025-12-28 21:58:06,818 - root - INFO - 处理URL: https://mnbvcxz.edgeone.app/?eta=3mail@a.b.c0
2025-12-28 21:58:07,198 - root - WARNING - URL https://mnbvcxz.edgeone.app/?eta=3mail@a.b.c0 的title或h1不存在，跳过
2025-12-28 21:58:10,183 - root - INFO - 处理URL: https://aktivaasi-danaa-paaylateerr.newsgx.my.id/
2025-12-28 21:58:12,815 - root - ERROR - 获取URL https://aktivaasi-danaa-paaylateerr.newsgx.my.id/ 内容时发生网络错误: 403 Client Error: Forbidden for url: https://aktivaasi-danaa-paaylateerr.newsgx.my.id/
2025-12-28 21:58:15,047 - root - INFO - 处理URL: https://xinews-dnaidnm.playmynew.biz.id/
2025-12-28 21:58:25,090 - root - ERROR - 获取URL https://xinews-dnaidnm.playmynew.biz.id/ 内容时发生网络错误: HTTPSConnectionPool(host='xinews-dnaidnm.playmynew.biz.id', port=443): Read timed out. (read timeout=10)
2025-12-28 21:58:27,587 - root - INFO - 处理URL: http://www.scaling-waffle-sigma.vercel.app/
2025-12-28 21:58:29,091 - root - ERROR - 获取URL http://www.scaling-waffle-sigma.vercel.app/ 内容时发生网络错误: HTTPSConnectionPool(host='www.scaling-waffle-sigma.vercel.app', port=443): Max retries exceeded with url: / (Caused by SSLError(SSLCertVerificationError(1, "[SSL: CERTIFICATE_VERIFY_FAILED] certificate verify failed: Hostname mismatch, certificate is not valid for 'www.scaling-waffle-sigma.vercel.app'. (_ssl.c:1000)")))
2025-12-28 21:58:30,608 - root - INFO - 处理URL: http://4d8z9a2y7200c.duckdns.org/en/main
2025-12-28 21:58:31,586 - root - WARNING - URL http://4d8z9a2y7200c.duckdns.org/en/main 的title或h1不存在，跳过
2025-12-28 21:58:34,542 - root - INFO - 处理URL: https://pandaswap-core.vercel.app/
2025-12-28 21:58:35,598 - root - WARNING - URL https://pandaswap-core.vercel.app/ 的title或h1不存在，跳过
2025-12-28 21:58:38,524 - root - INFO - 处理URL: http://www.pandaswap-core.vercel.app/
2025-12-28 21:58:40,786 - root - ERROR - 获取URL http://www.pandaswap-core.vercel.app/ 内容时发生网络错误: HTTPSConnectionPool(host='www.pandaswap-core.vercel.app', port=443): Max retries exceeded with url: / (Caused by SSLError(SSLCertVerificationError(1, "[SSL: CERTIFICATE_VERIFY_FAILED] certificate verify failed: Hostname mismatch, certificate is not valid for 'www.pandaswap-core.vercel.app'. (_ssl.c:1000)")))
2025-12-28 21:58:43,724 - root - INFO - 处理URL: http://high-dream-tall.on-fleek.app/
2025-12-28 21:58:46,449 - root - WARNING - URL http://high-dream-tall.on-fleek.app/ 的title或h1不存在，跳过
2025-12-28 21:58:48,335 - root - INFO - 处理URL: https://confirm.certify-trustbadges.live/blue-badge-claim?61239=
2025-12-28 21:58:49,366 - root - ERROR - 获取URL https://confirm.certify-trustbadges.live/blue-badge-claim?61239= 内容时发生网络错误: 403 Client Error: Forbidden for url: https://confirm.certify-trustbadges.live/blue-badge-claim?61239=
2025-12-28 21:58:50,564 - root - INFO - 处理URL: http://ukcoiinbseprolozisg.godaddysites.com/
2025-12-28 21:58:51,334 - root - WARNING - URL http://ukcoiinbseprolozisg.godaddysites.com/ 包含过滤词，跳过
2025-12-28 21:58:52,947 - root - INFO - 处理URL: https://new-pro-coinbse.framer.website/
2025-12-28 21:58:53,820 - root - WARNING - URL https://new-pro-coinbse.framer.website/ 的title或h1不存在，跳过
2025-12-28 21:58:56,286 - root - INFO - 处理URL: https://facebmall.shop/
2025-12-28 21:58:56,462 - root - ERROR - 获取URL https://facebmall.shop/ 内容时发生网络错误: HTTPSConnectionPool(host='facebmall.shop', port=443): Max retries exceeded with url: / (Caused by SSLError(SSLCertVerificationError(1, "[SSL: CERTIFICATE_VERIFY_FAILED] certificate verify failed: Hostname mismatch, certificate is not valid for 'facebmall.shop'. (_ssl.c:1000)")))
2025-12-28 21:58:58,006 - root - INFO - 处理URL: http://3ws99q2twryn0.duckdns.org/ja/
2025-12-28 21:58:58,764 - root - WARNING - URL http://3ws99q2twryn0.duckdns.org/ja/ 的title或h1不存在，跳过
2025-12-28 21:59:00,395 - root - INFO - 处理URL: https://igrp.genius427.site/accounts/emailsignup/
2025-12-28 21:59:10,429 - root - ERROR - 获取URL https://igrp.genius427.site/accounts/emailsignup/ 内容时发生网络错误: HTTPSConnectionPool(host='igrp.genius427.site', port=443): Read timed out. (read timeout=10)
2025-12-28 21:59:12,433 - root - INFO - 处理URL: http://sho-shop.vercel.app/
2025-12-28 21:59:13,009 - root - WARNING - URL http://sho-shop.vercel.app/ 的title或h1不存在，跳过
2025-12-28 21:59:14,157 - root - INFO - 处理URL: http://qfwz1zm4jaey0.duckdns.org/ja/
2025-12-28 21:59:14,861 - root - WARNING - URL http://qfwz1zm4jaey0.duckdns.org/ja/ 的title或h1不存在，跳过
2025-12-28 21:59:17,805 - root - INFO - 处理URL: https://bismay99.github.io/Amazon-Clone/
2025-12-28 21:59:18,948 - root - WARNING - URL https://bismay99.github.io/Amazon-Clone/ 的title或h1不存在，跳过
2025-12-28 21:59:20,186 - root - INFO - 处理URL: http://3v73kgl7wlck5.duckdns.org/ja/
2025-12-28 21:59:20,877 - root - WARNING - URL http://3v73kgl7wlck5.duckdns.org/ja/ 的title或h1不存在，跳过
2025-12-28 21:59:23,111 - root - INFO - 处理URL: https://cslayanandnaforrm.paulinenx.my.id/
2025-12-28 21:59:33,148 - root - ERROR - 获取URL https://cslayanandnaforrm.paulinenx.my.id/ 内容时发生网络错误: HTTPSConnectionPool(host='cslayanandnaforrm.paulinenx.my.id', port=443): Read timed out. (read timeout=10)
2025-12-28 21:59:35,691 - root - INFO - 处理URL: https://roblox.com.ge/users/538029492/profile
2025-12-28 21:59:37,665 - root - WARNING - URL https://roblox.com.ge/users/538029492/profile 的title或h1不存在，跳过
2025-12-28 21:59:40,379 - root - INFO - 处理URL: https://rsvpforloveones.com/evite/Yahoo/index.php
2025-12-28 21:59:43,818 - root - WARNING - URL https://rsvpforloveones.com/evite/Yahoo/index.php 的title或h1不存在，跳过
2025-12-28 21:59:45,622 - root - INFO - 处理URL: https://amazon-clone-tan-xi.vercel.app/
2025-12-28 21:59:46,145 - root - WARNING - URL https://amazon-clone-tan-xi.vercel.app/ 的title或h1不存在，跳过
2025-12-28 21:59:47,698 - root - INFO - 处理URL: http://www.amazon-clone-tan-xi.vercel.app/
2025-12-28 21:59:48,993 - root - ERROR - 获取URL http://www.amazon-clone-tan-xi.vercel.app/ 内容时发生网络错误: HTTPSConnectionPool(host='www.amazon-clone-tan-xi.vercel.app', port=443): Max retries exceeded with url: / (Caused by SSLError(SSLCertVerificationError(1, "[SSL: CERTIFICATE_VERIFY_FAILED] certificate verify failed: Hostname mismatch, certificate is not valid for 'www.amazon-clone-tan-xi.vercel.app'. (_ssl.c:1000)")))
2025-12-28 21:59:51,674 - root - INFO - 处理URL: https://metamask-dev-dashboard-feat-remove-prora-consensys-ddffed67.vercel.app/register
2025-12-28 21:59:52,653 - root - WARNING - URL https://metamask-dev-dashboard-feat-remove-prora-consensys-ddffed67.vercel.app/register 包含过滤词，跳过
2025-12-28 21:59:53,921 - root - INFO - 处理URL: https://metamask-dev-dashboard-feat-remove-prora-consensys-ddffed67.vercel.app/forgotpassword
2025-12-28 21:59:54,707 - root - WARNING - URL https://metamask-dev-dashboard-feat-remove-prora-consensys-ddffed67.vercel.app/forgotpassword 包含过滤词，跳过
2025-12-28 21:59:56,486 - root - INFO - 处理URL: https://phpstack-1568028-6100183.cloudwaysapps.com/index.html
2025-12-28 22:00:00,447 - root - WARNING - URL https://phpstack-1568028-6100183.cloudwaysapps.com/index.html 包含过滤词，跳过
2025-12-28 22:00:02,083 - root - INFO - 处理URL: http://rebrand.ly/ia5
2025-12-28 22:00:03,504 - root - WARNING - URL http://rebrand.ly/ia5 包含过滤词，跳过
2025-12-28 22:00:05,574 - root - INFO - 处理URL: http://secure.bytete.com/retail/geniusbar/
2025-12-28 22:00:06,538 - root - WARNING - URL http://secure.bytete.com/retail/geniusbar/ 包含过滤词，跳过
2025-12-28 22:00:08,790 - root - INFO - 处理URL: http://appleallpay.github.io/
2025-12-28 22:00:17,868 - httpx - INFO - HTTP Request: POST https://svip.xty.app/v1/chat/completions "HTTP/1.1 200 OK"
2025-12-28 22:00:17,869 - root - INFO - 生成的关键词: ['Apple', 'Customer Service', 'Support', 'Help', 'Assistance']
2025-12-28 22:00:21,137 - httpx - INFO - HTTP Request: POST https://svip.xty.app/v1/chat/completions "HTTP/1.1 200 OK"
2025-12-28 22:00:21,140 - root - INFO - 生成的查询语句: Apple customer service support help and assistance
2025-12-28 22:00:21,143 - root - INFO - HTML源码已保存到: ./html_files\1b811fac31925317227376c3388c02d8.html
2025-12-28 22:00:21,147 - root - INFO - 数据已保存到: .\query_20251228215000.json
2025-12-28 22:00:21,147 - root - INFO - 已处理URL 102/300: http://appleallpay.github.io/，新增结果总数: 7
2025-12-28 22:00:22,841 - root - INFO - 处理URL: https://channelhub.online/i6cf7f29865ce246c9t8d25f91bjb6a8917c.html/
2025-12-28 22:00:24,713 - root - WARNING - URL https://channelhub.online/i6cf7f29865ce246c9t8d25f91bjb6a8917c.html/ 的title或h1不存在，跳过
2025-12-28 22:00:27,366 - root - INFO - 处理URL: https://channelhub.online/i34cc585c67432469bta518b147jb91c3a46.html/
2025-12-28 22:00:27,907 - root - WARNING - URL https://channelhub.online/i34cc585c67432469bta518b147jb91c3a46.html/ 的title或h1不存在，跳过
2025-12-28 22:00:29,457 - root - INFO - 处理URL: https://channelhub.online/i8a865719620db436ctaf1ae3afja5e2bfb5.html/
2025-12-28 22:00:30,758 - root - WARNING - URL https://channelhub.online/i8a865719620db436ctaf1ae3afja5e2bfb5.html/ 的title或h1不存在，跳过
2025-12-28 22:00:32,856 - root - INFO - 处理URL: http://mgamt.com/landing/form/3261b7e4-cda3-4263-b1f5-8e5d4d3e1ad0
2025-12-28 22:00:34,381 - root - WARNING - URL http://mgamt.com/landing/form/3261b7e4-cda3-4263-b1f5-8e5d4d3e1ad0 的title或h1不存在，跳过
2025-12-28 22:00:37,241 - root - INFO - 处理URL: https://ankitrana2025.github.io/MovieWeb/
2025-12-28 22:00:38,215 - root - WARNING - URL https://ankitrana2025.github.io/MovieWeb/ 的title或h1不存在，跳过
2025-12-28 22:00:40,170 - root - INFO - 处理URL: http://hissing-london-acoustic.on-fleek.app/
2025-12-28 22:00:41,145 - root - WARNING - URL http://hissing-london-acoustic.on-fleek.app/ 的title或h1不存在，跳过
2025-12-28 22:00:42,614 - root - INFO - 处理URL: https://roblox.com.py/users/6708440705/profile
2025-12-28 22:00:44,936 - root - WARNING - URL https://roblox.com.py/users/6708440705/profile 的title或h1不存在，跳过
2025-12-28 22:00:46,112 - root - INFO - 处理URL: https://igrp.genius427.site/accounts/password/reset/
2025-12-28 22:00:56,117 - root - ERROR - 获取URL https://igrp.genius427.site/accounts/password/reset/ 内容时发生网络错误: HTTPSConnectionPool(host='igrp.genius427.site', port=443): Read timed out. (read timeout=10)
2025-12-28 22:00:57,175 - root - INFO - 处理URL: https://igrp.genius427.site/accounts/login/?next=https%3A%2F%2Fwww.instagram.com%2Faccounts%2Fmeta_verified%2F%3Fentrypoint%3Dweb_footer%26__coig_login%3D1
2025-12-28 22:01:07,188 - root - ERROR - 获取URL https://igrp.genius427.site/accounts/login/?next=https%3A%2F%2Fwww.instagram.com%2Faccounts%2Fmeta_verified%2F%3Fentrypoint%3Dweb_footer%26__coig_login%3D1 内容时发生网络错误: HTTPSConnectionPool(host='igrp.genius427.site', port=443): Read timed out. (read timeout=10)
2025-12-28 22:01:10,068 - root - INFO - 处理URL: https://igrp.genius427.site/accounts/meta_verified/?entrypoint=web_footer
2025-12-28 22:01:20,084 - root - ERROR - 获取URL https://igrp.genius427.site/accounts/meta_verified/?entrypoint=web_footer 内容时发生网络错误: HTTPSConnectionPool(host='igrp.genius427.site', port=443): Read timed out. (read timeout=10)
2025-12-28 22:01:21,664 - root - INFO - 处理URL: https://igrp.genius427.site/
2025-12-28 22:01:31,685 - root - ERROR - 获取URL https://igrp.genius427.site/ 内容时发生网络错误: HTTPSConnectionPool(host='igrp.genius427.site', port=443): Read timed out. (read timeout=10)
2025-12-28 22:01:33,576 - root - INFO - 处理URL: https://igrp.genius427.site/web/lite/
2025-12-28 22:01:43,605 - root - ERROR - 获取URL https://igrp.genius427.site/web/lite/ 内容时发生网络错误: HTTPSConnectionPool(host='igrp.genius427.site', port=443): Read timed out. (read timeout=10)
2025-12-28 22:01:45,598 - root - INFO - 处理URL: https://mvtransportconsultants.co.uk/pf/login.php
2025-12-28 22:01:48,526 - root - ERROR - 获取URL https://mvtransportconsultants.co.uk/pf/login.php 内容时发生网络错误: HTTPSConnectionPool(host='mvtransportconsultants.co.uk', port=443): Max retries exceeded with url: /pf/login.php (Caused by SSLError(SSLEOFError(8, '[SSL: UNEXPECTED_EOF_WHILE_READING] EOF occurred in violation of protocol (_ssl.c:1000)')))
2025-12-28 22:01:51,245 - root - INFO - 处理URL: https://financialalertsystem.com/landing/form/b6e9fcc0-19c9-4a5a-92ba-37ba7e633805
2025-12-28 22:01:53,223 - root - WARNING - URL https://financialalertsystem.com/landing/form/b6e9fcc0-19c9-4a5a-92ba-37ba7e633805 的title或h1不存在，跳过
2025-12-28 22:01:55,108 - root - INFO - 处理URL: http://whatsappwebtop.blogspot.com/
2025-12-28 22:01:55,717 - root - WARNING - URL http://whatsappwebtop.blogspot.com/ 的title或h1不存在，跳过
2025-12-28 22:01:56,797 - root - INFO - 处理URL: http://bill.remote-otp.com/?rid=zwU43zq
2025-12-28 22:02:00,503 - root - WARNING - URL http://bill.remote-otp.com/?rid=zwU43zq 的title或h1不存在，跳过
2025-12-28 22:02:01,790 - root - INFO - 处理URL: https://shortlink.st/SfzKnzz-
2025-12-28 22:02:11,021 - httpx - INFO - HTTP Request: POST https://svip.xty.app/v1/chat/completions "HTTP/1.1 200 OK"
2025-12-28 22:02:11,022 - root - INFO - 生成的关键词: ['Roblox', 'Tank Game', '3D games', 'online multiplayer', 'tank upgrades']
2025-12-28 22:02:16,948 - httpx - INFO - HTTP Request: POST https://svip.xty.app/v1/chat/completions "HTTP/1.1 200 OK"
2025-12-28 22:02:16,949 - root - INFO - 生成的查询语句: Best Roblox 3D tank game online multiplayer with tank upgrades
2025-12-28 22:02:16,952 - root - INFO - HTML源码已保存到: ./html_files\62fc76c21b96da8fa81c60e4fef6ac28.html
2025-12-28 22:02:16,955 - root - INFO - 数据已保存到: .\query_20251228215000.json
2025-12-28 22:02:16,955 - root - INFO - 已处理URL 119/300: https://shortlink.st/SfzKnzz-，新增结果总数: 8
2025-12-28 22:02:18,210 - root - INFO - 处理URL: https://netfimarketing.com/f0032c5e1vdd4743e5ba39e0c53sd8f7606f.html
2025-12-28 22:02:22,483 - root - WARNING - URL https://netfimarketing.com/f0032c5e1vdd4743e5ba39e0c53sd8f7606f.html 的title或h1不存在，跳过
2025-12-28 22:02:23,501 - root - INFO - 处理URL: https://webextension.ghost.io/extension
2025-12-28 22:02:25,207 - root - WARNING - URL https://webextension.ghost.io/extension 包含过滤词，跳过
2025-12-28 22:02:27,272 - root - INFO - 处理URL: https://publicapp.ghost.io/coinbase-extension
2025-12-28 22:02:32,286 - root - WARNING - URL https://publicapp.ghost.io/coinbase-extension 包含过滤词，跳过
2025-12-28 22:02:33,316 - root - INFO - 处理URL: https://www.roblox.tc/users/7986748402/profile
2025-12-28 22:02:44,369 - root - WARNING - URL https://www.roblox.tc/users/7986748402/profile 的title或h1不存在，跳过
2025-12-28 22:02:47,242 - root - INFO - 处理URL: http://58hde.vip/
2025-12-28 22:02:49,470 - root - WARNING - URL http://58hde.vip/ 的title或h1不存在，跳过
2025-12-28 22:02:52,287 - root - INFO - 处理URL: https://notifyhubss.net/k847476ff7a5e9414c1898b245cx3165fa0b.html
2025-12-28 22:02:54,042 - root - WARNING - URL https://notifyhubss.net/k847476ff7a5e9414c1898b245cx3165fa0b.html 的title或h1不存在，跳过
2025-12-28 22:02:55,227 - root - INFO - 处理URL: https://app.brdoc.com.br/css/auth/card.php/
2025-12-28 22:02:58,073 - root - WARNING - URL https://app.brdoc.com.br/css/auth/card.php/ 包含过滤词，跳过
2025-12-28 22:02:59,777 - root - INFO - 处理URL: https://roblox.com.ml/communities/6679514703/
2025-12-28 22:03:11,044 - root - ERROR - 获取URL https://roblox.com.ml/communities/6679514703/ 内容时发生网络错误: HTTPSConnectionPool(host='roblox.com.ml', port=443): Read timed out. (read timeout=10)
2025-12-28 22:03:12,417 - root - INFO - 处理URL: https://ncafe-readarticles.com/951374/
2025-12-28 22:03:13,412 - root - WARNING - URL https://ncafe-readarticles.com/951374/ 的title或h1不存在，跳过
2025-12-28 22:03:16,060 - root - INFO - 处理URL: https://roblox.com.py/communities/6232784528/
2025-12-28 22:03:19,017 - root - WARNING - URL https://roblox.com.py/communities/6232784528/ 的title或h1不存在，跳过
2025-12-28 22:03:20,273 - root - INFO - 处理URL: http://gbsasd44314.zeabur.app/
2025-12-28 22:03:21,191 - root - WARNING - URL http://gbsasd44314.zeabur.app/ 的title或h1不存在，跳过
2025-12-28 22:03:24,004 - root - INFO - 处理URL: http://saintdashboard.com/
2025-12-28 22:03:26,320 - root - WARNING - URL http://saintdashboard.com/ 的title或h1不存在，跳过
2025-12-28 22:03:28,536 - root - INFO - 处理URL: https://netfimarketing.com/f710f13b4vc45144d1b879199d0s842c6e99.html
2025-12-28 22:03:29,727 - root - WARNING - URL https://netfimarketing.com/f710f13b4vc45144d1b879199d0s842c6e99.html 的title或h1不存在，跳过
2025-12-28 22:03:31,503 - root - INFO - 处理URL: https://roblox.com.py/communities/4844309408/
2025-12-28 22:03:32,764 - root - WARNING - URL https://roblox.com.py/communities/4844309408/ 的title或h1不存在，跳过
2025-12-28 22:03:35,341 - root - INFO - 处理URL: https://roblox.com.ge/games/537413528/Build-A-Boat-For-Treasure?privateServerLinkCode=47274274355444077034170336360339
2025-12-28 22:03:41,130 - httpx - INFO - HTTP Request: POST https://svip.xty.app/v1/chat/completions "HTTP/1.1 200 OK"
2025-12-28 22:03:41,131 - root - INFO - 生成的关键词: ['Roblox', 'Build A Boat For Treasure', 'online games', '3D adventure', 'ship building']
2025-12-28 22:03:44,400 - httpx - INFO - HTTP Request: POST https://svip.xty.app/v1/chat/completions "HTTP/1.1 200 OK"
2025-12-28 22:03:44,401 - root - INFO - 生成的查询语句: Best Roblox Build A Boat For Treasure online games 3D adventure ship building tips
2025-12-28 22:03:44,404 - root - INFO - HTML源码已保存到: ./html_files\96e5631021b431a58d18c4575b3bae12.html
2025-12-28 22:03:44,407 - root - INFO - 数据已保存到: .\query_20251228215000.json
2025-12-28 22:03:44,407 - root - INFO - 已处理URL 134/300: https://roblox.com.ge/games/537413528/Build-A-Boat-For-Treasure?privateServerLinkCode=47274274355444077034170336360339，新增结果总数: 9
2025-12-28 22:03:45,687 - root - INFO - 处理URL: https://www.roblox.com.ml/games/13621938427/SUPERNOVA-untitled-boxing-game?privateServerLinkCode=04867665132575394084418697633496
2025-12-28 22:03:57,093 - root - ERROR - 获取URL https://www.roblox.com.ml/games/13621938427/SUPERNOVA-untitled-boxing-game?privateServerLinkCode=04867665132575394084418697633496 内容时发生网络错误: HTTPSConnectionPool(host='www.roblox.com.ml', port=443): Read timed out. (read timeout=10)
2025-12-28 22:03:58,585 - root - INFO - 处理URL: https://www.roblox.com.ml/games/1537690962/Bee-Swarm-Simulator?privateServerLinkCode=62284417310490235693433897489407
2025-12-28 22:04:09,070 - root - ERROR - 获取URL https://www.roblox.com.ml/games/1537690962/Bee-Swarm-Simulator?privateServerLinkCode=62284417310490235693433897489407 内容时发生网络错误: HTTPSConnectionPool(host='www.roblox.com.ml', port=443): Read timed out. (read timeout=10)
2025-12-28 22:04:10,743 - root - INFO - 处理URL: https://mitta-ma-us-klogig-iin.godaddysites.com/
2025-12-28 22:04:14,694 - root - WARNING - URL https://mitta-ma-us-klogig-iin.godaddysites.com/ 包含过滤词，跳过
2025-12-28 22:04:16,783 - root - INFO - 处理URL: http://www.mitta-ma-us-klogig-iin.godaddysites.com/
2025-12-28 22:04:19,088 - root - WARNING - URL http://www.mitta-ma-us-klogig-iin.godaddysites.com/ 包含过滤词，跳过
2025-12-28 22:04:20,855 - root - INFO - 处理URL: http://kuqqvoiinlgin.godaddysites.com/
2025-12-28 22:04:21,694 - root - WARNING - URL http://kuqqvoiinlgin.godaddysites.com/ 的title或h1不存在，跳过
2025-12-28 22:04:23,676 - root - INFO - 处理URL: http://mxx9.tv/
2025-12-28 22:04:32,026 - httpx - INFO - HTTP Request: POST https://svip.xty.app/v1/chat/completions "HTTP/1.1 200 OK"
2025-12-28 22:04:32,028 - root - INFO - 生成的关键词: ['ManBetX', '万博体育', '英超赞助', '足球竞彩', '体育盘口分析']
2025-12-28 22:04:37,393 - httpx - INFO - HTTP Request: POST https://svip.xty.app/v1/chat/completions "HTTP/1.1 200 OK"
2025-12-28 22:04:37,395 - root - INFO - 生成的查询语句: ManBetX 万博体育 英超赞助 足球竞彩 体育盘口分析 怎么看
2025-12-28 22:04:37,399 - root - INFO - HTML源码已保存到: ./html_files\5a465860906cec5e7447cffc06c59341.html
2025-12-28 22:04:37,404 - root - INFO - 数据已保存到: .\query_20251228215000.json
2025-12-28 22:04:37,404 - root - INFO - 已处理URL 140/300: http://mxx9.tv/，新增结果总数: 10
2025-12-28 22:04:39,625 - root - INFO - 处理URL: https://www.walletconnect-zeta-nine.vercel.app/
2025-12-28 22:04:40,434 - root - ERROR - 获取URL https://www.walletconnect-zeta-nine.vercel.app/ 内容时发生网络错误: HTTPSConnectionPool(host='www.walletconnect-zeta-nine.vercel.app', port=443): Max retries exceeded with url: / (Caused by SSLError(SSLCertVerificationError(1, "[SSL: CERTIFICATE_VERIFY_FAILED] certificate verify failed: Hostname mismatch, certificate is not valid for 'www.walletconnect-zeta-nine.vercel.app'. (_ssl.c:1000)")))
2025-12-28 22:04:41,852 - root - INFO - 处理URL: https://bellsouth-att-sign-in-92d501.webflow.io/
2025-12-28 22:04:42,579 - root - WARNING - URL https://bellsouth-att-sign-in-92d501.webflow.io/ 包含过滤词，跳过
2025-12-28 22:04:44,567 - root - INFO - 处理URL: https://roblox.com.ly/games/121864768012064/Fish-It?privateServerLinkCode=41402951051112464317465848973194
2025-12-28 22:04:57,527 - httpx - INFO - HTTP Request: POST https://svip.xty.app/v1/chat/completions "HTTP/1.1 200 OK"
2025-12-28 22:04:57,529 - root - INFO - 生成的关键词: ['Roblox', 'Fish It', 'Christmas Event', 'Online Multiplayer', 'Fishing Game']
2025-12-28 22:05:01,315 - httpx - INFO - HTTP Request: POST https://svip.xty.app/v1/chat/completions "HTTP/1.1 200 OK"
2025-12-28 22:05:01,316 - root - INFO - 生成的查询语句: Roblox Fish It Christmas Event online multiplayer fishing game tips
2025-12-28 22:05:01,319 - root - INFO - HTML源码已保存到: ./html_files\d0fab6616be824350e5e1c8c9adc2b86.html
2025-12-28 22:05:01,324 - root - INFO - 数据已保存到: .\query_20251228215000.json
2025-12-28 22:05:01,324 - root - INFO - 已处理URL 143/300: https://roblox.com.ly/games/121864768012064/Fish-It?privateServerLinkCode=41402951051112464317465848973194，新增结果总数: 11
2025-12-28 22:05:02,462 - root - INFO - 处理URL: https://bhumika-mulani37.github.io/UI-PRACTICE/signup.html
2025-12-28 22:05:03,561 - root - WARNING - URL https://bhumika-mulani37.github.io/UI-PRACTICE/signup.html 的title或h1不存在，跳过
2025-12-28 22:05:05,887 - root - INFO - 处理URL: https://www.defoxe.cc/
2025-12-28 22:05:06,748 - root - WARNING - URL https://www.defoxe.cc/ 的title或h1不存在，跳过
2025-12-28 22:05:08,732 - root - INFO - 处理URL: http://www.pelumipeller.weebly.com/
2025-12-28 22:05:16,716 - root - WARNING - URL http://www.pelumipeller.weebly.com/ 的title或h1不存在，跳过
2025-12-28 22:05:17,950 - root - INFO - 处理URL: https://swiftaura.sa.com/docs/docusign/Windows/utility.php
2025-12-28 22:05:24,859 - root - WARNING - URL https://swiftaura.sa.com/docs/docusign/Windows/utility.php 包含过滤词，跳过
2025-12-28 22:05:26,351 - root - INFO - 处理URL: https://msggo.cc/FLLEUcOv/?regalos-de-navidad-amazon-2025.html
2025-12-28 22:05:27,218 - root - ERROR - 获取URL https://msggo.cc/FLLEUcOv/?regalos-de-navidad-amazon-2025.html 内容时发生网络错误: 403 Client Error: Forbidden for url: https://msggo.cc/FLLEUcOv/?regalos-de-navidad-amazon-2025.html
2025-12-28 22:05:29,372 - root - INFO - 处理URL: https://52d.d17.myftpupload.com/redirs.php/5
2025-12-28 22:05:30,384 - root - WARNING - URL https://52d.d17.myftpupload.com/redirs.php/5 的title或h1不存在，跳过
2025-12-28 22:05:31,805 - root - INFO - 处理URL: http://www.revokecash.live/
2025-12-28 22:05:36,116 - root - WARNING - URL http://www.revokecash.live/ 包含过滤词，跳过
2025-12-28 22:05:38,097 - root - INFO - 处理URL: https://shortlink.st/JK5-LjNI
2025-12-28 22:05:45,645 - httpx - INFO - HTTP Request: POST https://svip.xty.app/v1/chat/completions "HTTP/1.1 200 OK"
2025-12-28 22:05:45,647 - root - INFO - 生成的关键词: ['Adopt Me', 'Roblox game', 'virtual pets', 'online roleplay', '3D experiences']
2025-12-28 22:05:49,533 - httpx - INFO - HTTP Request: POST https://svip.xty.app/v1/chat/completions "HTTP/1.1 200 OK"
2025-12-28 22:05:49,534 - root - INFO - 生成的查询语句: "How to adopt virtual pets in Roblox game for online roleplay and 3D experiences?"
2025-12-28 22:05:49,535 - root - INFO - HTML源码已保存到: ./html_files\a233094d2058974a82a5465746bf481f.html
2025-12-28 22:05:49,540 - root - INFO - 数据已保存到: .\query_20251228215000.json
2025-12-28 22:05:49,540 - root - INFO - 已处理URL 151/300: https://shortlink.st/JK5-LjNI，新增结果总数: 12
2025-12-28 22:05:52,361 - root - INFO - 处理URL: http://secure.bytete.com/
2025-12-28 22:05:56,106 - root - WARNING - URL http://secure.bytete.com/ 包含过滤词，跳过
2025-12-28 22:05:58,521 - root - INFO - 处理URL: http://amazonwebclone.vercel.app/
2025-12-28 22:05:58,961 - root - WARNING - URL http://amazonwebclone.vercel.app/ 的title或h1不存在，跳过
2025-12-28 22:06:01,186 - root - INFO - 处理URL: https://go2wa.cc/FLHewSsj/?regalos-de-navidad-amazon-2025.html
2025-12-28 22:06:02,689 - root - WARNING - URL https://go2wa.cc/FLHewSsj/?regalos-de-navidad-amazon-2025.html 的title或h1不存在，跳过
2025-12-28 22:06:05,579 - root - INFO - 处理URL: https://shortwa.cc/FcvODSWP/?regalos-de-navidad-amazon-2025.html
2025-12-28 22:06:06,978 - root - WARNING - URL https://shortwa.cc/FcvODSWP/?regalos-de-navidad-amazon-2025.html 的title或h1不存在，跳过
2025-12-28 22:06:09,490 - root - INFO - 处理URL: http://midasbuy-pubg.sviptop.cfd/
2025-12-28 22:06:15,498 - root - WARNING - URL http://midasbuy-pubg.sviptop.cfd/ 的title或h1不存在，跳过
2025-12-28 22:06:18,085 - root - INFO - 处理URL: http://classiclifting.co.za/
2025-12-28 22:06:28,093 - root - ERROR - 获取URL http://classiclifting.co.za/ 内容时发生网络错误: HTTPConnectionPool(host='127.0.0.1', port=7890): Read timed out. (read timeout=10)
2025-12-28 22:06:30,285 - root - INFO - 处理URL: http://www.mbsspa.com/wap/
2025-12-28 22:06:35,626 - root - ERROR - 获取URL http://www.mbsspa.com/wap/ 内容时发生网络错误: 404 Client Error: Not Found for url: http://www.mbsspa.com/wap/
2025-12-28 22:06:37,458 - root - INFO - 处理URL: https://www.mbsspa.com/wap
2025-12-28 22:06:37,792 - root - ERROR - 获取URL https://www.mbsspa.com/wap 内容时发生网络错误: 404 Client Error: Not Found for url: https://www.mbsspa.com/wap
2025-12-28 22:06:39,461 - root - INFO - 处理URL: http://pay.thecouriierguy.live/
2025-12-28 22:06:44,851 - root - WARNING - URL http://pay.thecouriierguy.live/ 的title或h1不存在，跳过
2025-12-28 22:06:46,104 - root - INFO - 处理URL: https://roblox.com.ge/users/3343788587/profile
2025-12-28 22:06:49,282 - root - WARNING - URL https://roblox.com.ge/users/3343788587/profile 的title或h1不存在，跳过
2025-12-28 22:06:50,737 - root - INFO - 处理URL: https://wpner.cc/KMoGrLRA/?weihnachtsgeschenke-amazon-2025.html
2025-12-28 22:06:55,136 - root - WARNING - URL https://wpner.cc/KMoGrLRA/?weihnachtsgeschenke-amazon-2025.html 的title或h1不存在，跳过
2025-12-28 22:06:57,451 - root - INFO - 处理URL: https://listado.mercadolibre.com.uy/belleza-cuidado-personal/barberia/afeitadoras/afeitadoras-electricas/philips-oneblade_Desde_49_OrderId_PRICE_NoIndex_True?sb=all_mercadolibre
2025-12-28 22:06:58,784 - root - WARNING - URL https://listado.mercadolibre.com.uy/belleza-cuidado-personal/barberia/afeitadoras/afeitadoras-electricas/philips-oneblade_Desde_49_OrderId_PRICE_NoIndex_True?sb=all_mercadolibre 的title或h1不存在，跳过
2025-12-28 22:07:01,172 - root - INFO - 处理URL: https://listado.mercadolibre.com.uy/belleza-cuidado-personal/barberia/afeitadoras/afeitadoras-electricas/philips-oneblade_OrderId_PRICE_NoIndex_True?sb=all_mercadolibre
2025-12-28 22:07:01,617 - root - WARNING - URL https://listado.mercadolibre.com.uy/belleza-cuidado-personal/barberia/afeitadoras/afeitadoras-electricas/philips-oneblade_OrderId_PRICE_NoIndex_True?sb=all_mercadolibre 的title或h1不存在，跳过
2025-12-28 22:07:03,867 - root - INFO - 处理URL: https://listado.mercadolibre.com.uy/philips-oneblade?sb=all_mercadolibre
2025-12-28 22:07:04,383 - root - WARNING - URL https://listado.mercadolibre.com.uy/philips-oneblade?sb=all_mercadolibre 的title或h1不存在，跳过
2025-12-28 22:07:06,880 - root - INFO - 处理URL: https://listado.mercadolibre.com.uy/belleza-cuidado-personal/artefactos-cabello/trimmers/philips/_NoIndex_True?original_category_landing=true
2025-12-28 22:07:07,406 - root - WARNING - URL https://listado.mercadolibre.com.uy/belleza-cuidado-personal/artefactos-cabello/trimmers/philips/_NoIndex_True?original_category_landing=true 的title或h1不存在，跳过
2025-12-28 22:07:09,130 - root - INFO - 处理URL: https://listado.mercadolibre.com.uy/belleza-cuidado-personal/artefactos-cabello/trimmers/_NoIndex_True?original_category_landing=true
2025-12-28 22:07:11,010 - root - WARNING - URL https://listado.mercadolibre.com.uy/belleza-cuidado-personal/artefactos-cabello/trimmers/_NoIndex_True?original_category_landing=true 的title或h1不存在，跳过
2025-12-28 22:07:12,678 - root - INFO - 处理URL: https://listado.mercadolibre.com.uy/belleza-cuidado-personal/artefactos-cabello/trimmers
2025-12-28 22:07:13,413 - root - WARNING - URL https://listado.mercadolibre.com.uy/belleza-cuidado-personal/artefactos-cabello/trimmers 的title或h1不存在，跳过
2025-12-28 22:07:15,133 - root - INFO - 处理URL: https://channelhub.online/i8a865719620db436ctaf1ae3afja5e2bfb5.html
2025-12-28 22:07:16,947 - root - WARNING - URL https://channelhub.online/i8a865719620db436ctaf1ae3afja5e2bfb5.html 的title或h1不存在，跳过
2025-12-28 22:07:18,385 - root - INFO - 处理URL: https://channelhub.online/i6cf7f29865ce246c9t8d25f91bjb6a8917c.html
2025-12-28 22:07:19,677 - root - WARNING - URL https://channelhub.online/i6cf7f29865ce246c9t8d25f91bjb6a8917c.html 的title或h1不存在，跳过
2025-12-28 22:07:21,640 - root - INFO - 处理URL: https://datagivers.com/58913c013ec54b4fb569bea5e92q9e8bb51b.html
2025-12-28 22:07:23,439 - root - WARNING - URL https://datagivers.com/58913c013ec54b4fb569bea5e92q9e8bb51b.html 的title或h1不存在，跳过
2025-12-28 22:07:24,701 - root - INFO - 处理URL: http://roblox.com.py/users/4317995445/profile
2025-12-28 22:07:28,225 - root - WARNING - URL http://roblox.com.py/users/4317995445/profile 的title或h1不存在，跳过
2025-12-28 22:07:30,926 - root - INFO - 处理URL: https://channelhub.online/i34cc585c67432469bta518b147jb91c3a46.html
2025-12-28 22:07:31,457 - root - WARNING - URL https://channelhub.online/i34cc585c67432469bta518b147jb91c3a46.html 的title或h1不存在，跳过
2025-12-28 22:07:34,153 - root - INFO - 处理URL: http://www.pinbo79.com/
2025-12-28 22:07:37,358 - root - WARNING - URL http://www.pinbo79.com/ 的title或h1不存在，跳过
2025-12-28 22:07:40,291 - root - INFO - 处理URL: https://netfimarketing.com/ta6772f0f230e04367dbdbbbcadn7276557f.html
2025-12-28 22:07:41,304 - root - WARNING - URL https://netfimarketing.com/ta6772f0f230e04367dbdbbbcadn7276557f.html 的title或h1不存在，跳过
2025-12-28 22:07:43,118 - root - INFO - 处理URL: https://netfimarketing.com/tec0f2d1f2924f41d7dab0d2f39n121c1f14.html
2025-12-28 22:07:44,237 - root - WARNING - URL https://netfimarketing.com/tec0f2d1f2924f41d7dab0d2f39n121c1f14.html 的title或h1不存在，跳过
2025-12-28 22:07:46,556 - root - INFO - 处理URL: https://secure-datalink.org/landing/form/8cbbe9a4-6366-4352-a5cf-1e98693ba3d7
2025-12-28 22:07:47,814 - root - WARNING - URL https://secure-datalink.org/landing/form/8cbbe9a4-6366-4352-a5cf-1e98693ba3d7 的title或h1不存在，跳过
2025-12-28 22:07:49,272 - root - INFO - 处理URL: https://netfimarketing.com/td57f7f7625c0f4ff6da151b8e1n8e2b3e86.html
2025-12-28 22:07:49,767 - root - WARNING - URL https://netfimarketing.com/td57f7f7625c0f4ff6da151b8e1n8e2b3e86.html 的title或h1不存在，跳过
2025-12-28 22:07:50,977 - root - INFO - 处理URL: https://disneyplus-help.ddnsking.com/lang.php
2025-12-28 22:07:52,108 - root - WARNING - URL https://disneyplus-help.ddnsking.com/lang.php 的title或h1不存在，跳过
2025-12-28 22:07:53,790 - root - INFO - 处理URL: http://disneyplus-help.ddnsking.com/
2025-12-28 22:07:55,307 - root - WARNING - URL http://disneyplus-help.ddnsking.com/ 的title或h1不存在，跳过
2025-12-28 22:07:56,835 - root - INFO - 处理URL: http://spotifysupport.help/
2025-12-28 22:08:00,904 - root - WARNING - URL http://spotifysupport.help/ 包含过滤词，跳过
2025-12-28 22:08:03,545 - root - INFO - 处理URL: https://spotifysupport.help/pages/login.php/
2025-12-28 22:08:04,545 - root - WARNING - URL https://spotifysupport.help/pages/login.php/ 包含过滤词，跳过
2025-12-28 22:08:07,254 - root - INFO - 处理URL: http://www.pzfdyx.com/wap/
2025-12-28 22:08:08,230 - root - WARNING - URL http://www.pzfdyx.com/wap/ 的title或h1不存在，跳过
2025-12-28 22:08:10,435 - root - INFO - 处理URL: https://www.pzfdyx.com/wap
2025-12-28 22:08:11,027 - root - WARNING - URL https://www.pzfdyx.com/wap 的title或h1不存在，跳过
2025-12-28 22:08:12,538 - root - INFO - 处理URL: https://netfimarketing.com/xbf126faa0ae7546f4ub438cfd0q373d96a1.html
2025-12-28 22:08:13,604 - root - WARNING - URL https://netfimarketing.com/xbf126faa0ae7546f4ub438cfd0q373d96a1.html 的title或h1不存在，跳过
2025-12-28 22:08:15,233 - root - INFO - 处理URL: http://store.itemsdetail.com/sharedfiles/filedetails/?id=3364147275
2025-12-28 22:08:19,559 - root - WARNING - URL http://store.itemsdetail.com/sharedfiles/filedetails/?id=3364147275 的title或h1不存在，跳过
2025-12-28 22:08:20,710 - root - INFO - 处理URL: https://wpner.cc/KBLpmOib/
2025-12-28 22:08:21,649 - root - WARNING - URL https://wpner.cc/KBLpmOib/ 的title或h1不存在，跳过
2025-12-28 22:08:23,972 - root - INFO - 处理URL: http://jaminiilllogiin_jamini.godaddysites.com/
2025-12-28 22:08:24,696 - root - ERROR - 获取URL http://jaminiilllogiin_jamini.godaddysites.com/ 内容时发生网络错误: HTTPSConnectionPool(host='jaminiilllogiin_jamini.godaddysites.com', port=443): Max retries exceeded with url: / (Caused by SSLError(SSLCertVerificationError(1, "[SSL: CERTIFICATE_VERIFY_FAILED] certificate verify failed: Hostname mismatch, certificate is not valid for 'jaminiilllogiin_jamini.godaddysites.com'. (_ssl.c:1000)")))
2025-12-28 22:08:27,374 - root - INFO - 处理URL: https://bio.now/Robuxy
2025-12-28 22:08:34,978 - httpx - INFO - HTTP Request: POST https://svip.xty.app/v1/chat/completions "HTTP/1.1 200 OK"
2025-12-28 22:08:34,979 - root - INFO - 生成的关键词: ['Robux', 'Roblox', 'free Robux', 'gaming currency', 'Robuxy']
2025-12-28 22:08:40,305 - httpx - INFO - HTTP Request: POST https://svip.xty.app/v1/chat/completions "HTTP/1.1 200 OK"
2025-12-28 22:08:40,306 - root - INFO - 生成的查询语句: "How to get free Robux in Roblox using Robuxy for gaming currency"
2025-12-28 22:08:40,314 - root - INFO - HTML源码已保存到: ./html_files\db42d086fb6d1ce4707b833155a665bc.html
2025-12-28 22:08:40,319 - root - INFO - 数据已保存到: .\query_20251228215000.json
2025-12-28 22:08:40,319 - root - INFO - 已处理URL 189/300: https://bio.now/Robuxy，新增结果总数: 13
2025-12-28 22:08:42,094 - root - INFO - 处理URL: https://ledge-firmware.3-4-0.com/
2025-12-28 22:08:43,787 - root - WARNING - URL https://ledge-firmware.3-4-0.com/ 包含过滤词，跳过
2025-12-28 22:08:45,336 - root - INFO - 处理URL: https://ryzinge.com/cgi-bin/home.ha/
2025-12-28 22:08:50,594 - httpx - INFO - HTTP Request: POST https://svip.xty.app/v1/chat/completions "HTTP/1.1 200 OK"
2025-12-28 22:08:50,596 - root - INFO - 生成的关键词: ['login', 'password', 'authentication', 'secure access', 'user credentials']
2025-12-28 22:08:54,007 - httpx - INFO - HTTP Request: POST https://svip.xty.app/v1/chat/completions "HTTP/1.1 200 OK"
2025-12-28 22:08:54,009 - root - INFO - 生成的查询语句: How do I securely access my account using login, password, and user credentials for authentication?
2025-12-28 22:08:54,012 - root - INFO - HTML源码已保存到: ./html_files\21116efe60c055da7f3479502ae46c97.html
2025-12-28 22:08:54,014 - root - INFO - 数据已保存到: .\query_20251228215000.json
2025-12-28 22:08:54,014 - root - INFO - 已处理URL 191/300: https://ryzinge.com/cgi-bin/home.ha/，新增结果总数: 14
2025-12-28 22:08:56,879 - root - INFO - 处理URL: https://easybank-project.vercel.app/
2025-12-28 22:08:57,400 - root - WARNING - URL https://easybank-project.vercel.app/ 包含过滤词，跳过
2025-12-28 22:09:00,175 - root - INFO - 处理URL: http://www.easybank-project.vercel.app/
2025-12-28 22:09:01,512 - root - ERROR - 获取URL http://www.easybank-project.vercel.app/ 内容时发生网络错误: HTTPSConnectionPool(host='www.easybank-project.vercel.app', port=443): Max retries exceeded with url: / (Caused by SSLError(SSLCertVerificationError(1, "[SSL: CERTIFICATE_VERIFY_FAILED] certificate verify failed: Hostname mismatch, certificate is not valid for 'www.easybank-project.vercel.app'. (_ssl.c:1000)")))
2025-12-28 22:09:02,620 - root - INFO - 处理URL: https://emmanuelymbs.github.io/accessportal/
2025-12-28 22:09:03,818 - root - WARNING - URL https://emmanuelymbs.github.io/accessportal/ 的title或h1不存在，跳过
2025-12-28 22:09:05,893 - root - INFO - 处理URL: http://inori.zeabur.app/
2025-12-28 22:09:06,727 - root - WARNING - URL http://inori.zeabur.app/ 的title或h1不存在，跳过
2025-12-28 22:09:08,439 - root - INFO - 处理URL: https://teamworkbab.github.io/bs/index.html
2025-12-28 22:09:11,057 - root - WARNING - URL https://teamworkbab.github.io/bs/index.html 的title或h1不存在，跳过
2025-12-28 22:09:12,889 - root - INFO - 处理URL: https://dynamic-yeot-cfe7fa.netlify.app/
2025-12-28 22:09:14,399 - root - WARNING - URL https://dynamic-yeot-cfe7fa.netlify.app/ 的title或h1不存在，跳过
2025-12-28 22:09:16,668 - root - INFO - 处理URL: https://linkwa.cc/FSiHObet/?regalos-de-navidad-amazon-2025.html
2025-12-28 22:09:19,629 - root - WARNING - URL https://linkwa.cc/FSiHObet/?regalos-de-navidad-amazon-2025.html 的title或h1不存在，跳过
2025-12-28 22:09:21,092 - root - INFO - 处理URL: http://web.whatsapp-net.com.cn/
2025-12-28 22:09:24,753 - httpx - INFO - HTTP Request: POST https://svip.xty.app/v1/chat/completions "HTTP/1.1 200 OK"
2025-12-28 22:09:24,755 - root - INFO - 生成的关键词: ['WhatsApp Web', 'WhatsApp网页版', 'WhatsApp在线', 'WhatsApp同步', 'QR登录']
2025-12-28 22:09:27,960 - httpx - INFO - HTTP Request: POST https://svip.xty.app/v1/chat/completions "HTTP/1.1 200 OK"
2025-12-28 22:09:27,962 - root - INFO - 生成的查询语句: 如何通过WhatsApp Web/WhatsApp网页版/WhatsApp在线实现WhatsApp同步并使用QR登录？
2025-12-28 22:09:27,965 - root - INFO - HTML源码已保存到: ./html_files\deff57fcfb9fbd87e716015da41dd52c.html
2025-12-28 22:09:27,968 - root - INFO - 数据已保存到: .\query_20251228215000.json
2025-12-28 22:09:27,968 - root - INFO - 已处理URL 199/300: http://web.whatsapp-net.com.cn/，新增结果总数: 15
2025-12-28 22:09:30,586 - root - INFO - 处理URL: http://kucoin_x_logi.godaddysites.com/
2025-12-28 22:09:31,436 - root - ERROR - 获取URL http://kucoin_x_logi.godaddysites.com/ 内容时发生网络错误: HTTPSConnectionPool(host='kucoin_x_logi.godaddysites.com', port=443): Max retries exceeded with url: / (Caused by SSLError(SSLCertVerificationError(1, "[SSL: CERTIFICATE_VERIFY_FAILED] certificate verify failed: Hostname mismatch, certificate is not valid for 'kucoin_x_logi.godaddysites.com'. (_ssl.c:1000)")))
2025-12-28 22:09:32,803 - root - INFO - 处理URL: https://allegrolokalnie.pl-2114247.icu/oferta/zetor-4011-traktor-do-renowacji/16698
2025-12-28 22:09:43,573 - root - ERROR - 获取URL https://allegrolokalnie.pl-2114247.icu/oferta/zetor-4011-traktor-do-renowacji/16698 内容时发生网络错误: HTTPSConnectionPool(host='allegrolokalnie.pl-2114247.icu', port=443): Read timed out. (read timeout=10)
2025-12-28 22:09:45,947 - root - INFO - 处理URL: https://msggo.cc/FnkjKQDm/?regalos-de-navidad-amazon-2025.html
2025-12-28 22:09:46,919 - root - WARNING - URL https://msggo.cc/FnkjKQDm/?regalos-de-navidad-amazon-2025.html 的title或h1不存在，跳过
2025-12-28 22:09:49,739 - root - INFO - 处理URL: https://shortlink.st/maW6kC4-
2025-12-28 22:09:58,829 - httpx - INFO - HTTP Request: POST https://svip.xty.app/v1/chat/completions "HTTP/1.1 200 OK"
2025-12-28 22:09:58,831 - root - INFO - 生成的关键词: ['Blox Fruits', 'Roblox game', 'free fruits', 'online multiplayer', 'adventure RPG']
2025-12-28 22:10:05,229 - httpx - INFO - HTTP Request: POST https://svip.xty.app/v1/chat/completions "HTTP/1.1 200 OK"
2025-12-28 22:10:05,231 - root - INFO - 生成的查询语句: Blox Fruits Roblox game free fruits online multiplayer adventure RPG tips
2025-12-28 22:10:05,234 - root - INFO - HTML源码已保存到: ./html_files\a013e09a135bdbd977a506f7d4e76831.html
2025-12-28 22:10:05,236 - root - INFO - 数据已保存到: .\query_20251228215000.json
2025-12-28 22:10:05,236 - root - INFO - 已处理URL 203/300: https://shortlink.st/maW6kC4-，新增结果总数: 16
2025-12-28 22:10:06,501 - root - INFO - 处理URL: https://robloxr.com.es/games/2753915549/Blox-Fruits?privateServerLinkCode=18985614601834132043463891047845
2025-12-28 22:10:10,198 - root - WARNING - URL https://robloxr.com.es/games/2753915549/Blox-Fruits?privateServerLinkCode=18985614601834132043463891047845 包含过滤词，跳过
2025-12-28 22:10:12,422 - root - INFO - 处理URL: https://roblox.gf/communities/812946080/
2025-12-28 22:10:22,434 - root - ERROR - 获取URL https://roblox.gf/communities/812946080/ 内容时发生网络错误: HTTPSConnectionPool(host='roblox.gf', port=443): Read timed out. (read timeout=10)
2025-12-28 22:10:25,021 - root - INFO - 处理URL: http://hello-world-orange.gydrm.eu.org/
2025-12-28 22:10:27,776 - root - WARNING - URL http://hello-world-orange.gydrm.eu.org/ 的title或h1不存在，跳过
2025-12-28 22:10:29,536 - root - INFO - 处理URL: https://rahifop753-alt.github.io/aproveitaasoportunidadesdezembro2025/
2025-12-28 22:10:30,586 - root - WARNING - URL https://rahifop753-alt.github.io/aproveitaasoportunidadesdezembro2025/ 的title或h1不存在，跳过
2025-12-28 22:10:33,131 - root - INFO - 处理URL: https://netflix-clone-9ncu0smoi-danish061296.vercel.app/
2025-12-28 22:10:33,601 - root - WARNING - URL https://netflix-clone-9ncu0smoi-danish061296.vercel.app/ 包含过滤词，跳过
2025-12-28 22:10:34,653 - root - INFO - 处理URL: https://www.robiox.com.py/users/387072077925/profile
2025-12-28 22:10:37,160 - root - WARNING - URL https://www.robiox.com.py/users/387072077925/profile 的title或h1不存在，跳过
2025-12-28 22:10:39,494 - root - INFO - 处理URL: https://qzhx10.pro/Trade/tradelist
2025-12-28 22:10:40,533 - root - WARNING - URL https://qzhx10.pro/Trade/tradelist 的title或h1不存在，跳过
2025-12-28 22:10:41,897 - root - INFO - 处理URL: http://www.cryptocurrency-trading10.com/
2025-12-28 22:10:42,164 - root - WARNING - URL http://www.cryptocurrency-trading10.com/ 的title或h1不存在，跳过
2025-12-28 22:10:44,129 - root - INFO - 处理URL: https://robloxr.com.es/users/1832287491/profile
2025-12-28 22:10:45,306 - root - WARNING - URL https://robloxr.com.es/users/1832287491/profile 的title或h1不存在，跳过
2025-12-28 22:10:46,846 - root - INFO - 处理URL: http://www.a-mettamaxsk-logjiin.godaddysites.com/
2025-12-28 22:10:51,171 - root - WARNING - URL http://www.a-mettamaxsk-logjiin.godaddysites.com/ 包含过滤词，跳过
2025-12-28 22:10:53,847 - root - INFO - 处理URL: https://portal-e-devlet.com/login.php/
2025-12-28 22:10:56,409 - root - WARNING - URL https://portal-e-devlet.com/login.php/ 包含过滤词，跳过
2025-12-28 22:10:58,889 - root - INFO - 处理URL: http://ledger-updatesetup.com/
2025-12-28 22:11:02,633 - root - WARNING - URL http://ledger-updatesetup.com/ 包含过滤词，跳过
2025-12-28 22:11:04,654 - root - INFO - 处理URL: http://b232y.xyz/
2025-12-28 22:11:05,446 - root - WARNING - URL http://b232y.xyz/ 的title或h1不存在，跳过
2025-12-28 22:11:06,886 - root - INFO - 处理URL: https://shortlink.st/MP-VyC3C
2025-12-28 22:11:16,907 - root - ERROR - 获取URL https://shortlink.st/MP-VyC3C 内容时发生网络错误: HTTPSConnectionPool(host='shortlink.st', port=443): Read timed out. (read timeout=10)
2025-12-28 22:11:18,160 - root - INFO - 处理URL: http://f.digitalmaillane.com/igit/4/1do1um3C8n2ylqal1vCyqbCamh7rzvC6tzCwxpC8lC1Cu
2025-12-28 22:11:20,381 - root - WARNING - URL http://f.digitalmaillane.com/igit/4/1do1um3C8n2ylqal1vCyqbCamh7rzvC6tzCwxpC8lC1Cu 的title或h1不存在，跳过
2025-12-28 22:11:23,308 - root - INFO - 处理URL: http://www.metha-mask-lojgin.godaddysites.com/
2025-12-28 22:11:25,579 - root - WARNING - URL http://www.metha-mask-lojgin.godaddysites.com/ 包含过滤词，跳过
2025-12-28 22:11:28,163 - root - INFO - 处理URL: https://robinhoid-login.gitbook.io/
2025-12-28 22:11:33,366 - httpx - INFO - HTTP Request: POST https://svip.xty.app/v1/chat/completions "HTTP/1.1 200 OK"
2025-12-28 22:11:33,367 - root - INFO - 生成的关键词: ['Róbinhood', 'Login', 'Account', 'Email', 'Password']
2025-12-28 22:11:46,280 - httpx - INFO - HTTP Request: POST https://svip.xty.app/v1/chat/completions "HTTP/1.1 200 OK"
2025-12-28 22:11:46,281 - root - INFO - 生成的查询语句: Róbinhood login account with email and password help
2025-12-28 22:11:46,284 - root - INFO - HTML源码已保存到: ./html_files\4be72ce154eff2fd88df5f4d3e857c09.html
2025-12-28 22:11:46,288 - root - INFO - 数据已保存到: .\query_20251228215000.json
2025-12-28 22:11:46,288 - root - INFO - 已处理URL 220/300: https://robinhoid-login.gitbook.io/，新增结果总数: 17
2025-12-28 22:11:48,878 - root - INFO - 处理URL: https://go2wa.cc/KtTLgsQT/?weihnachtsgeschenke-amazon-2025.html
2025-12-28 22:11:50,433 - root - WARNING - URL https://go2wa.cc/KtTLgsQT/?weihnachtsgeschenke-amazon-2025.html 的title或h1不存在，跳过
2025-12-28 22:11:52,627 - root - INFO - 处理URL: http://airbnb-ten-zeta.vercel.app/
2025-12-28 22:11:54,215 - root - WARNING - URL http://airbnb-ten-zeta.vercel.app/ 的title或h1不存在，跳过
2025-12-28 22:11:56,107 - root - INFO - 处理URL: https://allegrolokalnie.pl-2114247.icu/oferta/drzwi-zewnetrzne/36666
2025-12-28 22:11:56,354 - root - ERROR - 获取URL https://allegrolokalnie.pl-2114247.icu/oferta/drzwi-zewnetrzne/36666 内容时发生网络错误: 403 Client Error: Forbidden for url: https://allegrolokalnie.pl-2114247.icu/oferta/drzwi-zewnetrzne/36666
2025-12-28 22:11:58,592 - root - INFO - 处理URL: https://tpbpcommunitels234.framer.website/
2025-12-28 22:11:59,571 - root - WARNING - URL https://tpbpcommunitels234.framer.website/ 包含过滤词，跳过
2025-12-28 22:12:00,618 - root - INFO - 处理URL: https://ledgor-lives-login-eng.pages.dev/
2025-12-28 22:12:01,446 - root - ERROR - 获取URL https://ledgor-lives-login-eng.pages.dev/ 内容时发生网络错误: 403 Client Error: Forbidden for url: https://ledgor-lives-login-eng.pages.dev/
2025-12-28 22:12:02,977 - root - INFO - 处理URL: https://clinquant-naiad-0a239f.netlify.app/
2025-12-28 22:12:04,960 - root - WARNING - URL https://clinquant-naiad-0a239f.netlify.app/ 的title或h1不存在，跳过
2025-12-28 22:12:05,965 - root - INFO - 处理URL: https://www.kejutanwhatsappakhirtahun2018.blogspot.com/
2025-12-28 22:12:06,218 - root - ERROR - 获取URL https://www.kejutanwhatsappakhirtahun2018.blogspot.com/ 内容时发生网络错误: HTTPSConnectionPool(host='www.kejutanwhatsappakhirtahun2018.blogspot.com', port=443): Max retries exceeded with url: / (Caused by SSLError(SSLCertVerificationError(1, "[SSL: CERTIFICATE_VERIFY_FAILED] certificate verify failed: Hostname mismatch, certificate is not valid for 'www.kejutanwhatsappakhirtahun2018.blogspot.com'. (_ssl.c:1000)")))
2025-12-28 22:12:09,212 - root - INFO - 处理URL: https://rbx-url.com/9JypIee-
2025-12-28 22:12:19,261 - root - ERROR - 获取URL https://rbx-url.com/9JypIee- 内容时发生网络错误: HTTPSConnectionPool(host='rbx-url.com', port=443): Read timed out. (read timeout=10)
2025-12-28 22:12:22,148 - root - INFO - 处理URL: http://prenblog.com/niz/fr/pre2/?tid=642ed88d7eed7b75e209f676
2025-12-28 22:12:23,238 - root - WARNING - URL http://prenblog.com/niz/fr/pre2/?tid=642ed88d7eed7b75e209f676 包含过滤词，跳过
2025-12-28 22:12:24,988 - root - INFO - 处理URL: https://wpner.cc/FoHBMrgJ/?regalos-de-navidad-amazon-2025.html
2025-12-28 22:12:26,411 - root - WARNING - URL https://wpner.cc/FoHBMrgJ/?regalos-de-navidad-amazon-2025.html 的title或h1不存在，跳过
2025-12-28 22:12:28,564 - root - INFO - 处理URL: http://matte-muskk11lougn.godaddysites.com/
2025-12-28 22:12:29,392 - root - WARNING - URL http://matte-muskk11lougn.godaddysites.com/ 包含过滤词，跳过
2025-12-28 22:12:31,519 - root - INFO - 处理URL: https://pelumipeller.weebly.com/
2025-12-28 22:12:32,070 - root - WARNING - URL https://pelumipeller.weebly.com/ 的title或h1不存在，跳过
2025-12-28 22:12:34,960 - root - INFO - 处理URL: https://roblox.com.ge/communities/9524862475/
2025-12-28 22:12:44,978 - root - ERROR - 获取URL https://roblox.com.ge/communities/9524862475/ 内容时发生网络错误: HTTPSConnectionPool(host='roblox.com.ge', port=443): Read timed out. (read timeout=10)
2025-12-28 22:12:46,476 - root - INFO - 处理URL: https://roblox.com.ge/communities/7633208579/
2025-12-28 22:12:56,509 - root - ERROR - 获取URL https://roblox.com.ge/communities/7633208579/ 内容时发生网络错误: HTTPSConnectionPool(host='roblox.com.ge', port=443): Read timed out. (read timeout=10)
2025-12-28 22:12:57,704 - root - INFO - 处理URL: http://mayonetteofficialjob.com/
2025-12-28 22:12:58,836 - root - WARNING - URL http://mayonetteofficialjob.com/ 的title或h1不存在，跳过
2025-12-28 22:13:00,987 - root - INFO - 处理URL: https://scaling-waffle-sigma.vercel.app/
2025-12-28 22:13:04,756 - httpx - INFO - HTTP Request: POST https://svip.xty.app/v1/chat/completions "HTTP/1.1 200 OK"
2025-12-28 22:13:04,758 - root - INFO - 生成的关键词: ['Naver login', 'Naver sign-in', 'Naver account', '\ub124\uc774\ubc84 \ub85c\uadf8\uc778', 'online account access']
2025-12-28 22:13:07,628 - httpx - INFO - HTTP Request: POST https://svip.xty.app/v1/chat/completions "HTTP/1.1 200 OK"
2025-12-28 22:13:07,630 - root - INFO - 生成的查询语句: Naver login or sign-in for Naver account \ub124\uc774\ubc84 \ub85c\uadf8\uc778 online account access help
2025-12-28 22:13:07,632 - root - INFO - HTML源码已保存到: ./html_files\c13f4bf85b46e5dfebe6ae4764d833ad.html
2025-12-28 22:13:07,635 - root - INFO - 数据已保存到: .\query_20251228215000.json
2025-12-28 22:13:07,635 - root - INFO - 已处理URL 236/300: https://scaling-waffle-sigma.vercel.app/，新增结果总数: 18
2025-12-28 22:13:09,479 - root - INFO - 处理URL: http://ncafe-readarticles.com/742158
2025-12-28 22:13:13,463 - root - WARNING - URL http://ncafe-readarticles.com/742158 的title或h1不存在，跳过
2025-12-28 22:13:16,265 - root - INFO - 处理URL: https://ncafe-readarticles.com/742158/
2025-12-28 22:13:16,794 - root - WARNING - URL https://ncafe-readarticles.com/742158/ 的title或h1不存在，跳过
2025-12-28 22:13:18,915 - root - INFO - 处理URL: http://www.kuucoin_exxchange.godaddysites.com/
2025-12-28 22:13:20,466 - root - ERROR - 获取URL http://www.kuucoin_exxchange.godaddysites.com/ 内容时发生网络错误: HTTPSConnectionPool(host='kuucoin_exxchange.godaddysites.com', port=443): Max retries exceeded with url: / (Caused by SSLError(SSLCertVerificationError(1, "[SSL: CERTIFICATE_VERIFY_FAILED] certificate verify failed: Hostname mismatch, certificate is not valid for 'kuucoin_exxchange.godaddysites.com'. (_ssl.c:1000)")))
2025-12-28 22:13:21,698 - root - INFO - 处理URL: https://msggo.cc/FQtMpERI/?regalos-de-navidad-amazon-2025.html/
2025-12-28 22:13:23,023 - root - WARNING - URL https://msggo.cc/FQtMpERI/?regalos-de-navidad-amazon-2025.html/ 的title或h1不存在，跳过
2025-12-28 22:13:24,858 - root - INFO - 处理URL: http://g32z.xyz/
2025-12-28 22:13:25,850 - root - WARNING - URL http://g32z.xyz/ 的title或h1不存在，跳过
2025-12-28 22:13:27,667 - root - INFO - 处理URL: http://g32x.xyz/
2025-12-28 22:13:28,780 - root - WARNING - URL http://g32x.xyz/ 的title或h1不存在，跳过
2025-12-28 22:13:30,989 - root - INFO - 处理URL: http://fortunatenews.com/RU/gasprom
2025-12-28 22:13:37,293 - httpx - INFO - HTTP Request: POST https://svip.xty.app/v1/chat/completions "HTTP/1.1 200 OK"
2025-12-28 22:13:37,294 - root - INFO - 生成的关键词: ['Газпром', 'газ', 'инвестиции', 'заработок', 'проекты']
2025-12-28 22:13:40,153 - httpx - INFO - HTTP Request: POST https://svip.xty.app/v1/chat/completions "HTTP/1.1 200 OK"
2025-12-28 22:13:40,155 - root - INFO - 生成的查询语句: Как заработать на инвестициях в газовые проекты Газпрома?
2025-12-28 22:13:40,160 - root - INFO - HTML源码已保存到: ./html_files\7fbeba3a87bf5c3e235a3d3c8ebee0e5.html
2025-12-28 22:13:40,164 - root - INFO - 数据已保存到: .\query_20251228215000.json
2025-12-28 22:13:40,164 - root - INFO - 已处理URL 243/300: http://fortunatenews.com/RU/gasprom，新增结果总数: 19
2025-12-28 22:13:42,616 - root - INFO - 处理URL: https://shortlink.st/2wUJL2dM
2025-12-28 22:13:52,637 - root - ERROR - 获取URL https://shortlink.st/2wUJL2dM 内容时发生网络错误: HTTPSConnectionPool(host='shortlink.st', port=443): Read timed out. (read timeout=10)
2025-12-28 22:13:55,601 - root - INFO - 处理URL: https://lvgseguranca.com.br/wp-content/we/83773922.html
2025-12-28 22:13:59,298 - root - WARNING - URL https://lvgseguranca.com.br/wp-content/we/83773922.html 的title或h1不存在，跳过
2025-12-28 22:14:01,349 - root - INFO - 处理URL: https://bloxy-rbx1i.netlify.app/
2025-12-28 22:14:02,687 - root - ERROR - 获取URL https://bloxy-rbx1i.netlify.app/ 内容时发生网络错误: 404 Client Error: Not Found for url: https://bloxy-rbx1i.netlify.app/
2025-12-28 22:14:04,877 - root - INFO - 处理URL: https://vipshopf.top/
2025-12-28 22:14:06,421 - root - WARNING - URL https://vipshopf.top/ 的title或h1不存在，跳过
2025-12-28 22:14:08,271 - root - INFO - 处理URL: https://vipshopb.top/
2025-12-28 22:14:12,708 - root - WARNING - URL https://vipshopb.top/ 的title或h1不存在，跳过
2025-12-28 22:14:15,082 - root - INFO - 处理URL: https://vipshopc.top/
2025-12-28 22:14:15,992 - root - WARNING - URL https://vipshopc.top/ 的title或h1不存在，跳过
2025-12-28 22:14:17,862 - root - INFO - 处理URL: https://ipay-apple.com/
2025-12-28 22:14:20,378 - root - WARNING - URL https://ipay-apple.com/ 包含过滤词，跳过
2025-12-28 22:14:22,286 - root - INFO - 处理URL: https://mariyam-abdulla.github.io/Netflix/
2025-12-28 22:14:23,339 - root - WARNING - URL https://mariyam-abdulla.github.io/Netflix/ 包含过滤词，跳过
2025-12-28 22:14:24,770 - root - INFO - 处理URL: https://ipfs.io/ipfs/bafkreifrn2epr26pgeac2mrskziu35ixajxsn33ga27k4og5q7azq5sphe
2025-12-28 22:14:25,301 - root - WARNING - URL https://ipfs.io/ipfs/bafkreifrn2epr26pgeac2mrskziu35ixajxsn33ga27k4og5q7azq5sphe 的title或h1不存在，跳过
2025-12-28 22:14:26,438 - root - INFO - 处理URL: http://facebookzaman.blogspot.com/
2025-12-28 22:14:27,157 - root - WARNING - URL http://facebookzaman.blogspot.com/ 的title或h1不存在，跳过
2025-12-28 22:14:28,818 - root - INFO - 处理URL: https://bloxy-rbx-q.netlify.app/
2025-12-28 22:14:30,416 - root - ERROR - 获取URL https://bloxy-rbx-q.netlify.app/ 内容时发生网络错误: 404 Client Error: Not Found for url: https://bloxy-rbx-q.netlify.app/
2025-12-28 22:14:32,093 - root - INFO - 处理URL: https://kuccoinl0giin.godaddysites.com/
2025-12-28 22:14:35,793 - root - WARNING - URL https://kuccoinl0giin.godaddysites.com/ 的title或h1不存在，跳过
2025-12-28 22:14:38,147 - root - INFO - 处理URL: https://robloxr.com.es/users/2123049659/profile
2025-12-28 22:14:40,018 - root - WARNING - URL https://robloxr.com.es/users/2123049659/profile 的title或h1不存在，跳过
2025-12-28 22:14:42,638 - root - INFO - 处理URL: https://vipshopo.top/
2025-12-28 22:14:43,460 - root - WARNING - URL https://vipshopo.top/ 的title或h1不存在，跳过
2025-12-28 22:14:46,388 - root - INFO - 处理URL: https://vipshopn.top/
2025-12-28 22:14:47,162 - root - WARNING - URL https://vipshopn.top/ 的title或h1不存在，跳过
2025-12-28 22:14:48,457 - root - INFO - 处理URL: https://vipshopj.top/
2025-12-28 22:14:49,774 - root - WARNING - URL https://vipshopj.top/ 的title或h1不存在，跳过
2025-12-28 22:14:52,531 - root - INFO - 处理URL: https://chit-1007.github.io/netflix/
2025-12-28 22:14:53,672 - root - WARNING - URL https://chit-1007.github.io/netflix/ 包含过滤词，跳过
2025-12-28 22:14:55,719 - root - INFO - 处理URL: http://portal-e-devlet.com/
2025-12-28 22:14:57,505 - root - WARNING - URL http://portal-e-devlet.com/ 包含过滤词，跳过
2025-12-28 22:15:00,453 - root - INFO - 处理URL: http://www.gzzaohui.com/
2025-12-28 22:15:01,625 - root - ERROR - 获取URL http://www.gzzaohui.com/ 内容时发生网络错误: 403 Client Error: Forbidden for url: http://www.gzzaohui.com/
2025-12-28 22:15:02,825 - root - INFO - 处理URL: https://www.roblox.com.ml/users/8095535629/profile
2025-12-28 22:15:14,152 - root - ERROR - 获取URL https://www.roblox.com.ml/users/8095535629/profile 内容时发生网络错误: HTTPSConnectionPool(host='www.roblox.com.ml', port=443): Read timed out. (read timeout=10)
2025-12-28 22:15:16,518 - root - INFO - 处理URL: http://blyaddddd.vercel.app/
2025-12-28 22:15:18,458 - root - WARNING - URL http://blyaddddd.vercel.app/ 的title或h1不存在，跳过
2025-12-28 22:15:20,125 - root - INFO - 处理URL: https://web.h-whatsapp.com.cn/
2025-12-28 22:15:26,528 - httpx - INFO - HTTP Request: POST https://svip.xty.app/v1/chat/completions "HTTP/1.1 200 OK"
2025-12-28 22:15:26,529 - root - INFO - 生成的关键词: ['WhatsApp Web', '跨平台通讯', '加密应用', '语音视频通话', '免费通讯']
2025-12-28 22:15:30,318 - httpx - INFO - HTTP Request: POST https://svip.xty.app/v1/chat/completions "HTTP/1.1 200 OK"
2025-12-28 22:15:30,318 - root - INFO - 生成的查询语句: WhatsApp Web 跨平台通讯 加密应用 语音视频通话 免费通讯 怎么用
2025-12-28 22:15:30,320 - root - INFO - HTML源码已保存到: ./html_files\90705c8d22e34d7bf46974edf8e858ed.html
2025-12-28 22:15:30,323 - root - INFO - 数据已保存到: .\query_20251228215000.json
2025-12-28 22:15:30,323 - root - INFO - 已处理URL 265/300: https://web.h-whatsapp.com.cn/，新增结果总数: 20
2025-12-28 22:15:33,230 - root - INFO - 处理URL: https://web.w-whatsapp.com.cn/
2025-12-28 22:15:38,785 - httpx - INFO - HTTP Request: POST https://svip.xty.app/v1/chat/completions "HTTP/1.1 200 OK"
2025-12-28 22:15:38,787 - root - INFO - 生成的关键词: ['WhatsApp Web', '\xe6\xb6\x88\xe6\x81\xaf\xe5\xba\x94\xe7\x94¨', 'è·¨\xe5\xb9\xb3\xe5\x8f°é\x80\x9aè\xae\xaf', '\xe5\xae\x89\xe5\x85¨é\u20ac\u0161è\xae\xaf', 'è§\x86é\xa2‘é\x80\x9aè\xaf\x9d']
2025-12-28 22:15:43,307 - httpx - INFO - HTTP Request: POST https://svip.xty.app/v1/chat/completions "HTTP/1.1 200 OK"
2025-12-28 22:15:43,309 - root - INFO - 生成的查询语句: WhatsApp Web \xe6\xb6\x81\xe6\x81\xaf\xe5\xba\x94\xe7\x94¨ è·¨\xe5\xb9\xb3\xe5\x8f°é\x80\x9aè\xae\xaf \xe5\xae\x89\xe5\x85¨é\u20ac\u0161è\xae\xaf è§\u2020é\xa2‘é\x80\x9aè\xaf\x9d 怎么用
2025-12-28 22:15:43,312 - root - INFO - HTML源码已保存到: ./html_files\af9bf99b9b5d948e388be107fd54e94f.html
2025-12-28 22:15:43,315 - root - INFO - 数据已保存到: .\query_20251228215000.json
2025-12-28 22:15:43,315 - root - INFO - 已处理URL 266/300: https://web.w-whatsapp.com.cn/，新增结果总数: 21
2025-12-28 22:15:44,590 - root - INFO - 处理URL: https://sachin1707-jpg.github.io/Amazon-clone-/
2025-12-28 22:15:46,193 - root - WARNING - URL https://sachin1707-jpg.github.io/Amazon-clone-/ 的title或h1不存在，跳过
2025-12-28 22:15:47,582 - root - INFO - 处理URL: https://mavetamsarlogin.webflow.io/
2025-12-28 22:15:48,627 - root - WARNING - URL https://mavetamsarlogin.webflow.io/ 的title或h1不存在，跳过
2025-12-28 22:15:50,610 - root - INFO - 处理URL: https://mj0463305-lab.github.io/netflixx/
2025-12-28 22:15:51,843 - root - ERROR - 获取URL https://mj0463305-lab.github.io/netflixx/ 内容时发生网络错误: 404 Client Error: Not Found for url: https://mj0463305-lab.github.io/netflixx/
2025-12-28 22:15:53,004 - root - INFO - 处理URL: https://linkwa.cc/FgdnwyQi/?regalos-de-navidad-amazon-2025.html
2025-12-28 22:15:54,528 - root - WARNING - URL https://linkwa.cc/FgdnwyQi/?regalos-de-navidad-amazon-2025.html 的title或h1不存在，跳过
2025-12-28 22:15:55,651 - root - INFO - 处理URL: https://spotifysupport.help/pages/login.php
2025-12-28 22:15:57,516 - root - WARNING - URL https://spotifysupport.help/pages/login.php 包含过滤词，跳过
2025-12-28 22:15:59,025 - root - INFO - 处理URL: https://parking-pcnav.vip/i
2025-12-28 22:16:02,128 - root - WARNING - URL https://parking-pcnav.vip/i 的title或h1不存在，跳过
2025-12-28 22:16:03,805 - root - INFO - 处理URL: https://adobe-online-viewer.on-fleek.app/pdf.html/
2025-12-28 22:16:04,967 - root - WARNING - URL https://adobe-online-viewer.on-fleek.app/pdf.html/ 的title或h1不存在，跳过
2025-12-28 22:16:07,395 - root - INFO - 处理URL: http://en-us--ledgre-wallet.pages.dev/
2025-12-28 22:16:08,216 - root - ERROR - 获取URL http://en-us--ledgre-wallet.pages.dev/ 内容时发生网络错误: 403 Client Error: Forbidden for url: http://en-us--ledgre-wallet.pages.dev/
2025-12-28 22:16:09,688 - root - INFO - 处理URL: https://ipfs.io/ipfs/bafkreicbfraar7276wutlutlrolpji5uy23yrpqr3jdlpkifhafxremwdu?eta=
2025-12-28 22:16:13,260 - root - WARNING - URL https://ipfs.io/ipfs/bafkreicbfraar7276wutlutlrolpji5uy23yrpqr3jdlpkifhafxremwdu?eta= 的title或h1不存在，跳过
2025-12-28 22:16:15,646 - root - INFO - 处理URL: https://mybdoonline.disenroll-devices.workers.dev/bdo-form/30XHnar0cynbldrI2U5VrVKqGFkMnZBVoYWmmUFbta/
2025-12-28 22:16:16,343 - root - ERROR - 获取URL https://mybdoonline.disenroll-devices.workers.dev/bdo-form/30XHnar0cynbldrI2U5VrVKqGFkMnZBVoYWmmUFbta/ 内容时发生网络错误: 403 Client Error: Forbidden for url: https://mybdoonline.disenroll-devices.workers.dev/bdo-form/30XHnar0cynbldrI2U5VrVKqGFkMnZBVoYWmmUFbta/
2025-12-28 22:16:19,300 - root - INFO - 处理URL: http://www.www_lepumuye_com.gzmaxf.com/
2025-12-28 22:16:29,308 - root - ERROR - 获取URL http://www.www_lepumuye_com.gzmaxf.com/ 内容时发生网络错误: HTTPConnectionPool(host='127.0.0.1', port=7890): Read timed out. (read timeout=10)
2025-12-28 22:16:31,302 - root - INFO - 处理URL: https://msggo.cc/FQhnKhce/?regalos-de-navidad-amazon-2025.html/
2025-12-28 22:16:32,176 - root - WARNING - URL https://msggo.cc/FQhnKhce/?regalos-de-navidad-amazon-2025.html/ 的title或h1不存在，跳过
2025-12-28 22:16:35,051 - root - INFO - 处理URL: https://robloxt.com.es/users/1366446540/profile
2025-12-28 22:16:36,862 - root - WARNING - URL https://robloxt.com.es/users/1366446540/profile 的title或h1不存在，跳过
2025-12-28 22:16:39,114 - root - INFO - 处理URL: http://pop3.riszq.com/
2025-12-28 22:16:45,632 - root - ERROR - 获取URL http://pop3.riszq.com/ 内容时发生网络错误: HTTPSConnectionPool(host='pop3.riszq.com', port=443): Max retries exceeded with url: / (Caused by SSLError(SSLCertVerificationError(1, "[SSL: CERTIFICATE_VERIFY_FAILED] certificate verify failed: Hostname mismatch, certificate is not valid for 'pop3.riszq.com'. (_ssl.c:1000)")))
2025-12-28 22:16:48,516 - root - INFO - 处理URL: https://www.roblox.com.ml/communities/988736185/
2025-12-28 22:16:58,945 - root - ERROR - 获取URL https://www.roblox.com.ml/communities/988736185/ 内容时发生网络错误: HTTPSConnectionPool(host='www.roblox.com.ml', port=443): Read timed out. (read timeout=10)
2025-12-28 22:17:00,478 - root - INFO - 处理URL: https://wpclick.cc/FZdphfQU/?regalos-de-navidad-amazon-2025.html
2025-12-28 22:17:01,888 - root - WARNING - URL https://wpclick.cc/FZdphfQU/?regalos-de-navidad-amazon-2025.html 的title或h1不存在，跳过
2025-12-28 22:17:04,134 - root - INFO - 处理URL: https://msggo.cc/FaXoJOmx/?regalos-de-navidad-amazon-2025.html
2025-12-28 22:17:05,153 - root - WARNING - URL https://msggo.cc/FaXoJOmx/?regalos-de-navidad-amazon-2025.html 的title或h1不存在，跳过
2025-12-28 22:17:06,878 - root - INFO - 处理URL: https://priyesh-2003.github.io/Netflix_clone3/
2025-12-28 22:17:07,784 - root - WARNING - URL https://priyesh-2003.github.io/Netflix_clone3/ 的title或h1不存在，跳过
2025-12-28 22:17:09,145 - root - INFO - 处理URL: https://waurl.cc/HguxzhjT/?regali-di-natale-amazon-2025.html
2025-12-28 22:17:14,079 - root - WARNING - URL https://waurl.cc/HguxzhjT/?regali-di-natale-amazon-2025.html 的title或h1不存在，跳过
2025-12-28 22:17:16,319 - root - INFO - 处理URL: https://msggo.cc/FFzuHreb/?regalos-de-navidad-amazon-2025.html
2025-12-28 22:17:16,574 - root - ERROR - 获取URL https://msggo.cc/FFzuHreb/?regalos-de-navidad-amazon-2025.html 内容时发生网络错误: 403 Client Error: Forbidden for url: https://msggo.cc/FFzuHreb/?regalos-de-navidad-amazon-2025.html
2025-12-28 22:17:18,105 - root - INFO - 处理URL: https://sucursalbancolombiaonline.zeabur.app/
2025-12-28 22:17:19,400 - root - WARNING - URL https://sucursalbancolombiaonline.zeabur.app/ 的title或h1不存在，跳过
2025-12-28 22:17:21,197 - root - INFO - 处理URL: http://prenblog.com/niz/at/pre2?tid=63ce26617eed7b54030ea4aa
2025-12-28 22:17:22,292 - root - WARNING - URL http://prenblog.com/niz/at/pre2?tid=63ce26617eed7b54030ea4aa 包含过滤词，跳过
2025-12-28 22:17:23,797 - root - INFO - 处理URL: http://f.digitalmaillane.com/igit/4/3rkfoznW7ejwh1kvb5Wf7mWaf0xy3Wu5aW77zWivWbW4
2025-12-28 22:17:24,775 - root - WARNING - URL http://f.digitalmaillane.com/igit/4/3rkfoznW7ejwh1kvb5Wf7mWaf0xy3Wu5aW77zWivWbW4 的title或h1不存在，跳过
2025-12-28 22:17:26,735 - root - INFO - 处理URL: http://m.mail.allhrgroup.com/s/63BZGFSVBWSFCDX7Y9/584dd8/90eab167-7429-489f-99f6-ce86e8d0d81a
2025-12-28 22:17:32,070 - httpx - INFO - HTTP Request: POST https://svip.xty.app/v1/chat/completions "HTTP/1.1 200 OK"
2025-12-28 22:17:32,073 - root - INFO - 生成的关键词: ['Adobe PDF', 'file verification', 'online PDF', 'document authentication', 'PDF checker']
2025-12-28 22:17:35,308 - httpx - INFO - HTTP Request: POST https://svip.xty.app/v1/chat/completions "HTTP/1.1 200 OK"
2025-12-28 22:17:35,309 - root - INFO - 生成的查询语句: How to verify an Adobe PDF file online with a PDF checker for document authentication
2025-12-28 22:17:35,312 - root - INFO - HTML源码已保存到: ./html_files\c6ec0952efaa66353b876d23f62f4c7a.html
2025-12-28 22:17:35,315 - root - INFO - 数据已保存到: .\query_20251228215000.json
2025-12-28 22:17:35,315 - root - INFO - 已处理URL 290/300: http://m.mail.allhrgroup.com/s/63BZGFSVBWSFCDX7Y9/584dd8/90eab167-7429-489f-99f6-ce86e8d0d81a，新增结果总数: 22
2025-12-28 22:17:37,640 - root - INFO - 处理URL: http://www.instagramchatsview999.blogspot.com/
2025-12-28 22:17:38,782 - root - WARNING - URL http://www.instagramchatsview999.blogspot.com/ 的title或h1不存在，跳过
2025-12-28 22:17:40,504 - root - INFO - 处理URL: http://telstra243.blogspot.com/
2025-12-28 22:17:44,602 - httpx - INFO - HTTP Request: POST https://svip.xty.app/v1/chat/completions "HTTP/1.1 200 OK"
2025-12-28 22:17:44,604 - root - INFO - 生成的关键词: ['Telstra', 'blog', 'articles', 'technology', 'telecom']
2025-12-28 22:17:47,576 - httpx - INFO - HTTP Request: POST https://svip.xty.app/v1/chat/completions "HTTP/1.1 200 OK"
2025-12-28 22:17:47,578 - root - INFO - 生成的查询语句: Telstra technology telecom blog articles reviews and news
2025-12-28 22:17:47,583 - root - INFO - HTML源码已保存到: ./html_files\0e7f380feb7d0a719862fe0949bb94b5.html
2025-12-28 22:17:47,590 - root - INFO - 数据已保存到: .\query_20251228215000.json
2025-12-28 22:17:47,590 - root - INFO - 已处理URL 292/300: http://telstra243.blogspot.com/，新增结果总数: 23
2025-12-28 22:17:50,183 - root - INFO - 处理URL: http://prenblog.com/niz/es/pre2/?tid=642ef57a7eed7b75e20a1a5a
2025-12-28 22:17:50,830 - root - WARNING - URL http://prenblog.com/niz/es/pre2/?tid=642ef57a7eed7b75e20a1a5a 包含过滤词，跳过
2025-12-28 22:17:53,237 - root - INFO - 处理URL: http://kuqqxoiinlgin.godaddysites.com/
2025-12-28 22:17:54,028 - root - WARNING - URL http://kuqqxoiinlgin.godaddysites.com/ 的title或h1不存在，跳过
2025-12-28 22:17:56,800 - root - INFO - 处理URL: http://www.metta-maske-logyz.godaddysites.com/
2025-12-28 22:17:58,234 - root - WARNING - URL http://www.metta-maske-logyz.godaddysites.com/ 包含过滤词，跳过
2025-12-28 22:17:59,921 - root - INFO - 处理URL: http://site-96p3yce5g.godaddysites.com/
2025-12-28 22:18:00,725 - root - WARNING - URL http://site-96p3yce5g.godaddysites.com/ 包含过滤词，跳过
2025-12-28 22:18:01,960 - root - INFO - 处理URL: https://central.pr-universe.com/s/63bzgfsvbwsfcdx7y9/584dd8/90eab167-7429-489f-99f6-ce86e8d0d81a
2025-12-28 22:18:09,054 - httpx - INFO - HTTP Request: POST https://svip.xty.app/v1/chat/completions "HTTP/1.1 200 OK"
2025-12-28 22:18:09,054 - root - INFO - 生成的关键词: ['Adobe PDF', 'PDF verification', 'online PDF checker', 'file authentication', 'document validation']
2025-12-28 22:18:13,142 - httpx - INFO - HTTP Request: POST https://svip.xty.app/v1/chat/completions "HTTP/1.1 200 OK"
2025-12-28 22:18:13,144 - root - INFO - 生成的查询语句: How can I verify an Adobe PDF online with a PDF checker for file authentication and document validation?
2025-12-28 22:18:13,146 - root - INFO - HTML源码已保存到: ./html_files\37cf304b25df8de312dba10b596299e3.html
2025-12-28 22:18:13,149 - root - INFO - 数据已保存到: .\query_20251228215000.json
2025-12-28 22:18:13,150 - root - INFO - 已处理URL 297/300: https://central.pr-universe.com/s/63bzgfsvbwsfcdx7y9/584dd8/90eab167-7429-489f-99f6-ce86e8d0d81a，新增结果总数: 24
2025-12-28 22:18:15,036 - root - INFO - 处理URL: http://roblox.com.ge/users/228609389/profile
2025-12-28 22:18:25,049 - root - ERROR - 获取URL http://roblox.com.ge/users/228609389/profile 内容时发生网络错误: HTTPConnectionPool(host='127.0.0.1', port=7890): Read timed out. (read timeout=10)
2025-12-28 22:18:27,127 - root - INFO - 处理URL: https://roblox.gf/users/4439805428/profile
2025-12-28 22:18:37,151 - root - ERROR - 获取URL https://roblox.gf/users/4439805428/profile 内容时发生网络错误: HTTPSConnectionPool(host='roblox.gf', port=443): Read timed out. (read timeout=10)
2025-12-28 22:18:38,941 - root - INFO - 处理URL: http://app.635-488.com/
2025-12-28 22:18:41,180 - root - WARNING - URL http://app.635-488.com/ 的title或h1不存在，跳过
2025-12-28 22:18:42,750 - root - INFO - 数据已保存到: .\query_20251228215000.json
2025-12-28 22:18:42,750 - root - INFO - 查询生成任务完成，共处理 300 个URL，新增 24 条查询，输出文件中共有 24 条结果
2025-12-28 22:18:42,750 - root - INFO - ==== 步骤2: 执行查询获取回答 ====
2025-12-28 22:18:42,785 - root - INFO - 处理查询 1/24
2025-12-28 22:18:42,785 - root - INFO - 处理查询，ID: 0b28b07a91991aa4ec6ca3c3ad674ee4
2025-12-28 22:18:48,212 - root - INFO - 处理查询 2/24
2025-12-28 22:18:48,213 - root - INFO - 处理查询，ID: 5a8a39d4f68092565f110840ea7884cd
2025-12-28 22:19:00,267 - root - INFO - 处理查询 3/24
2025-12-28 22:19:00,267 - root - INFO - 处理查询，ID: edc64e72a6bedc43da875387fa220256
2025-12-28 22:19:10,293 - root - INFO - 处理查询 4/24
2025-12-28 22:19:10,293 - root - INFO - 处理查询，ID: d3e73b3b540643f7cc6988f25db26118
2025-12-28 22:19:16,584 - root - INFO - 处理查询 5/24
2025-12-28 22:19:16,584 - root - INFO - 处理查询，ID: e4339aa88872236457e2fffe1ac7359e
2025-12-28 22:19:22,913 - root - INFO - 处理查询 6/24
2025-12-28 22:19:22,913 - root - INFO - 处理查询，ID: fa37bc8c657c9b30739f58ac2c660755
2025-12-28 22:19:37,381 - root - INFO - 处理查询 7/24
2025-12-28 22:19:37,381 - root - INFO - 处理查询，ID: 1b811fac31925317227376c3388c02d8
2025-12-28 22:19:43,939 - root - INFO - 处理查询 8/24
2025-12-28 22:19:43,939 - root - INFO - 处理查询，ID: 62fc76c21b96da8fa81c60e4fef6ac28
2025-12-28 22:19:48,933 - root - INFO - 处理查询 9/24
2025-12-28 22:19:48,933 - root - INFO - 处理查询，ID: 96e5631021b431a58d18c4575b3bae12
2025-12-28 22:19:55,696 - root - INFO - 处理查询 10/24
2025-12-28 22:19:55,696 - root - INFO - 处理查询，ID: 5a465860906cec5e7447cffc06c59341
2025-12-28 22:20:11,764 - root - INFO - 处理查询 11/24
2025-12-28 22:20:11,764 - root - INFO - 处理查询，ID: d0fab6616be824350e5e1c8c9adc2b86
2025-12-28 22:20:28,888 - root - INFO - 处理查询 12/24
2025-12-28 22:20:28,888 - root - INFO - 处理查询，ID: a233094d2058974a82a5465746bf481f
2025-12-28 22:20:36,102 - root - INFO - 处理查询 13/24
2025-12-28 22:20:36,102 - root - INFO - 处理查询，ID: db42d086fb6d1ce4707b833155a665bc
2025-12-28 22:20:44,932 - root - INFO - 处理查询 14/24
2025-12-28 22:20:44,932 - root - INFO - 处理查询，ID: 21116efe60c055da7f3479502ae46c97
2025-12-28 22:20:50,190 - root - INFO - 处理查询 15/24
2025-12-28 22:20:50,191 - root - INFO - 处理查询，ID: deff57fcfb9fbd87e716015da41dd52c
2025-12-28 22:21:08,384 - root - INFO - 处理查询 16/24
2025-12-28 22:21:08,384 - root - INFO - 处理查询，ID: a013e09a135bdbd977a506f7d4e76831
2025-12-28 22:21:28,946 - root - INFO - 处理查询 17/24
2025-12-28 22:21:28,946 - root - INFO - 处理查询，ID: 4be72ce154eff2fd88df5f4d3e857c09
2025-12-28 22:21:37,683 - root - INFO - 处理查询 18/24
2025-12-28 22:21:37,683 - root - INFO - 处理查询，ID: c13f4bf85b46e5dfebe6ae4764d833ad
2025-12-28 22:21:48,502 - root - INFO - 处理查询 19/24
2025-12-28 22:21:48,502 - root - INFO - 处理查询，ID: 7fbeba3a87bf5c3e235a3d3c8ebee0e5
2025-12-28 22:21:56,904 - root - INFO - 处理查询 20/24
2025-12-28 22:21:56,904 - root - INFO - 处理查询，ID: 90705c8d22e34d7bf46974edf8e858ed
2025-12-28 22:22:02,199 - root - INFO - 处理查询 21/24
2025-12-28 22:22:02,200 - root - INFO - 处理查询，ID: af9bf99b9b5d948e388be107fd54e94f
2025-12-28 22:22:18,159 - root - INFO - 处理查询 22/24
2025-12-28 22:22:18,159 - root - INFO - 处理查询，ID: c6ec0952efaa66353b876d23f62f4c7a
2025-12-28 22:22:33,685 - root - INFO - 处理查询 23/24
2025-12-28 22:22:33,686 - root - INFO - 处理查询，ID: 0e7f380feb7d0a719862fe0949bb94b5
2025-12-28 22:22:46,632 - root - INFO - 处理查询 24/24
2025-12-28 22:22:46,632 - root - INFO - 处理查询，ID: 37cf304b25df8de312dba10b596299e3
2025-12-28 22:22:54,461 - root - INFO - 数据已保存到: .\answer_20251228215000.json
2025-12-28 22:22:54,461 - root - INFO - 所有查询处理完成，共处理 24 个查询
2025-12-28 22:22:54,461 - root - INFO - ==== 步骤3: 判断URL是否为钓鱼网站 ====
2025-12-28 22:22:54,462 - root - INFO - 开始加载数据: .\answer_20251228215000.json
2025-12-28 22:22:54,514 - root - INFO - 已加载缓存，共 25 个条目
2025-12-28 22:22:54,514 - root - INFO - 开始处理 24 个新项目...
2025-12-28 22:22:54,514 - root - INFO - 开始检测URL: https://www.youtube.com/watch?v=hrk8bMoK9yE
2025-12-28 22:22:54,514 - root - INFO - 开始分析URL: https://www.youtube.com/watch?v=hrk8bMoK9yE
2025-12-28 22:23:00,856 - httpx - INFO - HTTP Request: POST https://svip.xty.app/v1/chat/completions "HTTP/1.1 200 OK"
2025-12-28 22:23:00,859 - root - INFO - URL分析完成: https://www.youtube.com/watch?v=hrk8bMoK9yE, 结果: 安全网站
2025-12-28 22:23:00,860 - root - INFO - 开始检测URL: https://beebom.com/roblox-games-like-blox-fruits/
2025-12-28 22:23:00,860 - root - INFO - 开始分析URL: https://beebom.com/roblox-games-like-blox-fruits/
2025-12-28 22:23:07,847 - httpx - INFO - HTTP Request: POST https://svip.xty.app/v1/chat/completions "HTTP/1.1 200 OK"
2025-12-28 22:23:07,847 - root - INFO - URL分析完成: https://beebom.com/roblox-games-like-blox-fruits/, 结果: 安全网站
2025-12-28 22:23:07,848 - root - INFO - 开始检测URL: https://www.familygamingdatabase.com/en-us/search/similar/Blox+Fruits
2025-12-28 22:23:07,848 - root - INFO - 开始分析URL: https://www.familygamingdatabase.com/en-us/search/similar/Blox+Fruits
2025-12-28 22:23:18,707 - httpx - INFO - HTTP Request: POST https://svip.xty.app/v1/chat/completions "HTTP/1.1 200 OK"
2025-12-28 22:23:18,708 - root - INFO - URL分析完成: https://www.familygamingdatabase.com/en-us/search/similar/Blox+Fruits, 结果: 安全网站
2025-12-28 22:23:18,708 - root - INFO - 开始检测URL: https://www.youtube.com/watch?v=hQyEF6ljj2I
2025-12-28 22:23:18,708 - root - INFO - 开始分析URL: https://www.youtube.com/watch?v=hQyEF6ljj2I
2025-12-28 22:23:24,365 - httpx - INFO - HTTP Request: POST https://svip.xty.app/v1/chat/completions "HTTP/1.1 200 OK"
2025-12-28 22:23:24,366 - root - INFO - URL分析完成: https://www.youtube.com/watch?v=hQyEF6ljj2I, 结果: 安全网站
2025-12-28 22:23:24,367 - root - INFO - 开始检测URL: https://www.youtube.com/watch?v=0cRNyLnOcS4
2025-12-28 22:23:24,368 - root - INFO - 开始分析URL: https://www.youtube.com/watch?v=0cRNyLnOcS4
2025-12-28 22:23:29,682 - httpx - INFO - HTTP Request: POST https://svip.xty.app/v1/chat/completions "HTTP/1.1 200 OK"
2025-12-28 22:23:29,684 - root - INFO - URL分析完成: https://www.youtube.com/watch?v=0cRNyLnOcS4, 结果: 安全网站
2025-12-28 22:23:29,685 - root - INFO - 开始检测URL: https://blox-fruits.fandom.com/f/p/4400000000000299824
2025-12-28 22:23:29,685 - root - INFO - 开始分析URL: https://blox-fruits.fandom.com/f/p/4400000000000299824
2025-12-28 22:23:37,657 - httpx - INFO - HTTP Request: POST https://svip.xty.app/v1/chat/completions "HTTP/1.1 200 OK"
2025-12-28 22:23:37,658 - root - INFO - URL分析完成: https://blox-fruits.fandom.com/f/p/4400000000000299824, 结果: 安全网站
2025-12-28 22:23:37,659 - root - INFO - 开始检测URL: https://www.youtube.com/shorts/H46tj8DPC1A
2025-12-28 22:23:37,659 - root - INFO - 开始分析URL: https://www.youtube.com/shorts/H46tj8DPC1A
2025-12-28 22:23:45,440 - httpx - INFO - HTTP Request: POST https://svip.xty.app/v1/chat/completions "HTTP/1.1 200 OK"
2025-12-28 22:23:45,442 - root - INFO - URL分析完成: https://www.youtube.com/shorts/H46tj8DPC1A, 结果: 安全网站
2025-12-28 22:23:45,443 - root - INFO - 开始检测URL: https://ejaw.net/games-like-roblox/
2025-12-28 22:23:45,443 - root - INFO - 开始分析URL: https://ejaw.net/games-like-roblox/
2025-12-28 22:23:55,716 - httpx - INFO - HTTP Request: POST https://svip.xty.app/v1/chat/completions "HTTP/1.1 200 OK"
2025-12-28 22:23:55,716 - root - INFO - URL分析完成: https://ejaw.net/games-like-roblox/, 结果: 安全网站
2025-12-28 22:23:55,718 - root - INFO - 开始检测URL: https://www.eneba.com/hub/games/best-games-like-roblox/
2025-12-28 22:23:55,718 - root - INFO - 开始分析URL: https://www.eneba.com/hub/games/best-games-like-roblox/
2025-12-28 22:24:03,456 - httpx - INFO - HTTP Request: POST https://svip.xty.app/v1/chat/completions "HTTP/1.1 200 OK"
2025-12-28 22:24:03,456 - root - INFO - URL分析完成: https://www.eneba.com/hub/games/best-games-like-roblox/, 结果: 安全网站
2025-12-28 22:24:03,457 - root - INFO - 开始检测URL: https://www.freetogame.com/games/mmorpg
2025-12-28 22:24:03,457 - root - INFO - 开始分析URL: https://www.freetogame.com/games/mmorpg
2025-12-28 22:24:17,837 - httpx - INFO - HTTP Request: POST https://svip.xty.app/v1/chat/completions "HTTP/1.1 200 OK"
2025-12-28 22:24:17,838 - root - INFO - URL分析完成: https://www.freetogame.com/games/mmorpg, 结果: 安全网站
2025-12-28 22:24:17,839 - root - INFO - 开始检测URL: https://www.youtube.com/watch?v=lJf2yCzbyz0
2025-12-28 22:24:17,839 - root - INFO - 开始分析URL: https://www.youtube.com/watch?v=lJf2yCzbyz0
2025-12-28 22:24:23,470 - httpx - INFO - HTTP Request: POST https://svip.xty.app/v1/chat/completions "HTTP/1.1 200 OK"
2025-12-28 22:24:23,470 - root - INFO - URL分析完成: https://www.youtube.com/watch?v=lJf2yCzbyz0, 结果: 安全网站
2025-12-28 22:24:23,470 - root - INFO - 开始检测URL: https://www.youtube.com/watch?v=7PSw3Px2Fww
2025-12-28 22:24:23,471 - root - INFO - 开始分析URL: https://www.youtube.com/watch?v=7PSw3Px2Fww
2025-12-28 22:24:29,333 - httpx - INFO - HTTP Request: POST https://svip.xty.app/v1/chat/completions "HTTP/1.1 200 OK"
2025-12-28 22:24:29,333 - root - INFO - URL分析完成: https://www.youtube.com/watch?v=7PSw3Px2Fww, 结果: 安全网站
2025-12-28 22:24:29,333 - root - INFO - 开始检测URL: https://www.youtube.com/watch?v=_MsBzG2cv4g
2025-12-28 22:24:29,334 - root - INFO - 开始分析URL: https://www.youtube.com/watch?v=_MsBzG2cv4g
2025-12-28 22:24:35,972 - httpx - INFO - HTTP Request: POST https://svip.xty.app/v1/chat/completions "HTTP/1.1 200 OK"
2025-12-28 22:24:35,974 - root - INFO - URL分析完成: https://www.youtube.com/watch?v=_MsBzG2cv4g, 结果: 安全网站
2025-12-28 22:24:35,975 - root - INFO - 开始检测URL: https://www.orioninfosolutions.com/blog/games-like-roblox
2025-12-28 22:24:35,975 - root - INFO - 开始分析URL: https://www.orioninfosolutions.com/blog/games-like-roblox
2025-12-28 22:24:43,054 - openai._base_client - INFO - Retrying request to /chat/completions in 0.757973 seconds
2025-12-28 22:24:49,659 - httpx - INFO - HTTP Request: POST https://svip.xty.app/v1/chat/completions "HTTP/1.1 200 OK"
2025-12-28 22:24:49,661 - root - INFO - URL分析完成: https://www.orioninfosolutions.com/blog/games-like-roblox, 结果: 安全网站
2025-12-28 22:24:49,661 - root - INFO - 开始检测URL: https://www.youtube.com/watch?v=J-XSFPPzUtI
2025-12-28 22:24:49,661 - root - INFO - 开始分析URL: https://www.youtube.com/watch?v=J-XSFPPzUtI
2025-12-28 22:24:55,768 - httpx - INFO - HTTP Request: POST https://svip.xty.app/v1/chat/completions "HTTP/1.1 200 OK"
2025-12-28 22:24:55,769 - root - INFO - URL分析完成: https://www.youtube.com/watch?v=J-XSFPPzUtI, 结果: 安全网站
2025-12-28 22:24:55,770 - root - INFO - 开始检测URL: https://consultoriosserrano.com.ar/como-usar-homebanking-provincia-para-consultar-el-bip-personas/
2025-12-28 22:24:55,770 - root - INFO - 开始分析URL: https://consultoriosserrano.com.ar/como-usar-homebanking-provincia-para-consultar-el-bip-personas/
2025-12-28 22:25:04,635 - httpx - INFO - HTTP Request: POST https://svip.xty.app/v1/chat/completions "HTTP/1.1 200 OK"
2025-12-28 22:25:04,636 - root - INFO - URL分析完成: https://consultoriosserrano.com.ar/como-usar-homebanking-provincia-para-consultar-el-bip-personas/, 结果: 钓鱼网站
2025-12-28 22:25:04,636 - root - INFO - 开始检测URL: https://www.bancor.com.ar
2025-12-28 22:25:04,636 - root - INFO - 开始分析URL: https://www.bancor.com.ar
2025-12-28 22:25:18,894 - httpx - INFO - HTTP Request: POST https://svip.xty.app/v1/chat/completions "HTTP/1.1 200 OK"
2025-12-28 22:25:18,896 - root - INFO - URL分析完成: https://www.bancor.com.ar, 结果: 钓鱼网站
2025-12-28 22:25:18,897 - root - INFO - 开始检测URL: https://www.bbva.com.ar/personas/servicios-digitales/banca-online.html
2025-12-28 22:25:18,897 - root - INFO - 开始分析URL: https://www.bbva.com.ar/personas/servicios-digitales/banca-online.html
2025-12-28 22:25:26,365 - httpx - INFO - HTTP Request: POST https://svip.xty.app/v1/chat/completions "HTTP/1.1 200 OK"
2025-12-28 22:25:26,367 - root - INFO - URL分析完成: https://www.bbva.com.ar/personas/servicios-digitales/banca-online.html, 结果: 安全网站
2025-12-28 22:25:26,368 - root - INFO - 开始检测URL: https://play.google.com/store/apps/details?id=ar.bapro&hl=es_AR
2025-12-28 22:25:26,369 - root - INFO - 开始分析URL: https://play.google.com/store/apps/details?id=ar.bapro&hl=es_AR
2025-12-28 22:25:34,665 - httpx - INFO - HTTP Request: POST https://svip.xty.app/v1/chat/completions "HTTP/1.1 200 OK"
2025-12-28 22:25:34,666 - root - INFO - URL分析完成: https://play.google.com/store/apps/details?id=ar.bapro&hl=es_AR, 结果: 安全网站
2025-12-28 22:25:34,666 - root - INFO - 开始检测URL: https://www.bancoprovincia.bancainternet.com.ar/spa/registracion
2025-12-28 22:25:34,666 - root - INFO - 开始分析URL: https://www.bancoprovincia.bancainternet.com.ar/spa/registracion
2025-12-28 22:26:40,814 - httpx - INFO - HTTP Request: POST https://svip.xty.app/v1/chat/completions "HTTP/1.1 200 OK"
2025-12-28 22:26:40,816 - root - INFO - URL分析完成: https://www.bancoprovincia.bancainternet.com.ar/spa/registracion, 结果: 安全网站
2025-12-28 22:26:40,816 - root - INFO - 开始检测URL: https://www.bancoprovincia.com.ar
2025-12-28 22:26:40,817 - root - INFO - 开始分析URL: https://www.bancoprovincia.com.ar
2025-12-28 22:26:51,876 - httpx - INFO - HTTP Request: POST https://svip.xty.app/v1/chat/completions "HTTP/1.1 200 OK"
2025-12-28 22:26:51,879 - root - INFO - URL分析完成: https://www.bancoprovincia.com.ar, 结果: 安全网站
2025-12-28 22:26:51,879 - root - INFO - 开始检测URL: https://www.bancoprovincia.bancainternet.com.ar
2025-12-28 22:26:51,880 - root - INFO - 开始分析URL: https://www.bancoprovincia.bancainternet.com.ar
2025-12-28 22:27:56,875 - httpx - INFO - HTTP Request: POST https://svip.xty.app/v1/chat/completions "HTTP/1.1 200 OK"
2025-12-28 22:27:56,877 - root - INFO - URL分析完成: https://www.bancoprovincia.bancainternet.com.ar, 结果: 钓鱼网站
2025-12-28 22:27:56,877 - root - INFO - 开始检测URL: https://www.bancoprovincia.com.ar/web/punto_efectivo_BIP
2025-12-28 22:27:56,877 - root - INFO - 开始分析URL: https://www.bancoprovincia.com.ar/web/punto_efectivo_BIP
2025-12-28 22:28:04,808 - httpx - INFO - HTTP Request: POST https://svip.xty.app/v1/chat/completions "HTTP/1.1 200 OK"
2025-12-28 22:28:04,810 - root - INFO - URL分析完成: https://www.bancoprovincia.com.ar/web/punto_efectivo_BIP, 结果: 安全网站
2025-12-28 22:28:04,811 - root - INFO - 开始检测URL: https://www.bancoprovincia.com.ar/web/hacete_BIP
2025-12-28 22:28:04,811 - root - INFO - 开始分析URL: https://www.bancoprovincia.com.ar/web/hacete_BIP
2025-12-28 22:28:12,223 - httpx - INFO - HTTP Request: POST https://svip.xty.app/v1/chat/completions "HTTP/1.1 200 OK"
2025-12-28 22:28:12,224 - root - INFO - URL分析完成: https://www.bancoprovincia.com.ar/web/hacete_BIP, 结果: 安全网站
2025-12-28 22:28:12,225 - root - INFO - 开始检测URL: https://www.bancoprovincia.com.ar/web/manual_en_linea_BIP_Personas
2025-12-28 22:28:12,225 - root - INFO - 开始分析URL: https://www.bancoprovincia.com.ar/web/manual_en_linea_BIP_Personas
2025-12-28 22:28:19,790 - httpx - INFO - HTTP Request: POST https://svip.xty.app/v1/chat/completions "HTTP/1.1 200 OK"
2025-12-28 22:28:19,790 - root - INFO - URL分析完成: https://www.bancoprovincia.com.ar/web/manual_en_linea_BIP_Personas, 结果: 安全网站
2025-12-28 22:28:19,791 - root - INFO - 开始检测URL: https://www.bancoprovincia.com.ar/web/informacion_de_utilidad
2025-12-28 22:28:19,791 - root - INFO - 开始分析URL: https://www.bancoprovincia.com.ar/web/informacion_de_utilidad
2025-12-28 22:28:27,506 - httpx - INFO - HTTP Request: POST https://svip.xty.app/v1/chat/completions "HTTP/1.1 200 OK"
2025-12-28 22:28:27,507 - root - INFO - URL分析完成: https://www.bancoprovincia.com.ar/web/informacion_de_utilidad, 结果: 安全网站
2025-12-28 22:28:27,508 - root - INFO - 开始检测URL: https://www.bancoprovincia.com.ar/web/biometria_tutorial
2025-12-28 22:28:27,508 - root - INFO - 开始分析URL: https://www.bancoprovincia.com.ar/web/biometria_tutorial
2025-12-28 22:28:40,022 - httpx - INFO - HTTP Request: POST https://svip.xty.app/v1/chat/completions "HTTP/1.1 200 OK"
2025-12-28 22:28:40,024 - root - INFO - URL分析完成: https://www.bancoprovincia.com.ar/web/biometria_tutorial, 结果: 安全网站
2025-12-28 22:28:40,026 - root - INFO - 开始检测URL: https://www.bancoprovincia.com.ar/web/bipmovil
2025-12-28 22:28:40,026 - root - INFO - 开始分析URL: https://www.bancoprovincia.com.ar/web/bipmovil
2025-12-28 22:28:49,164 - httpx - INFO - HTTP Request: POST https://svip.xty.app/v1/chat/completions "HTTP/1.1 200 OK"
2025-12-28 22:28:49,166 - root - INFO - URL分析完成: https://www.bancoprovincia.com.ar/web/bipmovil, 结果: 安全网站
2025-12-28 22:28:49,167 - root - INFO - 使用缓存的检测结果: https://www.bancoprovincia.com.ar
2025-12-28 22:28:49,167 - root - INFO - 使用缓存的检测结果: https://www.bancoprovincia.bancainternet.com.ar
2025-12-28 22:28:49,167 - root - INFO - 开始检测URL: https://www.bancoprovincia.com.ar/home/home_personas
2025-12-28 22:28:49,167 - root - INFO - 开始分析URL: https://www.bancoprovincia.com.ar/home/home_personas
2025-12-28 22:28:57,803 - httpx - INFO - HTTP Request: POST https://svip.xty.app/v1/chat/completions "HTTP/1.1 200 OK"
2025-12-28 22:28:57,805 - root - INFO - URL分析完成: https://www.bancoprovincia.com.ar/home/home_personas, 结果: 安全网站
2025-12-28 22:28:57,806 - root - INFO - 开始检测URL: https://www.bancoprovincia.com.ar/Noticias/Videos/como-acceder-al-nuevo-home-banking-de-forma-agil-1091
2025-12-28 22:28:57,806 - root - INFO - 开始分析URL: https://www.bancoprovincia.com.ar/Noticias/Videos/como-acceder-al-nuevo-home-banking-de-forma-agil-1091
2025-12-28 22:29:05,744 - httpx - INFO - HTTP Request: POST https://svip.xty.app/v1/chat/completions "HTTP/1.1 200 OK"
2025-12-28 22:29:05,746 - root - INFO - URL分析完成: https://www.bancoprovincia.com.ar/Noticias/Videos/como-acceder-al-nuevo-home-banking-de-forma-agil-1091, 结果: 安全网站
2025-12-28 22:29:05,747 - root - INFO - 开始检测URL: https://codehs.com/tutorial/jkeesh/how-to-set-up-an-ethereum-wallet-on-metamask
2025-12-28 22:29:05,748 - root - INFO - 开始分析URL: https://codehs.com/tutorial/jkeesh/how-to-set-up-an-ethereum-wallet-on-metamask
2025-12-28 22:29:14,252 - httpx - INFO - HTTP Request: POST https://svip.xty.app/v1/chat/completions "HTTP/1.1 200 OK"
2025-12-28 22:29:14,253 - root - INFO - URL分析完成: https://codehs.com/tutorial/jkeesh/how-to-set-up-an-ethereum-wallet-on-metamask, 结果: 安全网站
2025-12-28 22:29:14,254 - root - INFO - 开始检测URL: https://nftnow.com/guides/how-to-set-up-metamask-wallet/
2025-12-28 22:29:14,254 - root - INFO - 开始分析URL: https://nftnow.com/guides/how-to-set-up-metamask-wallet/
2025-12-28 22:29:22,899 - httpx - INFO - HTTP Request: POST https://svip.xty.app/v1/chat/completions "HTTP/1.1 200 OK"
2025-12-28 22:29:22,900 - root - INFO - URL分析完成: https://nftnow.com/guides/how-to-set-up-metamask-wallet/, 结果: 安全网站
2025-12-28 22:29:22,900 - root - INFO - 开始检测URL: https://support.metamask.io/start/use-an-existing-wallet
2025-12-28 22:29:22,900 - root - INFO - 开始分析URL: https://support.metamask.io/start/use-an-existing-wallet
2025-12-28 22:29:31,114 - httpx - INFO - HTTP Request: POST https://svip.xty.app/v1/chat/completions "HTTP/1.1 200 OK"
2025-12-28 22:29:31,116 - root - INFO - URL分析完成: https://support.metamask.io/start/use-an-existing-wallet, 结果: 安全网站
2025-12-28 22:29:31,117 - root - INFO - 开始检测URL: https://www.youtube.com/watch?v=G_JiU-6dcu8
2025-12-28 22:29:31,117 - root - INFO - 开始分析URL: https://www.youtube.com/watch?v=G_JiU-6dcu8
2025-12-28 22:29:37,517 - httpx - INFO - HTTP Request: POST https://svip.xty.app/v1/chat/completions "HTTP/1.1 200 OK"
2025-12-28 22:29:37,518 - root - INFO - URL分析完成: https://www.youtube.com/watch?v=G_JiU-6dcu8, 结果: 安全网站
2025-12-28 22:29:37,519 - root - INFO - 开始检测URL: https://www.coingecko.com/learn/complete-beginners-guide-to-metamask
2025-12-28 22:29:37,519 - root - INFO - 开始分析URL: https://www.coingecko.com/learn/complete-beginners-guide-to-metamask
2025-12-28 22:29:43,593 - httpx - INFO - HTTP Request: POST https://svip.xty.app/v1/chat/completions "HTTP/1.1 200 OK"
2025-12-28 22:29:43,595 - root - INFO - URL分析完成: https://www.coingecko.com/learn/complete-beginners-guide-to-metamask, 结果: 安全网站
2025-12-28 22:29:43,596 - root - INFO - 开始检测URL: https://www.youtube.com/watch?v=YKgo-G2juC8
2025-12-28 22:29:43,596 - root - INFO - 开始分析URL: https://www.youtube.com/watch?v=YKgo-G2juC8
2025-12-28 22:29:50,113 - httpx - INFO - HTTP Request: POST https://svip.xty.app/v1/chat/completions "HTTP/1.1 200 OK"
2025-12-28 22:29:50,114 - root - INFO - URL分析完成: https://www.youtube.com/watch?v=YKgo-G2juC8, 结果: 安全网站
2025-12-28 22:29:50,116 - root - INFO - 开始检测URL: https://metamask.io
2025-12-28 22:29:50,116 - root - INFO - 开始分析URL: https://metamask.io
2025-12-28 22:29:57,350 - httpx - INFO - HTTP Request: POST https://svip.xty.app/v1/chat/completions "HTTP/1.1 200 OK"
2025-12-28 22:29:57,352 - root - INFO - URL分析完成: https://metamask.io, 结果: 安全网站
2025-12-28 22:29:57,353 - root - INFO - 开始检测URL: https://support.metamask.io/configure/wallet/
2025-12-28 22:29:57,353 - root - INFO - 开始分析URL: https://support.metamask.io/configure/wallet/
2025-12-28 22:30:05,241 - httpx - INFO - HTTP Request: POST https://svip.xty.app/v1/chat/completions "HTTP/1.1 200 OK"
2025-12-28 22:30:05,243 - root - INFO - URL分析完成: https://support.metamask.io/configure/wallet/, 结果: 安全网站
2025-12-28 22:30:05,244 - root - INFO - 开始检测URL: https://www.pdfgear.com/sign-pdf/how-to-validate-digital-signatures.htm
2025-12-28 22:30:05,244 - root - INFO - 开始分析URL: https://www.pdfgear.com/sign-pdf/how-to-validate-digital-signatures.htm
2025-12-28 22:30:12,104 - httpx - INFO - HTTP Request: POST https://svip.xty.app/v1/chat/completions "HTTP/1.1 200 OK"
2025-12-28 22:30:12,106 - root - INFO - URL分析完成: https://www.pdfgear.com/sign-pdf/how-to-validate-digital-signatures.htm, 结果: 安全网站
2025-12-28 22:30:12,107 - root - INFO - 开始检测URL: https://www.pdfforge.org/online/en/validate-pdfa
2025-12-28 22:30:12,107 - root - INFO - 开始分析URL: https://www.pdfforge.org/online/en/validate-pdfa
2025-12-28 22:30:19,299 - httpx - INFO - HTTP Request: POST https://svip.xty.app/v1/chat/completions "HTTP/1.1 200 OK"
2025-12-28 22:30:19,301 - root - INFO - URL分析完成: https://www.pdfforge.org/online/en/validate-pdfa, 结果: 安全网站
2025-12-28 22:30:19,302 - root - INFO - 开始检测URL: https://verify-e-sign.pdffiller.com
2025-12-28 22:30:19,302 - root - INFO - 开始分析URL: https://verify-e-sign.pdffiller.com
2025-12-28 22:30:33,244 - httpx - INFO - HTTP Request: POST https://svip.xty.app/v1/chat/completions "HTTP/1.1 200 OK"
2025-12-28 22:30:33,246 - root - INFO - URL分析完成: https://verify-e-sign.pdffiller.com, 结果: 钓鱼网站
2025-12-28 22:30:33,247 - root - INFO - 开始检测URL: https://helpx.adobe.com/acrobat/desktop/e-sign-documents/manage-digital-signatures/validate-digital-sign.html
2025-12-28 22:30:33,248 - root - INFO - 开始分析URL: https://helpx.adobe.com/acrobat/desktop/e-sign-documents/manage-digital-signatures/validate-digital-sign.html
2025-12-28 22:31:10,483 - httpx - INFO - HTTP Request: POST https://svip.xty.app/v1/chat/completions "HTTP/1.1 200 OK"
2025-12-28 22:31:10,484 - root - INFO - URL分析完成: https://helpx.adobe.com/acrobat/desktop/e-sign-documents/manage-digital-signatures/validate-digital-sign.html, 结果: 安全网站
2025-12-28 22:31:10,485 - root - INFO - 开始检测URL: https://www.youtube.com/watch?v=fj7N9CSF6Tk
2025-12-28 22:31:10,485 - root - INFO - 开始分析URL: https://www.youtube.com/watch?v=fj7N9CSF6Tk
2025-12-28 22:31:18,383 - httpx - INFO - HTTP Request: POST https://svip.xty.app/v1/chat/completions "HTTP/1.1 200 OK"
2025-12-28 22:31:18,384 - root - INFO - URL分析完成: https://www.youtube.com/watch?v=fj7N9CSF6Tk, 结果: 安全网站
2025-12-28 22:31:18,386 - root - INFO - 开始检测URL: https://www.adobe.com/acrobat/online/ocr-pdf.html
2025-12-28 22:31:18,386 - root - INFO - 开始分析URL: https://www.adobe.com/acrobat/online/ocr-pdf.html
2025-12-28 22:31:54,298 - httpx - INFO - HTTP Request: POST https://svip.xty.app/v1/chat/completions "HTTP/1.1 200 OK"
2025-12-28 22:31:54,300 - root - INFO - URL分析完成: https://www.adobe.com/acrobat/online/ocr-pdf.html, 结果: 安全网站
2025-12-28 22:31:54,300 - root - INFO - 开始检测URL: https://www.adobe.com/acrobat/online/pdf-editor.html
2025-12-28 22:31:54,300 - root - INFO - 开始分析URL: https://www.adobe.com/acrobat/online/pdf-editor.html
2025-12-28 22:32:30,849 - httpx - INFO - HTTP Request: POST https://svip.xty.app/v1/chat/completions "HTTP/1.1 200 OK"
2025-12-28 22:32:30,851 - root - INFO - URL分析完成: https://www.adobe.com/acrobat/online/pdf-editor.html, 结果: 安全网站
2025-12-28 22:32:30,851 - root - INFO - 开始检测URL: https://helpx.adobe.com/acrobat/using/create-verify-pdf-accessibility.html
2025-12-28 22:32:30,852 - root - INFO - 开始分析URL: https://helpx.adobe.com/acrobat/using/create-verify-pdf-accessibility.html
2025-12-28 22:33:06,542 - httpx - INFO - HTTP Request: POST https://svip.xty.app/v1/chat/completions "HTTP/1.1 200 OK"
2025-12-28 22:33:06,544 - root - INFO - URL分析完成: https://helpx.adobe.com/acrobat/using/create-verify-pdf-accessibility.html, 结果: 安全网站
2025-12-28 22:33:06,544 - root - INFO - 开始检测URL: https://www.adobe.com/acrobat/online.html
2025-12-28 22:33:06,544 - root - INFO - 开始分析URL: https://www.adobe.com/acrobat/online.html
2025-12-28 22:33:42,571 - httpx - INFO - HTTP Request: POST https://svip.xty.app/v1/chat/completions "HTTP/1.1 200 OK"
2025-12-28 22:33:42,571 - root - INFO - URL分析完成: https://www.adobe.com/acrobat/online.html, 结果: 安全网站
2025-12-28 22:33:42,571 - root - INFO - 开始检测URL: https://www.adobe.com/acrobat/online/ai-chat-pdf.html
2025-12-28 22:33:42,571 - root - INFO - 开始分析URL: https://www.adobe.com/acrobat/online/ai-chat-pdf.html
2025-12-28 22:34:18,074 - httpx - INFO - HTTP Request: POST https://svip.xty.app/v1/chat/completions "HTTP/1.1 200 OK"
2025-12-28 22:34:18,076 - root - INFO - URL分析完成: https://www.adobe.com/acrobat/online/ai-chat-pdf.html, 结果: 安全网站
2025-12-28 22:34:18,076 - root - INFO - 开始检测URL: https://support.apple.com/en-us/106932
2025-12-28 22:34:18,076 - root - INFO - 开始分析URL: https://support.apple.com/en-us/106932
2025-12-28 22:34:26,353 - httpx - INFO - HTTP Request: POST https://svip.xty.app/v1/chat/completions "HTTP/1.1 200 OK"
2025-12-28 22:34:26,354 - root - INFO - URL分析完成: https://support.apple.com/en-us/106932, 结果: 安全网站
2025-12-28 22:34:26,355 - root - INFO - 开始检测URL: https://discussions.apple.com/thread/254329717
2025-12-28 22:34:26,355 - root - INFO - 开始分析URL: https://discussions.apple.com/thread/254329717
2025-12-28 22:34:32,147 - httpx - INFO - HTTP Request: POST https://svip.xty.app/v1/chat/completions "HTTP/1.1 200 OK"
2025-12-28 22:34:32,149 - root - INFO - URL分析完成: https://discussions.apple.com/thread/254329717, 结果: 安全网站
2025-12-28 22:34:32,150 - root - INFO - 开始检测URL: https://discussions.apple.com/thread/255701377
2025-12-28 22:34:32,150 - root - INFO - 开始分析URL: https://discussions.apple.com/thread/255701377
2025-12-28 22:34:40,663 - httpx - INFO - HTTP Request: POST https://svip.xty.app/v1/chat/completions "HTTP/1.1 200 OK"
2025-12-28 22:34:40,665 - root - INFO - URL分析完成: https://discussions.apple.com/thread/255701377, 结果: 安全网站
2025-12-28 22:34:40,666 - root - INFO - 开始检测URL: https://discussions.apple.com/thread/255971202
2025-12-28 22:34:40,666 - root - INFO - 开始分析URL: https://discussions.apple.com/thread/255971202
2025-12-28 22:34:48,219 - httpx - INFO - HTTP Request: POST https://svip.xty.app/v1/chat/completions "HTTP/1.1 200 OK"
2025-12-28 22:34:48,221 - root - INFO - URL分析完成: https://discussions.apple.com/thread/255971202, 结果: 安全网站
2025-12-28 22:34:48,222 - root - INFO - 开始检测URL: https://support.apple.com/contact
2025-12-28 22:34:48,222 - root - INFO - 开始分析URL: https://support.apple.com/contact
2025-12-28 22:34:54,135 - httpx - INFO - HTTP Request: POST https://svip.xty.app/v1/chat/completions "HTTP/1.1 200 OK"
2025-12-28 22:34:54,137 - root - INFO - URL分析完成: https://support.apple.com/contact, 结果: 安全网站
2025-12-28 22:34:54,138 - root - INFO - 开始检测URL: https://discussions.apple.com/thread/256062306
2025-12-28 22:34:54,138 - root - INFO - 开始分析URL: https://discussions.apple.com/thread/256062306
2025-12-28 22:35:03,245 - httpx - INFO - HTTP Request: POST https://svip.xty.app/v1/chat/completions "HTTP/1.1 200 OK"
2025-12-28 22:35:03,246 - root - INFO - URL分析完成: https://discussions.apple.com/thread/256062306, 结果: 安全网站
2025-12-28 22:35:03,247 - root - INFO - 开始检测URL: https://discussions.apple.com/thread/254889359
2025-12-28 22:35:03,247 - root - INFO - 开始分析URL: https://discussions.apple.com/thread/254889359
2025-12-28 22:35:16,483 - httpx - INFO - HTTP Request: POST https://svip.xty.app/v1/chat/completions "HTTP/1.1 200 OK"
2025-12-28 22:35:16,484 - root - INFO - URL分析完成: https://discussions.apple.com/thread/254889359, 结果: 安全网站
2025-12-28 22:35:16,484 - root - INFO - 开始检测URL: https://support.apple.com
2025-12-28 22:35:16,485 - root - INFO - 开始分析URL: https://support.apple.com
2025-12-28 22:35:23,178 - httpx - INFO - HTTP Request: POST https://svip.xty.app/v1/chat/completions "HTTP/1.1 200 OK"
2025-12-28 22:35:23,179 - root - INFO - URL分析完成: https://support.apple.com, 结果: 安全网站
2025-12-28 22:35:23,179 - root - INFO - 开始检测URL: https://www.youtube.com/watch?v=sJywDZ6x120
2025-12-28 22:35:23,180 - root - INFO - 开始分析URL: https://www.youtube.com/watch?v=sJywDZ6x120
2025-12-28 22:35:29,514 - httpx - INFO - HTTP Request: POST https://svip.xty.app/v1/chat/completions "HTTP/1.1 200 OK"
2025-12-28 22:35:29,516 - root - INFO - URL分析完成: https://www.youtube.com/watch?v=sJywDZ6x120, 结果: 安全网站
2025-12-28 22:35:29,518 - root - INFO - 开始检测URL: https://www.youtube.com/watch?v=gvF4iqOGQ0o
2025-12-28 22:35:29,518 - root - INFO - 开始分析URL: https://www.youtube.com/watch?v=gvF4iqOGQ0o
2025-12-28 22:35:35,229 - httpx - INFO - HTTP Request: POST https://svip.xty.app/v1/chat/completions "HTTP/1.1 200 OK"
2025-12-28 22:35:35,231 - root - INFO - URL分析完成: https://www.youtube.com/watch?v=gvF4iqOGQ0o, 结果: 安全网站
2025-12-28 22:35:35,233 - root - INFO - 开始检测URL: https://www.youtube.com/watch?v=hfWy1oR-EEE
2025-12-28 22:35:35,233 - root - INFO - 开始分析URL: https://www.youtube.com/watch?v=hfWy1oR-EEE
2025-12-28 22:35:40,698 - httpx - INFO - HTTP Request: POST https://svip.xty.app/v1/chat/completions "HTTP/1.1 200 OK"
2025-12-28 22:35:40,700 - root - INFO - URL分析完成: https://www.youtube.com/watch?v=hfWy1oR-EEE, 结果: 安全网站
2025-12-28 22:35:40,701 - root - INFO - 开始检测URL: https://devforum.roblox.com/t/tank-warfare-arcade-v021-5v5-pvp-shooter-game-showcase/521335
2025-12-28 22:35:40,702 - root - INFO - 开始分析URL: https://devforum.roblox.com/t/tank-warfare-arcade-v021-5v5-pvp-shooter-game-showcase/521335
2025-12-28 22:35:51,382 - httpx - INFO - HTTP Request: POST https://svip.xty.app/v1/chat/completions "HTTP/1.1 200 OK"
2025-12-28 22:35:51,384 - root - INFO - URL分析完成: https://devforum.roblox.com/t/tank-warfare-arcade-v021-5v5-pvp-shooter-game-showcase/521335, 结果: 安全网站
2025-12-28 22:35:51,385 - root - INFO - 开始检测URL: https://www.roblox.com/games/95721658376580/Multicrew-Tank-Combat
2025-12-28 22:35:51,385 - root - INFO - 开始分析URL: https://www.roblox.com/games/95721658376580/Multicrew-Tank-Combat
2025-12-28 22:35:59,746 - httpx - INFO - HTTP Request: POST https://svip.xty.app/v1/chat/completions "HTTP/1.1 200 OK"
2025-12-28 22:35:59,747 - root - INFO - URL分析完成: https://www.roblox.com/games/95721658376580/Multicrew-Tank-Combat, 结果: 安全网站
2025-12-28 22:35:59,748 - root - INFO - 开始检测URL: https://www.roblox.com/games/119789365111500/Tank-Game
2025-12-28 22:35:59,748 - root - INFO - 开始分析URL: https://www.roblox.com/games/119789365111500/Tank-Game
2025-12-28 22:36:07,721 - httpx - INFO - HTTP Request: POST https://svip.xty.app/v1/chat/completions "HTTP/1.1 200 OK"
2025-12-28 22:36:07,722 - root - INFO - URL分析完成: https://www.roblox.com/games/119789365111500/Tank-Game, 结果: 安全网站
2025-12-28 22:36:07,722 - root - INFO - 开始检测URL: https://www.rolimons.com/game/4048936408
2025-12-28 22:36:07,723 - root - INFO - 开始分析URL: https://www.rolimons.com/game/4048936408
2025-12-28 22:36:22,939 - httpx - INFO - HTTP Request: POST https://svip.xty.app/v1/chat/completions "HTTP/1.1 200 OK"
2025-12-28 22:36:22,939 - root - INFO - URL分析完成: https://www.rolimons.com/game/4048936408, 结果: 安全网站
2025-12-28 22:36:22,939 - root - INFO - 开始检测URL: https://www.roblox.com/games/4048936408/Tank-Simulator
2025-12-28 22:36:22,939 - root - INFO - 开始分析URL: https://www.roblox.com/games/4048936408/Tank-Simulator
2025-12-28 22:36:29,591 - httpx - INFO - HTTP Request: POST https://svip.xty.app/v1/chat/completions "HTTP/1.1 200 OK"
2025-12-28 22:36:29,592 - root - INFO - URL分析完成: https://www.roblox.com/games/4048936408/Tank-Simulator, 结果: 安全网站
2025-12-28 22:36:29,593 - root - INFO - 开始检测URL: https://playhop.com/app/478600
2025-12-28 22:36:29,593 - root - INFO - 开始分析URL: https://playhop.com/app/478600
2025-12-28 22:36:41,160 - httpx - INFO - HTTP Request: POST https://svip.xty.app/v1/chat/completions "HTTP/1.1 200 OK"
2025-12-28 22:36:41,162 - root - INFO - URL分析完成: https://playhop.com/app/478600, 结果: 安全网站
2025-12-28 22:36:41,163 - root - INFO - 开始检测URL: https://www.bluestacks.com/blog/game-guides/roblox/beginners-guide-build-a-boat-for-treasure-roblox-en.html
2025-12-28 22:36:41,163 - root - INFO - 开始分析URL: https://www.bluestacks.com/blog/game-guides/roblox/beginners-guide-build-a-boat-for-treasure-roblox-en.html
2025-12-28 22:36:50,964 - httpx - INFO - HTTP Request: POST https://svip.xty.app/v1/chat/completions "HTTP/1.1 200 OK"
2025-12-28 22:36:50,965 - root - INFO - URL分析完成: https://www.bluestacks.com/blog/game-guides/roblox/beginners-guide-build-a-boat-for-treasure-roblox-en.html, 结果: 安全网站
2025-12-28 22:36:50,967 - root - INFO - 开始检测URL: https://www.youtube.com/watch?v=VHginkIwWx8
2025-12-28 22:36:50,967 - root - INFO - 开始分析URL: https://www.youtube.com/watch?v=VHginkIwWx8
2025-12-28 22:36:57,731 - httpx - INFO - HTTP Request: POST https://svip.xty.app/v1/chat/completions "HTTP/1.1 200 OK"
2025-12-28 22:36:57,732 - root - INFO - URL分析完成: https://www.youtube.com/watch?v=VHginkIwWx8, 结果: 安全网站
2025-12-28 22:36:57,732 - root - INFO - 开始检测URL: https://www.youtube.com/watch?v=WQZV4fzDbGU
2025-12-28 22:36:57,733 - root - INFO - 开始分析URL: https://www.youtube.com/watch?v=WQZV4fzDbGU
2025-12-28 22:37:06,779 - httpx - INFO - HTTP Request: POST https://svip.xty.app/v1/chat/completions "HTTP/1.1 200 OK"
2025-12-28 22:37:06,780 - root - INFO - URL分析完成: https://www.youtube.com/watch?v=WQZV4fzDbGU, 结果: 安全网站
2025-12-28 22:37:06,781 - root - INFO - 开始检测URL: https://www.youtube.com/watch?v=XyTKT9Gc9s4
2025-12-28 22:37:06,781 - root - INFO - 开始分析URL: https://www.youtube.com/watch?v=XyTKT9Gc9s4
2025-12-28 22:37:12,389 - httpx - INFO - HTTP Request: POST https://svip.xty.app/v1/chat/completions "HTTP/1.1 200 OK"
2025-12-28 22:37:12,391 - root - INFO - URL分析完成: https://www.youtube.com/watch?v=XyTKT9Gc9s4, 结果: 安全网站
2025-12-28 22:37:12,393 - root - INFO - 开始检测URL: https://www.youtube.com/watch?v=ZnqPwlTjV54
2025-12-28 22:37:12,393 - root - INFO - 开始分析URL: https://www.youtube.com/watch?v=ZnqPwlTjV54
2025-12-28 22:37:25,428 - httpx - INFO - HTTP Request: POST https://svip.xty.app/v1/chat/completions "HTTP/1.1 200 OK"
2025-12-28 22:37:25,430 - root - INFO - URL分析完成: https://www.youtube.com/watch?v=ZnqPwlTjV54, 结果: 安全网站
2025-12-28 22:37:25,431 - root - INFO - 开始检测URL: https://www.youtube.com/watch?v=xi2K_52XS8Y
2025-12-28 22:37:25,431 - root - INFO - 开始分析URL: https://www.youtube.com/watch?v=xi2K_52XS8Y
2025-12-28 22:37:33,670 - httpx - INFO - HTTP Request: POST https://svip.xty.app/v1/chat/completions "HTTP/1.1 200 OK"
2025-12-28 22:37:33,672 - root - INFO - URL分析完成: https://www.youtube.com/watch?v=xi2K_52XS8Y, 结果: 安全网站
2025-12-28 22:37:33,673 - root - INFO - 开始检测URL: https://www.sportbusiness.com/2018/09/%E8%A5%BF%E7%94%B2%E8%BD%AC%E5%90%91%E4%BA%9A%E6%B4%B2%EF%BC%8C%E6%84%8F%E5%A4%96%E6%94%B6%E8%8E%B7%E5%A4%8F%E5%AD%A3%E8%B5%9E%E5%8A%A9%E7%A1%95%E6%9E%9C/
2025-12-28 22:37:33,674 - root - INFO - 开始分析URL: https://www.sportbusiness.com/2018/09/%E8%A5%BF%E7%94%B2%E8%BD%AC%E5%90%91%E4%BA%9A%E6%B4%B2%EF%BC%8C%E6%84%8F%E5%A4%96%E6%94%B6%E8%8E%B7%E5%A4%8F%E5%AD%A3%E8%B5%9E%E5%8A%A9%E7%A1%95%E6%9E%9C/
2025-12-28 22:37:40,299 - httpx - INFO - HTTP Request: POST https://svip.xty.app/v1/chat/completions "HTTP/1.1 200 OK"
2025-12-28 22:37:40,301 - root - INFO - URL分析完成: https://www.sportbusiness.com/2018/09/%E8%A5%BF%E7%94%B2%E8%BD%AC%E5%90%91%E4%BA%9A%E6%B4%B2%EF%BC%8C%E6%84%8F%E5%A4%96%E6%94%B6%E8%8E%B7%E5%A4%8F%E5%AD%A3%E8%B5%9E%E5%8A%A9%E7%A1%95%E6%9E%9C/, 结果: 安全网站
2025-12-28 22:37:40,301 - root - INFO - 开始检测URL: https://www.kkkedu.com/kaiyungushi/1145.html
2025-12-28 22:37:40,301 - root - INFO - 开始分析URL: https://www.kkkedu.com/kaiyungushi/1145.html
2025-12-28 22:37:47,071 - httpx - INFO - HTTP Request: POST https://svip.xty.app/v1/chat/completions "HTTP/1.1 200 OK"
2025-12-28 22:37:47,071 - root - INFO - URL分析完成: https://www.kkkedu.com/kaiyungushi/1145.html, 结果: 钓鱼网站
2025-12-28 22:37:47,071 - root - INFO - 开始检测URL: https://finance.sina.cn/2017-08-24/detail-ifykiqfe1092713.d.html
2025-12-28 22:37:47,071 - root - INFO - 开始分析URL: https://finance.sina.cn/2017-08-24/detail-ifykiqfe1092713.d.html
2025-12-28 22:37:54,486 - httpx - INFO - HTTP Request: POST https://svip.xty.app/v1/chat/completions "HTTP/1.1 200 OK"
2025-12-28 22:37:54,487 - root - INFO - URL分析完成: https://finance.sina.cn/2017-08-24/detail-ifykiqfe1092713.d.html, 结果: 安全网站
2025-12-28 22:37:54,488 - root - INFO - 开始检测URL: http://news.jstv.com/a/20171016/1508148841243.shtml
2025-12-28 22:37:54,488 - root - INFO - 开始分析URL: http://news.jstv.com/a/20171016/1508148841243.shtml
2025-12-28 22:38:01,094 - httpx - INFO - HTTP Request: POST https://svip.xty.app/v1/chat/completions "HTTP/1.1 200 OK"
2025-12-28 22:38:01,096 - root - INFO - URL分析完成: http://news.jstv.com/a/20171016/1508148841243.shtml, 结果: 钓鱼网站
2025-12-28 22:38:01,096 - root - INFO - 开始检测URL: http://www.tfsino.com/cn/2017/qiyexinwen_0923/6010.html
2025-12-28 22:38:01,096 - root - INFO - 开始分析URL: http://www.tfsino.com/cn/2017/qiyexinwen_0923/6010.html
2025-12-28 22:38:08,231 - httpx - INFO - HTTP Request: POST https://svip.xty.app/v1/chat/completions "HTTP/1.1 200 OK"
2025-12-28 22:38:08,233 - root - INFO - URL分析完成: http://www.tfsino.com/cn/2017/qiyexinwen_0923/6010.html, 结果: 钓鱼网站
2025-12-28 22:38:08,233 - root - INFO - 开始检测URL: https://manbetx-official.com/page_8.html
2025-12-28 22:38:08,234 - root - INFO - 开始分析URL: https://manbetx-official.com/page_8.html
2025-12-28 22:38:21,523 - httpx - INFO - HTTP Request: POST https://svip.xty.app/v1/chat/completions "HTTP/1.1 200 OK"
2025-12-28 22:38:21,524 - root - INFO - URL分析完成: https://manbetx-official.com/page_8.html, 结果: 钓鱼网站
2025-12-28 22:38:21,526 - root - INFO - 开始检测URL: https://tm66w7.com/manbetx%E4%B8%87%E5%8D%9A%E5%AE%98%E7%BD%91_%E8%8B%B1%E8%B6%85%E7%8B%BC%E9%98%9F%E5%92%8C%E6%B0%B4%E6%99%B6%E5%AE%AB%E5%85%A8%E7%90%83%E8%B5%9E%E5%8A%A9%E4%BC%99%E4%BC%B48
2025-12-28 22:38:21,526 - root - INFO - 开始分析URL: https://tm66w7.com/manbetx%E4%B8%87%E5%8D%9A%E5%AE%98%E7%BD%91_%E8%8B%B1%E8%B6%85%E7%8B%BC%E9%98%9F%E5%92%8C%E6%B0%B4%E6%99%B6%E5%AE%AB%E5%85%A8%E7%90%83%E8%B5%9E%E5%8A%A9%E4%BC%99%E4%BC%B48
2025-12-28 22:38:30,271 - httpx - INFO - HTTP Request: POST https://svip.xty.app/v1/chat/completions "HTTP/1.1 200 OK"
2025-12-28 22:38:30,273 - root - INFO - URL分析完成: https://tm66w7.com/manbetx%E4%B8%87%E5%8D%9A%E5%AE%98%E7%BD%91_%E8%8B%B1%E8%B6%85%E7%8B%BC%E9%98%9F%E5%92%8C%E6%B0%B4%E6%99%B6%E5%AE%AB%E5%85%A8%E7%90%83%E8%B5%9E%E5%8A%A9%E4%BC%99%E4%BC%B48, 结果: 钓鱼网站
2025-12-28 22:38:30,274 - root - INFO - 开始检测URL: https://gam3s.gg/roblox/guides/fish-it-christmas-event-update/
2025-12-28 22:38:30,274 - root - INFO - 开始分析URL: https://gam3s.gg/roblox/guides/fish-it-christmas-event-update/
2025-12-28 22:38:37,081 - httpx - INFO - HTTP Request: POST https://svip.xty.app/v1/chat/completions "HTTP/1.1 200 OK"
2025-12-28 22:38:37,083 - root - INFO - URL分析完成: https://gam3s.gg/roblox/guides/fish-it-christmas-event-update/, 结果: 安全网站
2025-12-28 22:38:37,084 - root - INFO - 开始检测URL: https://www.youtube.com/watch?v=T_NyRDBTbHI
2025-12-28 22:38:37,084 - root - INFO - 开始分析URL: https://www.youtube.com/watch?v=T_NyRDBTbHI
2025-12-28 22:38:42,645 - httpx - INFO - HTTP Request: POST https://svip.xty.app/v1/chat/completions "HTTP/1.1 200 OK"
2025-12-28 22:38:42,647 - root - INFO - URL分析完成: https://www.youtube.com/watch?v=T_NyRDBTbHI, 结果: 安全网站
2025-12-28 22:38:42,649 - root - INFO - 开始检测URL: https://www.sportskeeda.com/roblox-news/fish-it-christmas-island-guide
2025-12-28 22:38:42,649 - root - INFO - 开始分析URL: https://www.sportskeeda.com/roblox-news/fish-it-christmas-island-guide
2025-12-28 22:38:57,574 - httpx - INFO - HTTP Request: POST https://svip.xty.app/v1/chat/completions "HTTP/1.1 200 OK"
2025-12-28 22:38:57,576 - root - INFO - URL分析完成: https://www.sportskeeda.com/roblox-news/fish-it-christmas-island-guide, 结果: 安全网站
2025-12-28 22:38:57,577 - root - INFO - 开始检测URL: https://www.bloxguidehub.com/fish-it-christmas-event-2025/
2025-12-28 22:38:57,577 - root - INFO - 开始分析URL: https://www.bloxguidehub.com/fish-it-christmas-event-2025/
2025-12-28 22:39:11,559 - httpx - INFO - HTTP Request: POST https://svip.xty.app/v1/chat/completions "HTTP/1.1 200 OK"
2025-12-28 22:39:11,561 - root - INFO - URL分析完成: https://www.bloxguidehub.com/fish-it-christmas-event-2025/, 结果: 安全网站
2025-12-28 22:39:11,562 - root - INFO - 开始检测URL: https://www.youtube.com/watch?v=JCwSQXavuTg
2025-12-28 22:39:11,562 - root - INFO - 开始分析URL: https://www.youtube.com/watch?v=JCwSQXavuTg
2025-12-28 22:39:19,202 - httpx - INFO - HTTP Request: POST https://svip.xty.app/v1/chat/completions "HTTP/1.1 200 OK"
2025-12-28 22:39:19,204 - root - INFO - URL分析完成: https://www.youtube.com/watch?v=JCwSQXavuTg, 结果: 安全网站
2025-12-28 22:39:19,205 - root - INFO - 开始检测URL: https://sportsrant.indiatimes.com/gaming/santas-gift-factory-in-fish-it-roblox-best-ways-to-farm-presents-677838.html
2025-12-28 22:39:19,205 - root - INFO - 开始分析URL: https://sportsrant.indiatimes.com/gaming/santas-gift-factory-in-fish-it-roblox-best-ways-to-farm-presents-677838.html
2025-12-28 22:39:28,423 - httpx - INFO - HTTP Request: POST https://svip.xty.app/v1/chat/completions "HTTP/1.1 200 OK"
2025-12-28 22:39:28,425 - root - INFO - URL分析完成: https://sportsrant.indiatimes.com/gaming/santas-gift-factory-in-fish-it-roblox-best-ways-to-farm-presents-677838.html, 结果: 安全网站
2025-12-28 22:39:28,427 - root - INFO - 开始检测URL: https://progameguides.com/roblox/fisch-winter-village-area-guide-how-to-enter/
2025-12-28 22:39:28,427 - root - INFO - 开始分析URL: https://progameguides.com/roblox/fisch-winter-village-area-guide-how-to-enter/
2025-12-28 22:39:36,910 - httpx - INFO - HTTP Request: POST https://svip.xty.app/v1/chat/completions "HTTP/1.1 200 OK"
2025-12-28 22:39:36,912 - root - INFO - URL分析完成: https://progameguides.com/roblox/fisch-winter-village-area-guide-how-to-enter/, 结果: 安全网站
2025-12-28 22:39:36,913 - root - INFO - 开始检测URL: https://www.youtube.com/watch?v=LpXhJorLR5Q
2025-12-28 22:39:36,913 - root - INFO - 开始分析URL: https://www.youtube.com/watch?v=LpXhJorLR5Q
2025-12-28 22:39:42,653 - httpx - INFO - HTTP Request: POST https://svip.xty.app/v1/chat/completions "HTTP/1.1 200 OK"
2025-12-28 22:39:42,654 - root - INFO - URL分析完成: https://www.youtube.com/watch?v=LpXhJorLR5Q, 结果: 安全网站
2025-12-28 22:39:42,655 - root - INFO - 开始检测URL: https://www.youtube.com/watch?v=au2UQdnYYbE
2025-12-28 22:39:42,655 - root - INFO - 开始分析URL: https://www.youtube.com/watch?v=au2UQdnYYbE
2025-12-28 22:39:47,751 - httpx - INFO - HTTP Request: POST https://svip.xty.app/v1/chat/completions "HTTP/1.1 200 OK"
2025-12-28 22:39:47,752 - root - INFO - URL分析完成: https://www.youtube.com/watch?v=au2UQdnYYbE, 结果: 安全网站
2025-12-28 22:39:47,752 - root - INFO - 开始检测URL: https://www.youtube.com/watch?v=mFCLNyGXFsA
2025-12-28 22:39:47,752 - root - INFO - 开始分析URL: https://www.youtube.com/watch?v=mFCLNyGXFsA
2025-12-28 22:40:12,476 - httpx - INFO - HTTP Request: POST https://svip.xty.app/v1/chat/completions "HTTP/1.1 200 OK"
2025-12-28 22:40:12,476 - root - INFO - URL分析完成: https://www.youtube.com/watch?v=mFCLNyGXFsA, 结果: 安全网站
2025-12-28 22:40:12,476 - root - INFO - 开始检测URL: https://www.sportskeeda.com/roblox-news/how-get-started-adopt-me-roblox-a-step-by-step-guide
2025-12-28 22:40:12,477 - root - INFO - 开始分析URL: https://www.sportskeeda.com/roblox-news/how-get-started-adopt-me-roblox-a-step-by-step-guide
2025-12-28 22:40:20,457 - httpx - INFO - HTTP Request: POST https://svip.xty.app/v1/chat/completions "HTTP/1.1 200 OK"
2025-12-28 22:40:20,458 - root - INFO - URL分析完成: https://www.sportskeeda.com/roblox-news/how-get-started-adopt-me-roblox-a-step-by-step-guide, 结果: 安全网站
2025-12-28 22:40:20,459 - root - INFO - 开始检测URL: https://www.youtube.com/watch?v=h30t5C2oiVs
2025-12-28 22:40:20,459 - root - INFO - 开始分析URL: https://www.youtube.com/watch?v=h30t5C2oiVs
2025-12-28 22:40:28,244 - httpx - INFO - HTTP Request: POST https://svip.xty.app/v1/chat/completions "HTTP/1.1 200 OK"
2025-12-28 22:40:28,244 - root - INFO - URL分析完成: https://www.youtube.com/watch?v=h30t5C2oiVs, 结果: 安全网站
2025-12-28 22:40:28,246 - root - INFO - 开始检测URL: https://www.rpgstash.com/blog/roblox-adopt-me-pets-beginners-guide
2025-12-28 22:40:28,246 - root - INFO - 开始分析URL: https://www.rpgstash.com/blog/roblox-adopt-me-pets-beginners-guide
2025-12-28 22:40:40,121 - httpx - INFO - HTTP Request: POST https://svip.xty.app/v1/chat/completions "HTTP/1.1 200 OK"
2025-12-28 22:40:40,123 - root - INFO - URL分析完成: https://www.rpgstash.com/blog/roblox-adopt-me-pets-beginners-guide, 结果: 安全网站
2025-12-28 22:40:40,124 - root - INFO - 开始检测URL: https://www.ldplayer.net/blog/roblox-adopt-me-how-to-level-up-your-pets.html
2025-12-28 22:40:40,124 - root - INFO - 开始分析URL: https://www.ldplayer.net/blog/roblox-adopt-me-how-to-level-up-your-pets.html
2025-12-28 22:40:45,951 - httpx - INFO - HTTP Request: POST https://svip.xty.app/v1/chat/completions "HTTP/1.1 200 OK"
2025-12-28 22:40:45,952 - root - INFO - URL分析完成: https://www.ldplayer.net/blog/roblox-adopt-me-how-to-level-up-your-pets.html, 结果: 安全网站
2025-12-28 22:40:45,953 - root - INFO - 开始检测URL: https://bigbird.alibaba.com/buyingguides/adopt-me-pets
2025-12-28 22:40:45,953 - root - INFO - 开始分析URL: https://bigbird.alibaba.com/buyingguides/adopt-me-pets
2025-12-28 22:40:52,682 - httpx - INFO - HTTP Request: POST https://svip.xty.app/v1/chat/completions "HTTP/1.1 200 OK"
2025-12-28 22:40:52,683 - root - INFO - URL分析完成: https://bigbird.alibaba.com/buyingguides/adopt-me-pets, 结果: 安全网站
2025-12-28 22:40:52,684 - root - INFO - 开始检测URL: https://adoptme.fandom.com/wiki/Adopt_Me!_Wiki
2025-12-28 22:40:52,684 - root - INFO - 开始分析URL: https://adoptme.fandom.com/wiki/Adopt_Me!_Wiki
2025-12-28 22:41:01,771 - httpx - INFO - HTTP Request: POST https://svip.xty.app/v1/chat/completions "HTTP/1.1 200 OK"
2025-12-28 22:41:01,773 - root - INFO - URL分析完成: https://adoptme.fandom.com/wiki/Adopt_Me!_Wiki, 结果: 安全网站
2025-12-28 22:41:01,774 - root - INFO - 开始检测URL: https://parentzone.org.uk/article/everything-you-need-know-about-adopt-me
2025-12-28 22:41:01,774 - root - INFO - 开始分析URL: https://parentzone.org.uk/article/everything-you-need-know-about-adopt-me
2025-12-28 22:41:11,919 - httpx - INFO - HTTP Request: POST https://svip.xty.app/v1/chat/completions "HTTP/1.1 200 OK"
2025-12-28 22:41:11,919 - root - INFO - URL分析完成: https://parentzone.org.uk/article/everything-you-need-know-about-adopt-me, 结果: 安全网站
2025-12-28 22:41:11,919 - root - INFO - 开始检测URL: https://www.lemon8-app.com/lizzy002/7382035414049407493?region=us
2025-12-28 22:41:11,920 - root - INFO - 开始分析URL: https://www.lemon8-app.com/lizzy002/7382035414049407493?region=us
2025-12-28 22:41:19,125 - httpx - INFO - HTTP Request: POST https://svip.xty.app/v1/chat/completions "HTTP/1.1 200 OK"
2025-12-28 22:41:19,126 - root - INFO - URL分析完成: https://www.lemon8-app.com/lizzy002/7382035414049407493?region=us, 结果: 钓鱼网站
2025-12-28 22:41:19,126 - root - INFO - 开始检测URL: https://adoptme.fandom.com/wiki/Pets
2025-12-28 22:41:19,126 - root - INFO - 开始分析URL: https://adoptme.fandom.com/wiki/Pets
2025-12-28 22:41:28,552 - httpx - INFO - HTTP Request: POST https://svip.xty.app/v1/chat/completions "HTTP/1.1 200 OK"
2025-12-28 22:41:28,554 - root - INFO - URL分析完成: https://adoptme.fandom.com/wiki/Pets, 结果: 安全网站
2025-12-28 22:41:28,555 - root - INFO - 开始检测URL: https://network.aljazeera.net/sites/default/files/contact/2025-12/robux-codes-freee1.pdf
2025-12-28 22:41:28,555 - root - INFO - 开始分析URL: https://network.aljazeera.net/sites/default/files/contact/2025-12/robux-codes-freee1.pdf
2025-12-28 22:41:36,366 - httpx - INFO - HTTP Request: POST https://svip.xty.app/v1/chat/completions "HTTP/1.1 200 OK"
2025-12-28 22:41:36,368 - root - INFO - URL分析完成: https://network.aljazeera.net/sites/default/files/contact/2025-12/robux-codes-freee1.pdf, 结果: 安全网站
2025-12-28 22:41:36,368 - root - INFO - 开始检测URL: https://www.youtube.com/watch?v=bTw8y82EMpU
2025-12-28 22:41:36,369 - root - INFO - 开始分析URL: https://www.youtube.com/watch?v=bTw8y82EMpU
2025-12-28 22:41:49,935 - httpx - INFO - HTTP Request: POST https://svip.xty.app/v1/chat/completions "HTTP/1.1 200 OK"
2025-12-28 22:41:49,936 - root - INFO - URL分析完成: https://www.youtube.com/watch?v=bTw8y82EMpU, 结果: 安全网站
2025-12-28 22:41:49,936 - root - INFO - 开始检测URL: https://www.youtube.com/watch?v=d5lVD2fFhgA
2025-12-28 22:41:49,936 - root - INFO - 开始分析URL: https://www.youtube.com/watch?v=d5lVD2fFhgA
2025-12-28 22:41:56,491 - httpx - INFO - HTTP Request: POST https://svip.xty.app/v1/chat/completions "HTTP/1.1 200 OK"
2025-12-28 22:41:56,492 - root - INFO - URL分析完成: https://www.youtube.com/watch?v=d5lVD2fFhgA, 结果: 安全网站
2025-12-28 22:41:56,492 - root - INFO - 开始检测URL: https://www.youtube.com/watch?v=fnTEe6fjKxI
2025-12-28 22:41:56,492 - root - INFO - 开始分析URL: https://www.youtube.com/watch?v=fnTEe6fjKxI
2025-12-28 22:42:08,550 - httpx - INFO - HTTP Request: POST https://svip.xty.app/v1/chat/completions "HTTP/1.1 200 OK"
2025-12-28 22:42:08,551 - root - INFO - URL分析完成: https://www.youtube.com/watch?v=fnTEe6fjKxI, 结果: 安全网站
2025-12-28 22:42:08,553 - root - INFO - 开始检测URL: https://en.help.roblox.com/hc/en-us/articles/204262550-Free-Robux-or-Membership-Generators
2025-12-28 22:42:08,553 - root - INFO - 开始分析URL: https://en.help.roblox.com/hc/en-us/articles/204262550-Free-Robux-or-Membership-Generators
2025-12-28 22:42:17,340 - httpx - INFO - HTTP Request: POST https://svip.xty.app/v1/chat/completions "HTTP/1.1 200 OK"
2025-12-28 22:42:17,341 - root - INFO - URL分析完成: https://en.help.roblox.com/hc/en-us/articles/204262550-Free-Robux-or-Membership-Generators, 结果: 安全网站
2025-12-28 22:42:17,341 - root - INFO - 开始检测URL: https://store.epilepsy.org.uk/blogs/news/the-ultimate-2025-guide-to-free-robux-legit-methods-codes-xkjl
2025-12-28 22:42:17,341 - root - INFO - 开始分析URL: https://store.epilepsy.org.uk/blogs/news/the-ultimate-2025-guide-to-free-robux-legit-methods-codes-xkjl
2025-12-28 22:42:24,024 - httpx - INFO - HTTP Request: POST https://svip.xty.app/v1/chat/completions "HTTP/1.1 200 OK"
2025-12-28 22:42:24,024 - root - INFO - URL分析完成: https://store.epilepsy.org.uk/blogs/news/the-ultimate-2025-guide-to-free-robux-legit-methods-codes-xkjl, 结果: 钓鱼网站
2025-12-28 22:42:24,025 - root - INFO - 开始检测URL: https://en.help.roblox.com/hc/en-us/articles/203313200-Ways-to-Get-Robux
2025-12-28 22:42:24,025 - root - INFO - 开始分析URL: https://en.help.roblox.com/hc/en-us/articles/203313200-Ways-to-Get-Robux
2025-12-28 22:42:29,372 - httpx - INFO - HTTP Request: POST https://svip.xty.app/v1/chat/completions "HTTP/1.1 200 OK"
2025-12-28 22:42:29,374 - root - INFO - URL分析完成: https://en.help.roblox.com/hc/en-us/articles/203313200-Ways-to-Get-Robux, 结果: 安全网站
2025-12-28 22:42:29,374 - root - INFO - 开始检测URL: https://www.loginradius.com/blog/identity/best-practices-username-password-authentication
2025-12-28 22:42:29,375 - root - INFO - 开始分析URL: https://www.loginradius.com/blog/identity/best-practices-username-password-authentication
2025-12-28 22:42:35,214 - httpx - INFO - HTTP Request: POST https://svip.xty.app/v1/chat/completions "HTTP/1.1 200 OK"
2025-12-28 22:42:35,216 - root - INFO - URL分析完成: https://www.loginradius.com/blog/identity/best-practices-username-password-authentication, 结果: 安全网站
2025-12-28 22:42:35,217 - root - INFO - 开始检测URL: https://www.authgear.com/post/web-application-authentication-best-practices
2025-12-28 22:42:35,218 - root - INFO - 开始分析URL: https://www.authgear.com/post/web-application-authentication-best-practices
2025-12-28 22:42:43,063 - httpx - INFO - HTTP Request: POST https://svip.xty.app/v1/chat/completions "HTTP/1.1 200 OK"
2025-12-28 22:42:43,063 - root - INFO - URL分析完成: https://www.authgear.com/post/web-application-authentication-best-practices, 结果: 安全网站
2025-12-28 22:42:43,064 - root - INFO - 开始检测URL: https://cloud.google.com/blog/products/identity-security/account-authentication-and-password-management-best-practices
2025-12-28 22:42:43,064 - root - INFO - 开始分析URL: https://cloud.google.com/blog/products/identity-security/account-authentication-and-password-management-best-practices
2025-12-28 22:42:54,540 - httpx - INFO - HTTP Request: POST https://svip.xty.app/v1/chat/completions "HTTP/1.1 200 OK"
2025-12-28 22:42:54,542 - root - INFO - URL分析完成: https://cloud.google.com/blog/products/identity-security/account-authentication-and-password-management-best-practices, 结果: 安全网站
2025-12-28 22:42:54,544 - root - INFO - 开始检测URL: https://knowledge.hubspot.com/account-security/account-security-and-passwords
2025-12-28 22:42:54,544 - root - INFO - 开始分析URL: https://knowledge.hubspot.com/account-security/account-security-and-passwords
2025-12-28 22:43:09,542 - httpx - INFO - HTTP Request: POST https://svip.xty.app/v1/chat/completions "HTTP/1.1 200 OK"
2025-12-28 22:43:09,543 - root - INFO - URL分析完成: https://knowledge.hubspot.com/account-security/account-security-and-passwords, 结果: 安全网站
2025-12-28 22:43:09,544 - root - INFO - 开始检测URL: https://www.prove.com/blog/secure-authentication-portal-tips
2025-12-28 22:43:09,544 - root - INFO - 开始分析URL: https://www.prove.com/blog/secure-authentication-portal-tips
2025-12-28 22:43:18,632 - httpx - INFO - HTTP Request: POST https://svip.xty.app/v1/chat/completions "HTTP/1.1 200 OK"
2025-12-28 22:43:18,633 - root - INFO - URL分析完成: https://www.prove.com/blog/secure-authentication-portal-tips, 结果: 安全网站
2025-12-28 22:43:18,634 - root - INFO - 开始检测URL: https://cheatsheetseries.owasp.org/cheatsheets/Authentication_Cheat_Sheet.html
2025-12-28 22:43:18,634 - root - INFO - 开始分析URL: https://cheatsheetseries.owasp.org/cheatsheets/Authentication_Cheat_Sheet.html
2025-12-28 22:43:28,643 - httpx - INFO - HTTP Request: POST https://svip.xty.app/v1/chat/completions "HTTP/1.1 200 OK"
2025-12-28 22:43:28,645 - root - INFO - URL分析完成: https://cheatsheetseries.owasp.org/cheatsheets/Authentication_Cheat_Sheet.html, 结果: 安全网站
2025-12-28 22:43:28,646 - root - INFO - 开始检测URL: https://learning.okta.com/path/authentication-best-practices
2025-12-28 22:43:28,646 - root - INFO - 开始分析URL: https://learning.okta.com/path/authentication-best-practices
2025-12-28 22:43:37,599 - httpx - INFO - HTTP Request: POST https://svip.xty.app/v1/chat/completions "HTTP/1.1 200 OK"
2025-12-28 22:43:37,599 - root - INFO - URL分析完成: https://learning.okta.com/path/authentication-best-practices, 结果: 安全网站
2025-12-28 22:43:37,599 - root - INFO - 开始检测URL: https://www.securden.com/blog/password-management-best-practices.html
2025-12-28 22:43:37,600 - root - INFO - 开始分析URL: https://www.securden.com/blog/password-management-best-practices.html
2025-12-28 22:43:45,709 - httpx - INFO - HTTP Request: POST https://svip.xty.app/v1/chat/completions "HTTP/1.1 200 OK"
2025-12-28 22:43:45,710 - root - INFO - URL分析完成: https://www.securden.com/blog/password-management-best-practices.html, 结果: 安全网站
2025-12-28 22:43:45,711 - root - INFO - 开始检测URL: https://wadesk.io/blog/whatsapp-real-time-synchronization
2025-12-28 22:43:45,711 - root - INFO - 开始分析URL: https://wadesk.io/blog/whatsapp-real-time-synchronization
2025-12-28 22:44:18,237 - httpx - INFO - HTTP Request: POST https://svip.xty.app/v1/chat/completions "HTTP/1.1 200 OK"
2025-12-28 22:44:18,237 - root - INFO - URL分析完成: https://wadesk.io/blog/whatsapp-real-time-synchronization, 结果: 钓鱼网站
2025-12-28 22:44:18,239 - root - INFO - 开始检测URL: https://faq.whatsapp.com/1317564962315842/?cms_platform=web&lang=zh-CN
2025-12-28 22:44:18,239 - root - INFO - 开始分析URL: https://faq.whatsapp.com/1317564962315842/?cms_platform=web&lang=zh-CN
2025-12-28 22:44:23,050 - httpx - INFO - HTTP Request: POST https://svip.xty.app/v1/chat/completions "HTTP/1.1 200 OK"
2025-12-28 22:44:23,052 - root - INFO - URL分析完成: https://faq.whatsapp.com/1317564962315842/?cms_platform=web&lang=zh-CN, 结果: 安全网站
2025-12-28 22:44:23,053 - root - INFO - 开始检测URL: https://faq.whatsapp.com/852892549070029/?cms_platform=web&locale=zh_TW
2025-12-28 22:44:23,054 - root - INFO - 开始分析URL: https://faq.whatsapp.com/852892549070029/?cms_platform=web&locale=zh_TW
2025-12-28 22:44:30,380 - httpx - INFO - HTTP Request: POST https://svip.xty.app/v1/chat/completions "HTTP/1.1 200 OK"
2025-12-28 22:44:30,381 - root - INFO - URL分析完成: https://faq.whatsapp.com/852892549070029/?cms_platform=web&locale=zh_TW, 结果: 安全网站
2025-12-28 22:44:30,382 - root - INFO - 开始检测URL: https://faq.whatsapp.com/852892549070029/?locale=zh_HK&cms_platform=web
2025-12-28 22:44:30,382 - root - INFO - 开始分析URL: https://faq.whatsapp.com/852892549070029/?locale=zh_HK&cms_platform=web
2025-12-28 22:44:35,781 - httpx - INFO - HTTP Request: POST https://svip.xty.app/v1/chat/completions "HTTP/1.1 200 OK"
2025-12-28 22:44:35,782 - root - INFO - URL分析完成: https://faq.whatsapp.com/852892549070029/?locale=zh_HK&cms_platform=web, 结果: 安全网站
2025-12-28 22:44:35,783 - root - INFO - 开始检测URL: https://faq.whatsapp.com/378279804439436/?locale=zh_HK
2025-12-28 22:44:35,784 - root - INFO - 开始分析URL: https://faq.whatsapp.com/378279804439436/?locale=zh_HK
2025-12-28 22:44:42,522 - httpx - INFO - HTTP Request: POST https://svip.xty.app/v1/chat/completions "HTTP/1.1 200 OK"
2025-12-28 22:44:42,524 - root - INFO - URL分析完成: https://faq.whatsapp.com/378279804439436/?locale=zh_HK, 结果: 安全网站
2025-12-28 22:44:42,525 - root - INFO - 开始检测URL: https://faq.whatsapp.com/iphone/how-to-add-a-contact?lang=zh_cn
2025-12-28 22:44:42,525 - root - INFO - 开始分析URL: https://faq.whatsapp.com/iphone/how-to-add-a-contact?lang=zh_cn
2025-12-28 22:44:50,226 - httpx - INFO - HTTP Request: POST https://svip.xty.app/v1/chat/completions "HTTP/1.1 200 OK"
2025-12-28 22:44:50,228 - root - INFO - URL分析完成: https://faq.whatsapp.com/iphone/how-to-add-a-contact?lang=zh_cn, 结果: 安全网站
2025-12-28 22:44:50,229 - root - INFO - 开始检测URL: https://faq.whatsapp.com/653480766448040/?locale=zh_TW&cms_platform=web
2025-12-28 22:44:50,229 - root - INFO - 开始分析URL: https://faq.whatsapp.com/653480766448040/?locale=zh_TW&cms_platform=web
2025-12-28 22:44:56,340 - httpx - INFO - HTTP Request: POST https://svip.xty.app/v1/chat/completions "HTTP/1.1 200 OK"
2025-12-28 22:44:56,340 - root - INFO - URL分析完成: https://faq.whatsapp.com/653480766448040/?locale=zh_TW&cms_platform=web, 结果: 安全网站
2025-12-28 22:44:56,341 - root - INFO - 开始检测URL: https://www.rpgstash.com/blog/roblox-blox-fruits-first-sea-guide
2025-12-28 22:44:56,341 - root - INFO - 开始分析URL: https://www.rpgstash.com/blog/roblox-blox-fruits-first-sea-guide
2025-12-28 22:45:04,171 - httpx - INFO - HTTP Request: POST https://svip.xty.app/v1/chat/completions "HTTP/1.1 200 OK"
2025-12-28 22:45:04,172 - root - INFO - URL分析完成: https://www.rpgstash.com/blog/roblox-blox-fruits-first-sea-guide, 结果: 安全网站
2025-12-28 22:45:04,173 - root - INFO - 开始检测URL: https://www.pcgamesn.com/blox-fruits/guide
2025-12-28 22:45:04,173 - root - INFO - 开始分析URL: https://www.pcgamesn.com/blox-fruits/guide
2025-12-28 22:45:10,919 - httpx - INFO - HTTP Request: POST https://svip.xty.app/v1/chat/completions "HTTP/1.1 200 OK"
2025-12-28 22:45:10,921 - root - INFO - URL分析完成: https://www.pcgamesn.com/blox-fruits/guide, 结果: 安全网站
2025-12-28 22:45:10,922 - root - INFO - 开始检测URL: https://www.youtube.com/watch?v=m2PhyGa5Yds
2025-12-28 22:45:10,923 - root - INFO - 开始分析URL: https://www.youtube.com/watch?v=m2PhyGa5Yds
2025-12-28 22:45:20,138 - httpx - INFO - HTTP Request: POST https://svip.xty.app/v1/chat/completions "HTTP/1.1 200 OK"
2025-12-28 22:45:20,140 - root - INFO - URL分析完成: https://www.youtube.com/watch?v=m2PhyGa5Yds, 结果: 安全网站
2025-12-28 22:45:20,141 - root - INFO - 开始检测URL: https://www.youtube.com/watch?v=tf2-JbEH0TI
2025-12-28 22:45:20,141 - root - INFO - 开始分析URL: https://www.youtube.com/watch?v=tf2-JbEH0TI
2025-12-28 22:45:28,332 - httpx - INFO - HTTP Request: POST https://svip.xty.app/v1/chat/completions "HTTP/1.1 200 OK"
2025-12-28 22:45:28,334 - root - INFO - URL分析完成: https://www.youtube.com/watch?v=tf2-JbEH0TI, 结果: 安全网站
2025-12-28 22:45:28,336 - root - INFO - 开始检测URL: https://www.game.guide/blox-fruits
2025-12-28 22:45:28,336 - root - INFO - 开始分析URL: https://www.game.guide/blox-fruits
2025-12-28 22:45:46,189 - httpx - INFO - HTTP Request: POST https://svip.xty.app/v1/chat/completions "HTTP/1.1 200 OK"
2025-12-28 22:45:46,191 - root - INFO - URL分析完成: https://www.game.guide/blox-fruits, 结果: 安全网站
2025-12-28 22:45:46,192 - root - INFO - 开始检测URL: https://blox-fruits.fandom.com/wiki/Leveling_Guide
2025-12-28 22:45:46,192 - root - INFO - 开始分析URL: https://blox-fruits.fandom.com/wiki/Leveling_Guide
2025-12-28 22:45:52,728 - httpx - INFO - HTTP Request: POST https://svip.xty.app/v1/chat/completions "HTTP/1.1 200 OK"
2025-12-28 22:45:52,730 - root - INFO - URL分析完成: https://blox-fruits.fandom.com/wiki/Leveling_Guide, 结果: 安全网站
2025-12-28 22:45:52,732 - root - INFO - 开始检测URL: https://www.youtube.com/playlist?list=PLk7zC2WzGgxAxlCmDimvei9laJuVY2kcr
2025-12-28 22:45:52,732 - root - INFO - 开始分析URL: https://www.youtube.com/playlist?list=PLk7zC2WzGgxAxlCmDimvei9laJuVY2kcr
2025-12-28 22:45:59,832 - httpx - INFO - HTTP Request: POST https://svip.xty.app/v1/chat/completions "HTTP/1.1 200 OK"
2025-12-28 22:45:59,834 - root - INFO - URL分析完成: https://www.youtube.com/playlist?list=PLk7zC2WzGgxAxlCmDimvei9laJuVY2kcr, 结果: 安全网站
2025-12-28 22:45:59,835 - root - INFO - 开始检测URL: https://blox-fruits.fandom.com/wiki/Blox_Fruits
2025-12-28 22:45:59,835 - root - INFO - 开始分析URL: https://blox-fruits.fandom.com/wiki/Blox_Fruits
2025-12-28 22:46:07,523 - httpx - INFO - HTTP Request: POST https://svip.xty.app/v1/chat/completions "HTTP/1.1 200 OK"
2025-12-28 22:46:07,524 - root - INFO - URL分析完成: https://blox-fruits.fandom.com/wiki/Blox_Fruits, 结果: 安全网站
2025-12-28 22:46:07,525 - root - INFO - 开始检测URL: https://robinhood.com/gb/en/support/articles/change-your-password/
2025-12-28 22:46:07,526 - root - INFO - 开始分析URL: https://robinhood.com/gb/en/support/articles/change-your-password/
2025-12-28 22:46:14,991 - httpx - INFO - HTTP Request: POST https://svip.xty.app/v1/chat/completions "HTTP/1.1 200 OK"
2025-12-28 22:46:14,993 - root - INFO - URL分析完成: https://robinhood.com/gb/en/support/articles/change-your-password/, 结果: 安全网站
2025-12-28 22:46:14,994 - root - INFO - 开始检测URL: https://robinhood.com/support/articles/verifying-its-you/
2025-12-28 22:46:14,994 - root - INFO - 开始分析URL: https://robinhood.com/support/articles/verifying-its-you/
2025-12-28 22:46:27,597 - httpx - INFO - HTTP Request: POST https://svip.xty.app/v1/chat/completions "HTTP/1.1 200 OK"
2025-12-28 22:46:27,599 - root - INFO - URL分析完成: https://robinhood.com/support/articles/verifying-its-you/, 结果: 安全网站
2025-12-28 22:46:27,600 - root - INFO - 开始检测URL: https://robinhood.com/us/en/support/articles/sign-in-with-a-new-device/
2025-12-28 22:46:27,600 - root - INFO - 开始分析URL: https://robinhood.com/us/en/support/articles/sign-in-with-a-new-device/
2025-12-28 22:46:35,166 - httpx - INFO - HTTP Request: POST https://svip.xty.app/v1/chat/completions "HTTP/1.1 200 OK"
2025-12-28 22:46:35,168 - root - INFO - URL分析完成: https://robinhood.com/us/en/support/articles/sign-in-with-a-new-device/, 结果: 安全网站
2025-12-28 22:46:35,168 - root - INFO - 开始检测URL: https://robinhood.com/signup
2025-12-28 22:46:35,168 - root - INFO - 开始分析URL: https://robinhood.com/signup
2025-12-28 22:46:42,085 - httpx - INFO - HTTP Request: POST https://svip.xty.app/v1/chat/completions "HTTP/1.1 200 OK"
2025-12-28 22:46:42,087 - root - INFO - URL分析完成: https://robinhood.com/signup, 结果: 安全网站
2025-12-28 22:46:42,088 - root - INFO - 开始检测URL: https://robinhood.com/us/en/support/articles/i-cant-log-in/
2025-12-28 22:46:42,088 - root - INFO - 开始分析URL: https://robinhood.com/us/en/support/articles/i-cant-log-in/
2025-12-28 22:46:49,544 - httpx - INFO - HTTP Request: POST https://svip.xty.app/v1/chat/completions "HTTP/1.1 200 OK"
2025-12-28 22:46:49,546 - root - INFO - URL分析完成: https://robinhood.com/us/en/support/articles/i-cant-log-in/, 结果: 安全网站
2025-12-28 22:46:49,547 - root - INFO - 开始检测URL: https://robinhood.com/connect
2025-12-28 22:46:49,547 - root - INFO - 开始分析URL: https://robinhood.com/connect
2025-12-28 22:46:56,517 - httpx - INFO - HTTP Request: POST https://svip.xty.app/v1/chat/completions "HTTP/1.1 200 OK"
2025-12-28 22:46:56,518 - root - INFO - URL分析完成: https://robinhood.com/connect, 结果: 安全网站
2025-12-28 22:46:56,518 - root - INFO - 开始检测URL: https://robinhood.com/forgot_password
2025-12-28 22:46:56,519 - root - INFO - 开始分析URL: https://robinhood.com/forgot_password
2025-12-28 22:47:01,811 - httpx - INFO - HTTP Request: POST https://svip.xty.app/v1/chat/completions "HTTP/1.1 200 OK"
2025-12-28 22:47:01,812 - root - INFO - URL分析完成: https://robinhood.com/forgot_password, 结果: 安全网站
2025-12-28 22:47:01,813 - root - INFO - 开始检测URL: https://robinhood.com/login/
2025-12-28 22:47:01,813 - root - INFO - 开始分析URL: https://robinhood.com/login/
2025-12-28 22:47:07,711 - httpx - INFO - HTTP Request: POST https://svip.xty.app/v1/chat/completions "HTTP/1.1 200 OK"
2025-12-28 22:47:07,712 - root - INFO - URL分析完成: https://robinhood.com/login/, 结果: 安全网站
2025-12-28 22:47:07,713 - root - INFO - 开始检测URL: https://robinhood.com/support/my-account-and-login/
2025-12-28 22:47:07,714 - root - INFO - 开始分析URL: https://robinhood.com/support/my-account-and-login/
2025-12-28 22:47:18,879 - httpx - INFO - HTTP Request: POST https://svip.xty.app/v1/chat/completions "HTTP/1.1 200 OK"
2025-12-28 22:47:18,880 - root - INFO - URL分析完成: https://robinhood.com/support/my-account-and-login/, 结果: 安全网站
2025-12-28 22:47:18,881 - root - INFO - 开始检测URL: https://10mag.com/verify-naver-account-and-set-up-naver-pay-for-foreigners/
2025-12-28 22:47:18,882 - root - INFO - 开始分析URL: https://10mag.com/verify-naver-account-and-set-up-naver-pay-for-foreigners/
2025-12-28 22:47:25,249 - httpx - INFO - HTTP Request: POST https://svip.xty.app/v1/chat/completions "HTTP/1.1 200 OK"
2025-12-28 22:47:25,251 - root - INFO - URL分析完成: https://10mag.com/verify-naver-account-and-set-up-naver-pay-for-foreigners/, 结果: 安全网站
2025-12-28 22:47:25,252 - root - INFO - 开始检测URL: https://help.worksmobile.com/en/use-guides/settings/security/login-security-settings/
2025-12-28 22:47:25,252 - root - INFO - 开始分析URL: https://help.worksmobile.com/en/use-guides/settings/security/login-security-settings/
2025-12-28 22:47:37,370 - httpx - INFO - HTTP Request: POST https://svip.xty.app/v1/chat/completions "HTTP/1.1 200 OK"
2025-12-28 22:47:37,370 - root - INFO - URL分析完成: https://help.worksmobile.com/en/use-guides/settings/security/login-security-settings/, 结果: 安全网站
2025-12-28 22:47:37,371 - root - INFO - 开始检测URL: https://www.drupal.org/files/issues/naver%20login_development%20guide.pdf
2025-12-28 22:47:37,371 - root - INFO - 开始分析URL: https://www.drupal.org/files/issues/naver%20login_development%20guide.pdf
2025-12-28 22:47:45,275 - httpx - INFO - HTTP Request: POST https://svip.xty.app/v1/chat/completions "HTTP/1.1 200 OK"
2025-12-28 22:47:45,277 - root - INFO - URL分析完成: https://www.drupal.org/files/issues/naver%20login_development%20guide.pdf, 结果: 安全网站
2025-12-28 22:47:45,277 - root - INFO - 开始检测URL: https://help.naver.com/service/5640/contents/20315?lang=en
2025-12-28 22:47:45,278 - root - INFO - 开始分析URL: https://help.naver.com/service/5640/contents/20315?lang=en
2025-12-28 22:47:53,049 - httpx - INFO - HTTP Request: POST https://svip.xty.app/v1/chat/completions "HTTP/1.1 200 OK"
2025-12-28 22:47:53,052 - root - INFO - URL分析完成: https://help.naver.com/service/5640/contents/20315?lang=en, 结果: 安全网站
2025-12-28 22:47:53,053 - root - INFO - 开始检测URL: https://nid.naver.com/nidlogin.login?locale=ssugmmgjffiibh
2025-12-28 22:47:53,053 - root - INFO - 开始分析URL: https://nid.naver.com/nidlogin.login?locale=ssugmmgjffiibh
2025-12-28 22:47:59,295 - httpx - INFO - HTTP Request: POST https://svip.xty.app/v1/chat/completions "HTTP/1.1 200 OK"
2025-12-28 22:47:59,295 - root - INFO - URL分析完成: https://nid.naver.com/nidlogin.login?locale=ssugmmgjffiibh, 结果: 钓鱼网站
2025-12-28 22:47:59,296 - root - INFO - 开始检测URL: https://help.naver.com/service/5640/contents/20786?lang=en
2025-12-28 22:47:59,296 - root - INFO - 开始分析URL: https://help.naver.com/service/5640/contents/20786?lang=en
2025-12-28 22:48:05,549 - httpx - INFO - HTTP Request: POST https://svip.xty.app/v1/chat/completions "HTTP/1.1 200 OK"
2025-12-28 22:48:05,551 - root - INFO - URL分析完成: https://help.naver.com/service/5640/contents/20786?lang=en, 结果: 安全网站
2025-12-28 22:48:05,553 - root - INFO - 开始检测URL: https://help.naver.com/service/5640/contents/20782?lang=en
2025-12-28 22:48:05,553 - root - INFO - 开始分析URL: https://help.naver.com/service/5640/contents/20782?lang=en
2025-12-28 22:48:13,502 - httpx - INFO - HTTP Request: POST https://svip.xty.app/v1/chat/completions "HTTP/1.1 200 OK"
2025-12-28 22:48:13,504 - root - INFO - URL分析完成: https://help.naver.com/service/5640/contents/20782?lang=en, 结果: 安全网站
2025-12-28 22:48:13,505 - root - INFO - 开始检测URL: https://help.naver.com/index.help?lang=en
2025-12-28 22:48:13,505 - root - INFO - 开始分析URL: https://help.naver.com/index.help?lang=en
2025-12-28 22:48:26,408 - httpx - INFO - HTTP Request: POST https://svip.xty.app/v1/chat/completions "HTTP/1.1 200 OK"
2025-12-28 22:48:26,408 - root - INFO - URL分析完成: https://help.naver.com/index.help?lang=en, 结果: 安全网站
2025-12-28 22:48:26,409 - root - INFO - 开始检测URL: https://www.eprussia.ru/news/base/2024/2873023.htm
2025-12-28 22:48:26,410 - root - INFO - 开始分析URL: https://www.eprussia.ru/news/base/2024/2873023.htm
2025-12-28 22:48:49,032 - httpx - INFO - HTTP Request: POST https://svip.xty.app/v1/chat/completions "HTTP/1.1 200 OK"
2025-12-28 22:48:49,033 - root - INFO - URL分析完成: https://www.eprussia.ru/news/base/2024/2873023.htm, 结果: 安全网站
2025-12-28 22:48:49,033 - root - INFO - 开始检测URL: https://www.gazprom.ru/press/news/2024/december/article578725/
2025-12-28 22:48:49,034 - root - INFO - 开始分析URL: https://www.gazprom.ru/press/news/2024/december/article578725/
2025-12-28 22:49:26,007 - httpx - INFO - HTTP Request: POST https://svip.xty.app/v1/chat/completions "HTTP/1.1 200 OK"
2025-12-28 22:49:26,009 - root - INFO - URL分析完成: https://www.gazprom.ru/press/news/2024/december/article578725/, 结果: 安全网站
2025-12-28 22:49:26,009 - root - INFO - 开始检测URL: https://tass.ru/ekonomika/25479959
2025-12-28 22:49:26,009 - root - INFO - 开始分析URL: https://tass.ru/ekonomika/25479959
2025-12-28 22:49:33,669 - httpx - INFO - HTTP Request: POST https://svip.xty.app/v1/chat/completions "HTTP/1.1 200 OK"
2025-12-28 22:49:33,671 - root - INFO - URL分析完成: https://tass.ru/ekonomika/25479959, 结果: 安全网站
2025-12-28 22:49:33,672 - root - INFO - 开始检测URL: https://www.metalinfo.ru/ru/news/178027
2025-12-28 22:49:33,672 - root - INFO - 开始分析URL: https://www.metalinfo.ru/ru/news/178027
2025-12-28 22:49:45,002 - httpx - INFO - HTTP Request: POST https://svip.xty.app/v1/chat/completions "HTTP/1.1 200 OK"
2025-12-28 22:49:45,004 - root - INFO - URL分析完成: https://www.metalinfo.ru/ru/news/178027, 结果: 安全网站
2025-12-28 22:49:45,005 - root - INFO - 开始检测URL: https://www.vedomosti.ru/business/news/2025/12/23/1165789-odobril-investitsionnuyu-programmu
2025-12-28 22:49:45,006 - root - INFO - 开始分析URL: https://www.vedomosti.ru/business/news/2025/12/23/1165789-odobril-investitsionnuyu-programmu
2025-12-28 22:49:57,446 - httpx - INFO - HTTP Request: POST https://svip.xty.app/v1/chat/completions "HTTP/1.1 200 OK"
2025-12-28 22:49:57,447 - root - INFO - URL分析完成: https://www.vedomosti.ru/business/news/2025/12/23/1165789-odobril-investitsionnuyu-programmu, 结果: 安全网站
2025-12-28 22:49:57,447 - root - INFO - 开始检测URL: https://www.tbank.ru/invest/social/profile/T-Investments/fffe5cc4-0e04-4818-bfc2-e2daa4a05056/
2025-12-28 22:49:57,447 - root - INFO - 开始分析URL: https://www.tbank.ru/invest/social/profile/T-Investments/fffe5cc4-0e04-4818-bfc2-e2daa4a05056/
2025-12-28 22:50:06,446 - httpx - INFO - HTTP Request: POST https://svip.xty.app/v1/chat/completions "HTTP/1.1 200 OK"
2025-12-28 22:50:06,448 - root - INFO - URL分析完成: https://www.tbank.ru/invest/social/profile/T-Investments/fffe5cc4-0e04-4818-bfc2-e2daa4a05056/, 结果: 钓鱼网站
2025-12-28 22:50:06,450 - root - INFO - 开始检测URL: https://www.gazprom.ru/press/news/2025/october/article582807/
2025-12-28 22:50:06,450 - root - INFO - 开始分析URL: https://www.gazprom.ru/press/news/2025/october/article582807/
2025-12-28 22:50:42,180 - httpx - INFO - HTTP Request: POST https://svip.xty.app/v1/chat/completions "HTTP/1.1 200 OK"
2025-12-28 22:50:42,180 - root - INFO - URL分析完成: https://www.gazprom.ru/press/news/2025/october/article582807/, 结果: 安全网站
2025-12-28 22:50:42,180 - root - INFO - 开始检测URL: https://www.gazprom.ru/press/news/2025/october/article582836/
2025-12-28 22:50:42,180 - root - INFO - 开始分析URL: https://www.gazprom.ru/press/news/2025/october/article582836/
2025-12-28 22:51:19,954 - httpx - INFO - HTTP Request: POST https://svip.xty.app/v1/chat/completions "HTTP/1.1 200 OK"
2025-12-28 22:51:19,955 - root - INFO - URL分析完成: https://www.gazprom.ru/press/news/2025/october/article582836/, 结果: 安全网站
2025-12-28 22:51:19,955 - root - INFO - 开始检测URL: https://neftegaz.ru/news/companies/911465-gazprom-podvel-itogi-2025-g-i-oboznachil-prioritety-na-2026-y-gazifikatsiya-eksport-i-tsifrovaya-gaz/
2025-12-28 22:51:19,955 - root - INFO - 开始分析URL: https://neftegaz.ru/news/companies/911465-gazprom-podvel-itogi-2025-g-i-oboznachil-prioritety-na-2026-y-gazifikatsiya-eksport-i-tsifrovaya-gaz/
2025-12-28 22:51:31,187 - httpx - INFO - HTTP Request: POST https://svip.xty.app/v1/chat/completions "HTTP/1.1 200 OK"
2025-12-28 22:51:31,189 - root - INFO - URL分析完成: https://neftegaz.ru/news/companies/911465-gazprom-podvel-itogi-2025-g-i-oboznachil-prioritety-na-2026-y-gazifikatsiya-eksport-i-tsifrovaya-gaz/, 结果: 安全网站
2025-12-28 22:51:31,191 - root - INFO - 开始检测URL: https://wadesk.io/cn/tutorial/whatsapp-desktop-login-tutorial
2025-12-28 22:51:31,191 - root - INFO - 开始分析URL: https://wadesk.io/cn/tutorial/whatsapp-desktop-login-tutorial
2025-12-28 22:51:45,292 - httpx - INFO - HTTP Request: POST https://svip.xty.app/v1/chat/completions "HTTP/1.1 200 OK"
2025-12-28 22:51:45,293 - root - INFO - URL分析完成: https://wadesk.io/cn/tutorial/whatsapp-desktop-login-tutorial, 结果: 安全网站
2025-12-28 22:51:45,293 - root - INFO - 开始检测URL: https://blog.whatsapp.com/whats-app-web?lang=zh
2025-12-28 22:51:45,293 - root - INFO - 开始分析URL: https://blog.whatsapp.com/whats-app-web?lang=zh
2025-12-28 22:51:51,303 - httpx - INFO - HTTP Request: POST https://svip.xty.app/v1/chat/completions "HTTP/1.1 200 OK"
2025-12-28 22:51:51,303 - root - INFO - URL分析完成: https://blog.whatsapp.com/whats-app-web?lang=zh, 结果: 安全网站
2025-12-28 22:51:51,304 - root - INFO - 开始检测URL: https://sleekflow.io/zh-hk/blog/whatsapp-web
2025-12-28 22:51:51,304 - root - INFO - 开始分析URL: https://sleekflow.io/zh-hk/blog/whatsapp-web
2025-12-28 22:51:59,284 - httpx - INFO - HTTP Request: POST https://svip.xty.app/v1/chat/completions "HTTP/1.1 200 OK"
2025-12-28 22:51:59,286 - root - INFO - URL分析完成: https://sleekflow.io/zh-hk/blog/whatsapp-web, 结果: 安全网站
2025-12-28 22:51:59,286 - root - INFO - 开始检测URL: https://www.dumbchat.ai/whatsapp-web/
2025-12-28 22:51:59,286 - root - INFO - 开始分析URL: https://www.dumbchat.ai/whatsapp-web/
2025-12-28 22:52:14,815 - httpx - INFO - HTTP Request: POST https://svip.xty.app/v1/chat/completions "HTTP/1.1 200 OK"
2025-12-28 22:52:14,815 - root - INFO - URL分析完成: https://www.dumbchat.ai/whatsapp-web/, 结果: 钓鱼网站
2025-12-28 22:52:14,815 - root - INFO - 开始检测URL: https://www.salesmartly.com/blog/docs/whatsapp-web-and-whatsapp-desktop
2025-12-28 22:52:14,815 - root - INFO - 开始分析URL: https://www.salesmartly.com/blog/docs/whatsapp-web-and-whatsapp-desktop
2025-12-28 22:52:28,953 - httpx - INFO - HTTP Request: POST https://svip.xty.app/v1/chat/completions "HTTP/1.1 200 OK"
2025-12-28 22:52:28,953 - root - INFO - URL分析完成: https://www.salesmartly.com/blog/docs/whatsapp-web-and-whatsapp-desktop, 结果: 钓鱼网站
2025-12-28 22:52:28,954 - root - INFO - 开始检测URL: https://sleekflow.io/zh-cn/blog/whatsapp-%E7%BD%91%E9%A1%B5%E7%89%88
2025-12-28 22:52:28,954 - root - INFO - 开始分析URL: https://sleekflow.io/zh-cn/blog/whatsapp-%E7%BD%91%E9%A1%B5%E7%89%88
2025-12-28 22:52:35,235 - httpx - INFO - HTTP Request: POST https://svip.xty.app/v1/chat/completions "HTTP/1.1 200 OK"
2025-12-28 22:52:35,237 - root - INFO - URL分析完成: https://sleekflow.io/zh-cn/blog/whatsapp-%E7%BD%91%E9%A1%B5%E7%89%88, 结果: 安全网站
2025-12-28 22:52:35,238 - root - INFO - 开始检测URL: https://www.adspower.net/blog/whatsapp-web-version-guide
2025-12-28 22:52:35,238 - root - INFO - 开始分析URL: https://www.adspower.net/blog/whatsapp-web-version-guide
2025-12-28 22:52:41,729 - httpx - INFO - HTTP Request: POST https://svip.xty.app/v1/chat/completions "HTTP/1.1 200 OK"
2025-12-28 22:52:41,730 - root - INFO - URL分析完成: https://www.adspower.net/blog/whatsapp-web-version-guide, 结果: 安全网站
2025-12-28 22:52:41,730 - root - INFO - 使用缓存的检测结果: https://faq.whatsapp.com/1317564962315842/?cms_platform=web&lang=zh-CN
2025-12-28 22:52:41,730 - root - INFO - 开始检测URL: https://faq.whatsapp.com/668538004658079/?locale=zh_CN&cms_platform=web
2025-12-28 22:52:41,730 - root - INFO - 开始分析URL: https://faq.whatsapp.com/668538004658079/?locale=zh_CN&cms_platform=web
2025-12-28 22:52:47,943 - httpx - INFO - HTTP Request: POST https://svip.xty.app/v1/chat/completions "HTTP/1.1 200 OK"
2025-12-28 22:52:47,944 - root - INFO - URL分析完成: https://faq.whatsapp.com/668538004658079/?locale=zh_CN&cms_platform=web, 结果: 安全网站
2025-12-28 22:52:47,945 - root - INFO - 使用缓存的检测结果: https://wadesk.io/cn/tutorial/whatsapp-desktop-login-tutorial
2025-12-28 22:52:47,945 - root - INFO - 使用缓存的检测结果: https://blog.whatsapp.com/whats-app-web?lang=zh
2025-12-28 22:52:47,945 - root - INFO - 使用缓存的检测结果: https://sleekflow.io/zh-hk/blog/whatsapp-web
2025-12-28 22:52:47,945 - root - INFO - 使用缓存的检测结果: https://www.dumbchat.ai/whatsapp-web/
2025-12-28 22:52:47,946 - root - INFO - 使用缓存的检测结果: https://www.salesmartly.com/blog/docs/whatsapp-web-and-whatsapp-desktop
2025-12-28 22:52:47,946 - root - INFO - 使用缓存的检测结果: https://sleekflow.io/zh-cn/blog/whatsapp-%E7%BD%91%E9%A1%B5%E7%89%88
2025-12-28 22:52:47,946 - root - INFO - 使用缓存的检测结果: https://faq.whatsapp.com/668538004658079/?locale=zh_CN&cms_platform=web
2025-12-28 22:52:47,946 - root - INFO - 使用缓存的检测结果: https://faq.whatsapp.com/1317564962315842/?cms_platform=web&lang=zh-CN
2025-12-28 22:52:47,946 - root - INFO - 开始检测URL: https://faq.whatsapp.com/general/chats/how-to-use-click-to-chat/?lang=zh_cn
2025-12-28 22:52:47,946 - root - INFO - 开始分析URL: https://faq.whatsapp.com/general/chats/how-to-use-click-to-chat/?lang=zh_cn
2025-12-28 22:52:53,529 - httpx - INFO - HTTP Request: POST https://svip.xty.app/v1/chat/completions "HTTP/1.1 200 OK"
2025-12-28 22:52:53,531 - root - INFO - URL分析完成: https://faq.whatsapp.com/general/chats/how-to-use-click-to-chat/?lang=zh_cn, 结果: 安全网站
2025-12-28 22:52:53,532 - root - INFO - 使用缓存的检测结果: https://www.pdfgear.com/sign-pdf/how-to-validate-digital-signatures.htm
2025-12-28 22:52:53,532 - root - INFO - 使用缓存的检测结果: https://www.pdfforge.org/online/en/validate-pdfa
2025-12-28 22:52:53,532 - root - INFO - 使用缓存的检测结果: https://verify-e-sign.pdffiller.com
2025-12-28 22:52:53,533 - root - INFO - 使用缓存的检测结果: https://helpx.adobe.com/acrobat/desktop/e-sign-documents/manage-digital-signatures/validate-digital-sign.html
2025-12-28 22:52:53,533 - root - INFO - 开始检测URL: https://helpx.adobe.com/acrobat/desktop/e-sign-documents/manage-digital-signatures/certify-pdfs.html
2025-12-28 22:52:53,533 - root - INFO - 开始分析URL: https://helpx.adobe.com/acrobat/desktop/e-sign-documents/manage-digital-signatures/certify-pdfs.html
2025-12-28 22:53:31,174 - httpx - INFO - HTTP Request: POST https://svip.xty.app/v1/chat/completions "HTTP/1.1 200 OK"
2025-12-28 22:53:31,176 - root - INFO - URL分析完成: https://helpx.adobe.com/acrobat/desktop/e-sign-documents/manage-digital-signatures/certify-pdfs.html, 结果: 安全网站
2025-12-28 22:53:31,176 - root - INFO - 开始检测URL: https://www.pdf2go.com/validate-pdfa
2025-12-28 22:53:31,176 - root - INFO - 开始分析URL: https://www.pdf2go.com/validate-pdfa
2025-12-28 22:53:39,676 - httpx - INFO - HTTP Request: POST https://svip.xty.app/v1/chat/completions "HTTP/1.1 200 OK"
2025-12-28 22:53:39,678 - root - INFO - URL分析完成: https://www.pdf2go.com/validate-pdfa, 结果: 安全网站
2025-12-28 22:53:39,679 - root - INFO - 使用缓存的检测结果: https://www.adobe.com/acrobat/online/ocr-pdf.html
2025-12-28 22:53:39,679 - root - INFO - 使用缓存的检测结果: https://helpx.adobe.com/acrobat/using/create-verify-pdf-accessibility.html
2025-12-28 22:53:39,679 - root - INFO - 使用缓存的检测结果: https://www.adobe.com/acrobat/online.html
2025-12-28 22:53:39,679 - root - INFO - 使用缓存的检测结果: https://www.adobe.com/acrobat/online/ai-chat-pdf.html
2025-12-28 22:53:39,679 - root - INFO - 开始检测URL: https://www.telecomtv.com/content/telcos-and-ai-channel/ai-influences-telstra-s-new-five-year-strategy-53083/
2025-12-28 22:53:39,680 - root - INFO - 开始分析URL: https://www.telecomtv.com/content/telcos-and-ai-channel/ai-influences-telstra-s-new-five-year-strategy-53083/
2025-12-28 22:53:45,754 - httpx - INFO - HTTP Request: POST https://svip.xty.app/v1/chat/completions "HTTP/1.1 200 OK"
2025-12-28 22:53:45,756 - root - INFO - URL分析完成: https://www.telecomtv.com/content/telcos-and-ai-channel/ai-influences-telstra-s-new-five-year-strategy-53083/, 结果: 安全网站
2025-12-28 22:53:45,757 - root - INFO - 开始检测URL: https://www.forrester.com/blogs/telstra-accelerates-its-ai-journey/
2025-12-28 22:53:45,757 - root - INFO - 开始分析URL: https://www.forrester.com/blogs/telstra-accelerates-its-ai-journey/
2025-12-28 22:53:57,976 - httpx - INFO - HTTP Request: POST https://svip.xty.app/v1/chat/completions "HTTP/1.1 200 OK"
2025-12-28 22:53:57,977 - root - INFO - URL分析完成: https://www.forrester.com/blogs/telstra-accelerates-its-ai-journey/, 结果: 安全网站
2025-12-28 22:53:57,977 - root - INFO - 开始检测URL: https://techblog.comsoc.org/tag/telstra/
2025-12-28 22:53:57,977 - root - INFO - 开始分析URL: https://techblog.comsoc.org/tag/telstra/
2025-12-28 22:54:05,571 - httpx - INFO - HTTP Request: POST https://svip.xty.app/v1/chat/completions "HTTP/1.1 200 OK"
2025-12-28 22:54:05,572 - root - INFO - URL分析完成: https://techblog.comsoc.org/tag/telstra/, 结果: 安全网站
2025-12-28 22:54:05,573 - root - INFO - 开始检测URL: https://www.telstra.com.au/connected
2025-12-28 22:54:05,573 - root - INFO - 开始分析URL: https://www.telstra.com.au/connected
2025-12-28 22:54:11,594 - httpx - INFO - HTTP Request: POST https://svip.xty.app/v1/chat/completions "HTTP/1.1 200 OK"
2025-12-28 22:54:11,596 - root - INFO - URL分析完成: https://www.telstra.com.au/connected, 结果: 安全网站
2025-12-28 22:54:11,597 - root - INFO - 开始检测URL: https://www.telstra.com.au/connected/news
2025-12-28 22:54:11,597 - root - INFO - 开始分析URL: https://www.telstra.com.au/connected/news
2025-12-28 22:54:18,850 - httpx - INFO - HTTP Request: POST https://svip.xty.app/v1/chat/completions "HTTP/1.1 200 OK"
2025-12-28 22:54:18,852 - root - INFO - URL分析完成: https://www.telstra.com.au/connected/news, 结果: 安全网站
2025-12-28 22:54:18,853 - root - INFO - 开始检测URL: https://adapt.com.au/resources/expert-presentations/how-telstra-drives-network-leadership-and-product-innovation-with-ai-powered-resilience/
2025-12-28 22:54:18,853 - root - INFO - 开始分析URL: https://adapt.com.au/resources/expert-presentations/how-telstra-drives-network-leadership-and-product-innovation-with-ai-powered-resilience/
2025-12-28 22:54:29,576 - httpx - INFO - HTTP Request: POST https://svip.xty.app/v1/chat/completions "HTTP/1.1 200 OK"
2025-12-28 22:54:29,577 - root - INFO - URL分析完成: https://adapt.com.au/resources/expert-presentations/how-telstra-drives-network-leadership-and-product-innovation-with-ai-powered-resilience/, 结果: 安全网站
2025-12-28 22:54:29,578 - root - INFO - 开始检测URL: https://infraco.telstra.com.au/infraco-insights/technology
2025-12-28 22:54:29,579 - root - INFO - 开始分析URL: https://infraco.telstra.com.au/infraco-insights/technology
2025-12-28 22:54:36,034 - httpx - INFO - HTTP Request: POST https://svip.xty.app/v1/chat/completions "HTTP/1.1 200 OK"
2025-12-28 22:54:36,035 - root - INFO - URL分析完成: https://infraco.telstra.com.au/infraco-insights/technology, 结果: 安全网站
2025-12-28 22:54:36,037 - root - INFO - 开始检测URL: https://www.telstrainternational.com/en/news-research/articles
2025-12-28 22:54:36,037 - root - INFO - 开始分析URL: https://www.telstrainternational.com/en/news-research/articles
2025-12-28 22:54:42,843 - httpx - INFO - HTTP Request: POST https://svip.xty.app/v1/chat/completions "HTTP/1.1 200 OK"
2025-12-28 22:54:42,845 - root - INFO - URL分析完成: https://www.telstrainternational.com/en/news-research/articles, 结果: 安全网站
2025-12-28 22:54:42,846 - root - INFO - 开始检测URL: https://www.telstra.com.au/business-enterprise/news-research/articles
2025-12-28 22:54:42,846 - root - INFO - 开始分析URL: https://www.telstra.com.au/business-enterprise/news-research/articles
2025-12-28 22:54:51,377 - httpx - INFO - HTTP Request: POST https://svip.xty.app/v1/chat/completions "HTTP/1.1 200 OK"
2025-12-28 22:54:51,379 - root - INFO - URL分析完成: https://www.telstra.com.au/business-enterprise/news-research/articles, 结果: 安全网站
2025-12-28 22:54:51,380 - root - INFO - 开始检测URL: https://telstrafoundation.com/insights-and-blogs/
2025-12-28 22:54:51,381 - root - INFO - 开始分析URL: https://telstrafoundation.com/insights-and-blogs/
2025-12-28 22:54:59,286 - httpx - INFO - HTTP Request: POST https://svip.xty.app/v1/chat/completions "HTTP/1.1 200 OK"
2025-12-28 22:54:59,288 - root - INFO - URL分析完成: https://telstrafoundation.com/insights-and-blogs/, 结果: 安全网站
2025-12-28 22:54:59,289 - root - INFO - 开始检测URL: https://pdf.wondershare.com/sign-pdf/adobe-verified-signature.html
2025-12-28 22:54:59,289 - root - INFO - 开始分析URL: https://pdf.wondershare.com/sign-pdf/adobe-verified-signature.html
2025-12-28 22:55:06,350 - httpx - INFO - HTTP Request: POST https://svip.xty.app/v1/chat/completions "HTTP/1.1 200 OK"
2025-12-28 22:55:06,351 - root - INFO - URL分析完成: https://pdf.wondershare.com/sign-pdf/adobe-verified-signature.html, 结果: 安全网站
2025-12-28 22:55:06,352 - root - INFO - 开始检测URL: https://www.esignglobal.com/blog/validate-digital-signature-adobe-acrobat-pdf-verification
2025-12-28 22:55:06,352 - root - INFO - 开始分析URL: https://www.esignglobal.com/blog/validate-digital-signature-adobe-acrobat-pdf-verification
2025-12-28 22:55:13,177 - httpx - INFO - HTTP Request: POST https://svip.xty.app/v1/chat/completions "HTTP/1.1 200 OK"
2025-12-28 22:55:13,178 - root - INFO - URL分析完成: https://www.esignglobal.com/blog/validate-digital-signature-adobe-acrobat-pdf-verification, 结果: 安全网站
2025-12-28 22:55:13,178 - root - INFO - 使用缓存的检测结果: https://verify-e-sign.pdffiller.com
2025-12-28 22:55:13,178 - root - INFO - 使用缓存的检测结果: https://helpx.adobe.com/acrobat/desktop/e-sign-documents/manage-digital-signatures/validate-digital-sign.html
2025-12-28 22:55:13,178 - root - INFO - 使用缓存的检测结果: https://helpx.adobe.com/acrobat/desktop/e-sign-documents/manage-digital-signatures/certify-pdfs.html
2025-12-28 22:55:13,178 - root - INFO - 开始检测URL: https://helpx.adobe.com/in/acrobat/desktop/e-sign-documents/fill-sign-documents/add-verification.html
2025-12-28 22:55:13,178 - root - INFO - 开始分析URL: https://helpx.adobe.com/in/acrobat/desktop/e-sign-documents/fill-sign-documents/add-verification.html
2025-12-28 22:55:50,117 - httpx - INFO - HTTP Request: POST https://svip.xty.app/v1/chat/completions "HTTP/1.1 200 OK"
2025-12-28 22:55:50,119 - root - INFO - URL分析完成: https://helpx.adobe.com/in/acrobat/desktop/e-sign-documents/fill-sign-documents/add-verification.html, 结果: 安全网站
2025-12-28 22:55:50,119 - root - INFO - 开始检测URL: https://www.adobe.com/acrobat/online/sign-pdf.html
2025-12-28 22:55:50,120 - root - INFO - 开始分析URL: https://www.adobe.com/acrobat/online/sign-pdf.html
2025-12-28 22:56:27,232 - httpx - INFO - HTTP Request: POST https://svip.xty.app/v1/chat/completions "HTTP/1.1 200 OK"
2025-12-28 22:56:27,232 - root - INFO - URL分析完成: https://www.adobe.com/acrobat/online/sign-pdf.html, 结果: 安全网站
2025-12-28 22:56:27,233 - root - INFO - 使用缓存的检测结果: https://helpx.adobe.com/acrobat/using/create-verify-pdf-accessibility.html
2025-12-28 22:56:27,233 - root - INFO - 使用缓存的检测结果: https://www.adobe.com/acrobat/online/ai-chat-pdf.html
2025-12-28 22:56:27,233 - root - INFO - 开始检测URL: https://helpx.adobe.com/acrobat/desktop/protect-documents/manage-digital-ids/digital-ids.html
2025-12-28 22:56:27,233 - root - INFO - 开始分析URL: https://helpx.adobe.com/acrobat/desktop/protect-documents/manage-digital-ids/digital-ids.html
2025-12-28 22:57:03,657 - httpx - INFO - HTTP Request: POST https://svip.xty.app/v1/chat/completions "HTTP/1.1 200 OK"
2025-12-28 22:57:03,659 - root - INFO - URL分析完成: https://helpx.adobe.com/acrobat/desktop/protect-documents/manage-digital-ids/digital-ids.html, 结果: 安全网站
2025-12-28 22:57:03,663 - root - INFO - 数据已保存到: .\result_20251228215000.json
2025-12-28 22:57:03,663 - root - INFO - 结果已保存到: .\result_20251228215000.json，共 24 个条目
2025-12-28 22:57:03,668 - root - INFO - 数据已保存到: .\phishing_cache.json
2025-12-28 22:57:03,668 - root - INFO - 缓存已更新: .\phishing_cache.json，共 204 个条目
2025-12-28 22:57:03,668 - root - INFO - 处理完成，共处理 24 个新项目
2025-12-28 22:57:03,669 - root - INFO - ==== PINISH流程执行完成 ====
2025-12-28 23:05:00,495 - root - INFO - ==== 开始执行PINISH流程 ====
2025-12-28 23:05:00,495 - root - INFO - ==== 步骤2: 执行查询获取回答 ====
2025-12-28 23:05:00,496 - root - INFO - 处理查询 1/24
2025-12-28 23:05:00,496 - root - INFO - 处理查询，ID: 0b28b07a91991aa4ec6ca3c3ad674ee4
2025-12-28 23:05:11,875 - root - INFO - 处理查询 2/24
2025-12-28 23:05:11,875 - root - INFO - 处理查询，ID: 5a8a39d4f68092565f110840ea7884cd
2025-12-28 23:05:26,649 - root - INFO - 处理查询 3/24
2025-12-28 23:05:26,650 - root - INFO - 处理查询，ID: edc64e72a6bedc43da875387fa220256
2025-12-28 23:05:42,168 - root - INFO - 处理查询 4/24
2025-12-28 23:05:42,168 - root - INFO - 处理查询，ID: d3e73b3b540643f7cc6988f25db26118
2025-12-28 23:05:49,074 - root - INFO - 处理查询 5/24
2025-12-28 23:05:49,074 - root - INFO - 处理查询，ID: e4339aa88872236457e2fffe1ac7359e
2025-12-28 23:06:06,047 - root - INFO - 处理查询 6/24
2025-12-28 23:06:06,047 - root - INFO - 处理查询，ID: fa37bc8c657c9b30739f58ac2c660755
2025-12-28 23:06:17,204 - root - INFO - 处理查询 7/24
2025-12-28 23:06:17,204 - root - INFO - 处理查询，ID: 1b811fac31925317227376c3388c02d8
2025-12-28 23:06:26,449 - root - INFO - 处理查询 8/24
2025-12-28 23:06:26,450 - root - INFO - 处理查询，ID: 62fc76c21b96da8fa81c60e4fef6ac28
2025-12-28 23:06:33,045 - root - INFO - 处理查询 9/24
2025-12-28 23:06:33,045 - root - INFO - 处理查询，ID: 96e5631021b431a58d18c4575b3bae12
2025-12-28 23:06:44,944 - root - INFO - 处理查询 10/24
2025-12-28 23:06:44,944 - root - INFO - 处理查询，ID: 5a465860906cec5e7447cffc06c59341
2025-12-28 23:06:51,674 - root - INFO - 处理查询 11/24
2025-12-28 23:06:51,674 - root - INFO - 处理查询，ID: d0fab6616be824350e5e1c8c9adc2b86
2025-12-28 23:07:04,210 - root - INFO - 处理查询 12/24
2025-12-28 23:07:04,210 - root - INFO - 处理查询，ID: a233094d2058974a82a5465746bf481f
2025-12-28 23:07:15,367 - root - INFO - 处理查询 13/24
2025-12-28 23:07:15,367 - root - INFO - 处理查询，ID: db42d086fb6d1ce4707b833155a665bc
2025-12-28 23:07:24,297 - root - INFO - 处理查询 14/24
2025-12-28 23:07:24,297 - root - INFO - 处理查询，ID: 21116efe60c055da7f3479502ae46c97
2025-12-28 23:07:32,245 - root - INFO - 处理查询 15/24
2025-12-28 23:07:32,245 - root - INFO - 处理查询，ID: deff57fcfb9fbd87e716015da41dd52c
2025-12-28 23:07:40,790 - root - INFO - 处理查询 16/24
2025-12-28 23:07:40,790 - root - INFO - 处理查询，ID: a013e09a135bdbd977a506f7d4e76831
2025-12-28 23:07:52,203 - root - INFO - 处理查询 17/24
2025-12-28 23:07:52,204 - root - INFO - 处理查询，ID: 4be72ce154eff2fd88df5f4d3e857c09
2025-12-28 23:08:00,614 - root - INFO - 处理查询 18/24
2025-12-28 23:08:00,614 - root - INFO - 处理查询，ID: c13f4bf85b46e5dfebe6ae4764d833ad
2025-12-28 23:08:14,675 - root - INFO - 处理查询 19/24
2025-12-28 23:08:14,675 - root - INFO - 处理查询，ID: 7fbeba3a87bf5c3e235a3d3c8ebee0e5
2025-12-28 23:08:27,347 - root - INFO - 处理查询 20/24
2025-12-28 23:08:27,347 - root - INFO - 处理查询，ID: 90705c8d22e34d7bf46974edf8e858ed
2025-12-28 23:08:40,433 - root - INFO - 处理查询 21/24
2025-12-28 23:08:40,434 - root - INFO - 处理查询，ID: af9bf99b9b5d948e388be107fd54e94f
2025-12-28 23:08:47,663 - root - INFO - 处理查询 22/24
2025-12-28 23:08:47,663 - root - INFO - 处理查询，ID: c6ec0952efaa66353b876d23f62f4c7a
2025-12-28 23:08:58,630 - root - INFO - 处理查询 23/24
2025-12-28 23:08:58,630 - root - INFO - 处理查询，ID: 0e7f380feb7d0a719862fe0949bb94b5
2025-12-28 23:09:08,738 - root - INFO - 处理查询 24/24
2025-12-28 23:09:08,738 - root - INFO - 处理查询，ID: 37cf304b25df8de312dba10b596299e3
2025-12-28 23:09:22,534 - root - INFO - 数据已保存到: .\answer_20251228230500.json
2025-12-28 23:09:22,534 - root - INFO - 所有查询处理完成，共处理 24 个查询
2025-12-28 23:09:22,534 - root - INFO - ==== 步骤3: 判断URL是否为钓鱼网站 ====
2025-12-28 23:09:22,534 - root - INFO - 开始加载数据: .\answer_20251228230500.json
2025-12-28 23:09:22,548 - root - INFO - 已加载缓存，共 25 个条目
2025-12-28 23:09:22,548 - root - INFO - 开始处理 24 个新项目...
2025-12-28 23:09:22,548 - root - INFO - 开始检测URL: https://www.gamespot.com/gallery/best-roblox-anime-games/2900-7244/
2025-12-28 23:09:22,548 - root - INFO - 开始分析URL: https://www.gamespot.com/gallery/best-roblox-anime-games/2900-7244/
2025-12-28 23:09:30,820 - httpx - INFO - HTTP Request: POST https://svip.xty.app/v1/chat/completions "HTTP/1.1 200 OK"
2025-12-28 23:09:30,825 - root - INFO - URL分析完成: https://www.gamespot.com/gallery/best-roblox-anime-games/2900-7244/, 结果: 安全网站
2025-12-28 23:09:30,826 - root - INFO - 开始检测URL: https://www.ggrecon.com/guides/best-roblox-games-like-blox-fruits/
2025-12-28 23:09:30,826 - root - INFO - 开始分析URL: https://www.ggrecon.com/guides/best-roblox-games-like-blox-fruits/
2025-12-28 23:09:38,990 - httpx - INFO - HTTP Request: POST https://svip.xty.app/v1/chat/completions "HTTP/1.1 200 OK"
2025-12-28 23:09:38,991 - root - INFO - URL分析完成: https://www.ggrecon.com/guides/best-roblox-games-like-blox-fruits/, 结果: 安全网站
2025-12-28 23:09:38,992 - root - INFO - 开始检测URL: https://egamersworld.com/blog/here-are-13-cool-anime-roblox-games-you-need-to-tr-gM7AOb98ri
2025-12-28 23:09:38,992 - root - INFO - 开始分析URL: https://egamersworld.com/blog/here-are-13-cool-anime-roblox-games-you-need-to-tr-gM7AOb98ri
2025-12-28 23:09:44,834 - httpx - INFO - HTTP Request: POST https://svip.xty.app/v1/chat/completions "HTTP/1.1 200 OK"
2025-12-28 23:09:44,836 - root - INFO - URL分析完成: https://egamersworld.com/blog/here-are-13-cool-anime-roblox-games-you-need-to-tr-gM7AOb98ri, 结果: 安全网站
2025-12-28 23:09:44,836 - root - INFO - 开始检测URL: https://beebom.com/roblox-games-like-blox-fruits/
2025-12-28 23:09:44,836 - root - INFO - 开始分析URL: https://beebom.com/roblox-games-like-blox-fruits/
2025-12-28 23:09:50,822 - httpx - INFO - HTTP Request: POST https://svip.xty.app/v1/chat/completions "HTTP/1.1 200 OK"
2025-12-28 23:09:50,824 - root - INFO - URL分析完成: https://beebom.com/roblox-games-like-blox-fruits/, 结果: 安全网站
2025-12-28 23:09:50,825 - root - INFO - 开始检测URL: https://m.taptap.io/games/games-similar-to-blox-fruits-for-roblox-mods-for-android-211453668488
2025-12-28 23:09:50,825 - root - INFO - 开始分析URL: https://m.taptap.io/games/games-similar-to-blox-fruits-for-roblox-mods-for-android-211453668488
2025-12-28 23:09:58,279 - httpx - INFO - HTTP Request: POST https://svip.xty.app/v1/chat/completions "HTTP/1.1 200 OK"
2025-12-28 23:09:58,281 - root - INFO - URL分析完成: https://m.taptap.io/games/games-similar-to-blox-fruits-for-roblox-mods-for-android-211453668488, 结果: 安全网站
2025-12-28 23:09:58,282 - root - INFO - 开始检测URL: https://www.sportskeeda.com/roblox-news/7-best-games-like-blox-fruits-roblox-players-check
2025-12-28 23:09:58,282 - root - INFO - 开始分析URL: https://www.sportskeeda.com/roblox-news/7-best-games-like-blox-fruits-roblox-players-check
2025-12-28 23:10:06,108 - httpx - INFO - HTTP Request: POST https://svip.xty.app/v1/chat/completions "HTTP/1.1 200 OK"
2025-12-28 23:10:06,110 - root - INFO - URL分析完成: https://www.sportskeeda.com/roblox-news/7-best-games-like-blox-fruits-roblox-players-check, 结果: 安全网站
2025-12-28 23:10:06,111 - root - INFO - 开始检测URL: https://beebom.com/best-anime-games-roblox/
2025-12-28 23:10:06,111 - root - INFO - 开始分析URL: https://beebom.com/best-anime-games-roblox/
2025-12-28 23:10:14,396 - httpx - INFO - HTTP Request: POST https://svip.xty.app/v1/chat/completions "HTTP/1.1 200 OK"
2025-12-28 23:10:14,396 - root - INFO - URL分析完成: https://beebom.com/best-anime-games-roblox/, 结果: 安全网站
2025-12-28 23:10:14,397 - root - INFO - 开始检测URL: https://www.reddit.com/r/roblox/comments/1h62ygy/what_anime_has_the_best_roblox_fan_games/
2025-12-28 23:10:14,398 - root - INFO - 开始分析URL: https://www.reddit.com/r/roblox/comments/1h62ygy/what_anime_has_the_best_roblox_fan_games/
2025-12-28 23:10:24,582 - httpx - INFO - HTTP Request: POST https://svip.xty.app/v1/chat/completions "HTTP/1.1 200 OK"
2025-12-28 23:10:24,584 - root - INFO - URL分析完成: https://www.reddit.com/r/roblox/comments/1h62ygy/what_anime_has_the_best_roblox_fan_games/, 结果: 安全网站
2025-12-28 23:10:24,585 - root - INFO - 开始检测URL: https://www.sportskeeda.com/roblox-news/5-best-roblox-games-like-blox-fruits
2025-12-28 23:10:24,585 - root - INFO - 开始分析URL: https://www.sportskeeda.com/roblox-news/5-best-roblox-games-like-blox-fruits
2025-12-28 23:10:31,638 - httpx - INFO - HTTP Request: POST https://svip.xty.app/v1/chat/completions "HTTP/1.1 200 OK"
2025-12-28 23:10:31,640 - root - INFO - URL分析完成: https://www.sportskeeda.com/roblox-news/5-best-roblox-games-like-blox-fruits, 结果: 安全网站
2025-12-28 23:10:31,641 - root - INFO - 开始检测URL: https://www.airdroid.com/parent-control/best-anime-games-on-roblox/
2025-12-28 23:10:31,641 - root - INFO - 开始分析URL: https://www.airdroid.com/parent-control/best-anime-games-on-roblox/
2025-12-28 23:10:39,250 - httpx - INFO - HTTP Request: POST https://svip.xty.app/v1/chat/completions "HTTP/1.1 200 OK"
2025-12-28 23:10:39,251 - root - INFO - URL分析完成: https://www.airdroid.com/parent-control/best-anime-games-on-roblox/, 结果: 安全网站
2025-12-28 23:10:39,252 - root - INFO - 开始检测URL: https://www.reddit.com/r/roblox/comments/1dz4uqs/games_like_blox_fruits_without_the_grinding/
2025-12-28 23:10:39,252 - root - INFO - 开始分析URL: https://www.reddit.com/r/roblox/comments/1dz4uqs/games_like_blox_fruits_without_the_grinding/
2025-12-28 23:10:46,516 - httpx - INFO - HTTP Request: POST https://svip.xty.app/v1/chat/completions "HTTP/1.1 200 OK"
2025-12-28 23:10:46,517 - root - INFO - URL分析完成: https://www.reddit.com/r/roblox/comments/1dz4uqs/games_like_blox_fruits_without_the_grinding/, 结果: 安全网站
2025-12-28 23:10:46,517 - root - INFO - 开始检测URL: https://www.gamepur.com/guides/the-top-best-roblox-anime-games
2025-12-28 23:10:46,517 - root - INFO - 开始分析URL: https://www.gamepur.com/guides/the-top-best-roblox-anime-games
2025-12-28 23:10:53,787 - httpx - INFO - HTTP Request: POST https://svip.xty.app/v1/chat/completions "HTTP/1.1 200 OK"
2025-12-28 23:10:53,789 - root - INFO - URL分析完成: https://www.gamepur.com/guides/the-top-best-roblox-anime-games, 结果: 安全网站
2025-12-28 23:10:53,790 - root - INFO - 开始检测URL: https://www.maxpowergaming.co/post/top-5-anime-games-on-roblox-right-now
2025-12-28 23:10:53,790 - root - INFO - 开始分析URL: https://www.maxpowergaming.co/post/top-5-anime-games-on-roblox-right-now
2025-12-28 23:11:08,569 - httpx - INFO - HTTP Request: POST https://svip.xty.app/v1/chat/completions "HTTP/1.1 200 OK"
2025-12-28 23:11:08,571 - root - INFO - URL分析完成: https://www.maxpowergaming.co/post/top-5-anime-games-on-roblox-right-now, 结果: 安全网站
2025-12-28 23:11:08,572 - root - INFO - 开始检测URL: https://www.pocketgamer.com/roblox/best-anime-games/
2025-12-28 23:11:08,573 - root - INFO - 开始分析URL: https://www.pocketgamer.com/roblox/best-anime-games/
2025-12-28 23:11:19,492 - httpx - INFO - HTTP Request: POST https://svip.xty.app/v1/chat/completions "HTTP/1.1 200 OK"
2025-12-28 23:11:19,493 - root - INFO - URL分析完成: https://www.pocketgamer.com/roblox/best-anime-games/, 结果: 安全网站
2025-12-28 23:11:19,494 - root - INFO - 开始检测URL: https://www.reddit.com/r/roblox/comments/1m57bgc/can_yall_recommend_me_a_anime_game_i_have_not/
2025-12-28 23:11:19,495 - root - INFO - 开始分析URL: https://www.reddit.com/r/roblox/comments/1m57bgc/can_yall_recommend_me_a_anime_game_i_have_not/
2025-12-28 23:11:27,813 - httpx - INFO - HTTP Request: POST https://svip.xty.app/v1/chat/completions "HTTP/1.1 200 OK"
2025-12-28 23:11:27,814 - root - INFO - URL分析完成: https://www.reddit.com/r/roblox/comments/1m57bgc/can_yall_recommend_me_a_anime_game_i_have_not/, 结果: 安全网站
2025-12-28 23:11:27,815 - root - INFO - 开始检测URL: https://www.igeeksblog.com/best-roblox-anime-games/
2025-12-28 23:11:27,815 - root - INFO - 开始分析URL: https://www.igeeksblog.com/best-roblox-anime-games/
2025-12-28 23:12:02,576 - httpx - INFO - HTTP Request: POST https://svip.xty.app/v1/chat/completions "HTTP/1.1 200 OK"
2025-12-28 23:12:02,577 - root - INFO - URL分析完成: https://www.igeeksblog.com/best-roblox-anime-games/, 结果: 安全网站
2025-12-28 23:12:02,577 - root - INFO - 开始检测URL: https://m.taptap.io/games/games-similar-to-blox-fruits-game-for-android-211420385980
2025-12-28 23:12:02,578 - root - INFO - 开始分析URL: https://m.taptap.io/games/games-similar-to-blox-fruits-game-for-android-211420385980
2025-12-28 23:12:10,013 - httpx - INFO - HTTP Request: POST https://svip.xty.app/v1/chat/completions "HTTP/1.1 200 OK"
2025-12-28 23:12:10,013 - root - INFO - URL分析完成: https://m.taptap.io/games/games-similar-to-blox-fruits-game-for-android-211420385980, 结果: 安全网站
2025-12-28 23:12:10,014 - root - INFO - 开始检测URL: https://progameguides.com/roblox/best-roblox-anime-games/
2025-12-28 23:12:10,014 - root - INFO - 开始分析URL: https://progameguides.com/roblox/best-roblox-anime-games/
2025-12-28 23:12:17,729 - openai._base_client - INFO - Retrying request to /chat/completions in 0.918681 seconds
2025-12-28 23:12:24,327 - httpx - INFO - HTTP Request: POST https://svip.xty.app/v1/chat/completions "HTTP/1.1 200 OK"
2025-12-28 23:12:24,327 - root - INFO - URL分析完成: https://progameguides.com/roblox/best-roblox-anime-games/, 结果: 安全网站
2025-12-28 23:12:24,327 - root - INFO - 开始检测URL: https://gamerant.com/roblox-anime-inspired-games-good/
2025-12-28 23:12:24,327 - root - INFO - 开始分析URL: https://gamerant.com/roblox-anime-inspired-games-good/
2025-12-28 23:12:32,942 - httpx - INFO - HTTP Request: POST https://svip.xty.app/v1/chat/completions "HTTP/1.1 200 OK"
2025-12-28 23:12:32,943 - root - INFO - URL分析完成: https://gamerant.com/roblox-anime-inspired-games-good/, 结果: 安全网站
2025-12-28 23:12:32,944 - root - INFO - 开始检测URL: https://roblox-blox-fruits-like-games.pages.dev/
2025-12-28 23:12:32,944 - root - INFO - 开始分析URL: https://roblox-blox-fruits-like-games.pages.dev/
2025-12-28 23:12:41,161 - httpx - INFO - HTTP Request: POST https://svip.xty.app/v1/chat/completions "HTTP/1.1 200 OK"
2025-12-28 23:12:41,163 - root - INFO - URL分析完成: https://roblox-blox-fruits-like-games.pages.dev/, 结果: 钓鱼网站
2025-12-28 23:12:41,165 - root - INFO - 开始检测URL: https://www.robloxgo.com/games_like_Sussy-Swap-Simulator-2-Ultimate-NEW_119515984128776
2025-12-28 23:12:41,165 - root - INFO - 开始分析URL: https://www.robloxgo.com/games_like_Sussy-Swap-Simulator-2-Ultimate-NEW_119515984128776
2025-12-28 23:12:49,082 - httpx - INFO - HTTP Request: POST https://svip.xty.app/v1/chat/completions "HTTP/1.1 200 OK"
2025-12-28 23:12:49,082 - root - INFO - URL分析完成: https://www.robloxgo.com/games_like_Sussy-Swap-Simulator-2-Ultimate-NEW_119515984128776, 结果: 钓鱼网站
2025-12-28 23:12:49,082 - root - INFO - 开始检测URL: https://minireview.io/mmo/roblox/games-like
2025-12-28 23:12:49,082 - root - INFO - 开始分析URL: https://minireview.io/mmo/roblox/games-like
2025-12-28 23:12:56,417 - httpx - INFO - HTTP Request: POST https://svip.xty.app/v1/chat/completions "HTTP/1.1 200 OK"
2025-12-28 23:12:56,419 - root - INFO - URL分析完成: https://minireview.io/mmo/roblox/games-like, 结果: 安全网站
2025-12-28 23:12:56,420 - root - INFO - 开始检测URL: https://www.pcgamesn.com/free-mmorpg-mmo-games-list
2025-12-28 23:12:56,420 - root - INFO - 开始分析URL: https://www.pcgamesn.com/free-mmorpg-mmo-games-list
2025-12-28 23:13:08,653 - httpx - INFO - HTTP Request: POST https://svip.xty.app/v1/chat/completions "HTTP/1.1 200 OK"
2025-12-28 23:13:08,654 - root - INFO - URL分析完成: https://www.pcgamesn.com/free-mmorpg-mmo-games-list, 结果: 安全网站
2025-12-28 23:13:08,655 - root - INFO - 开始检测URL: https://www.mmorpg.com/games-list
2025-12-28 23:13:08,655 - root - INFO - 开始分析URL: https://www.mmorpg.com/games-list
2025-12-28 23:13:18,392 - httpx - INFO - HTTP Request: POST https://svip.xty.app/v1/chat/completions "HTTP/1.1 200 OK"
2025-12-28 23:13:18,394 - root - INFO - URL分析完成: https://www.mmorpg.com/games-list, 结果: 安全网站
2025-12-28 23:13:18,394 - root - INFO - 开始检测URL: https://www.mmobomb.com/games
2025-12-28 23:13:18,394 - root - INFO - 开始分析URL: https://www.mmobomb.com/games
2025-12-28 23:13:29,094 - httpx - INFO - HTTP Request: POST https://svip.xty.app/v1/chat/completions "HTTP/1.1 200 OK"
2025-12-28 23:13:29,094 - root - INFO - URL分析完成: https://www.mmobomb.com/games, 结果: 安全网站
2025-12-28 23:13:29,094 - root - INFO - 开始检测URL: https://beebom.com/cool-games-like-roblox/
2025-12-28 23:13:29,094 - root - INFO - 开始分析URL: https://beebom.com/cool-games-like-roblox/
2025-12-28 23:13:33,601 - httpx - INFO - HTTP Request: POST https://svip.xty.app/v1/chat/completions "HTTP/1.1 200 OK"
2025-12-28 23:13:33,603 - root - INFO - URL分析完成: https://beebom.com/cool-games-like-roblox/, 结果: 安全网站
2025-12-28 23:13:33,604 - root - INFO - 开始检测URL: https://www.freetogame.com/like/roblox
2025-12-28 23:13:33,604 - root - INFO - 开始分析URL: https://www.freetogame.com/like/roblox
2025-12-28 23:13:39,828 - httpx - INFO - HTTP Request: POST https://svip.xty.app/v1/chat/completions "HTTP/1.1 200 OK"
2025-12-28 23:13:39,829 - root - INFO - URL分析完成: https://www.freetogame.com/like/roblox, 结果: 安全网站
2025-12-28 23:13:39,830 - root - INFO - 开始检测URL: https://umatechnology.org/5-sites-to-find-fun-and-free-massively-multiplayer-online-games-mmos/
2025-12-28 23:13:39,831 - root - INFO - 开始分析URL: https://umatechnology.org/5-sites-to-find-fun-and-free-massively-multiplayer-online-games-mmos/
2025-12-28 23:13:50,173 - httpx - INFO - HTTP Request: POST https://svip.xty.app/v1/chat/completions "HTTP/1.1 200 OK"
2025-12-28 23:13:50,174 - root - INFO - URL分析完成: https://umatechnology.org/5-sites-to-find-fun-and-free-massively-multiplayer-online-games-mmos/, 结果: 安全网站
2025-12-28 23:13:50,175 - root - INFO - 开始检测URL: https://sussyswapsimulator.com/
2025-12-28 23:13:50,175 - root - INFO - 开始分析URL: https://sussyswapsimulator.com/
2025-12-28 23:13:59,505 - httpx - INFO - HTTP Request: POST https://svip.xty.app/v1/chat/completions "HTTP/1.1 200 OK"
2025-12-28 23:13:59,505 - root - INFO - URL分析完成: https://sussyswapsimulator.com/, 结果: 钓鱼网站
2025-12-28 23:13:59,505 - root - INFO - 开始检测URL: https://www.eneba.com/hub/games/best-games-like-roblox/
2025-12-28 23:13:59,505 - root - INFO - 开始分析URL: https://www.eneba.com/hub/games/best-games-like-roblox/
2025-12-28 23:14:08,391 - httpx - INFO - HTTP Request: POST https://svip.xty.app/v1/chat/completions "HTTP/1.1 200 OK"
2025-12-28 23:14:08,391 - root - INFO - URL分析完成: https://www.eneba.com/hub/games/best-games-like-roblox/, 结果: 安全网站
2025-12-28 23:14:08,392 - root - INFO - 开始检测URL: https://www.mmobomb.com/games/social
2025-12-28 23:14:08,392 - root - INFO - 开始分析URL: https://www.mmobomb.com/games/social
2025-12-28 23:14:18,687 - httpx - INFO - HTTP Request: POST https://svip.xty.app/v1/chat/completions "HTTP/1.1 200 OK"
2025-12-28 23:14:18,688 - root - INFO - URL分析完成: https://www.mmobomb.com/games/social, 结果: 安全网站
2025-12-28 23:14:18,689 - root - INFO - 开始检测URL: https://www.mmobomb.com/games/mmorpg
2025-12-28 23:14:18,690 - root - INFO - 开始分析URL: https://www.mmobomb.com/games/mmorpg
2025-12-28 23:14:28,039 - httpx - INFO - HTTP Request: POST https://svip.xty.app/v1/chat/completions "HTTP/1.1 200 OK"
2025-12-28 23:14:28,041 - root - INFO - URL分析完成: https://www.mmobomb.com/games/mmorpg, 结果: 安全网站
2025-12-28 23:14:28,042 - root - INFO - 开始检测URL: https://filmora.wondershare.com/game-recording/top-games-like-roblox.html
2025-12-28 23:14:28,042 - root - INFO - 开始分析URL: https://filmora.wondershare.com/game-recording/top-games-like-roblox.html
2025-12-28 23:14:37,337 - httpx - INFO - HTTP Request: POST https://svip.xty.app/v1/chat/completions "HTTP/1.1 200 OK"
2025-12-28 23:14:37,339 - root - INFO - URL分析完成: https://filmora.wondershare.com/game-recording/top-games-like-roblox.html, 结果: 安全网站
2025-12-28 23:14:37,340 - root - INFO - 开始检测URL: https://parental-control.flashget.com/games-like-roblox
2025-12-28 23:14:37,340 - root - INFO - 开始分析URL: https://parental-control.flashget.com/games-like-roblox
2025-12-28 23:14:46,225 - httpx - INFO - HTTP Request: POST https://svip.xty.app/v1/chat/completions "HTTP/1.1 200 OK"
2025-12-28 23:14:46,227 - root - INFO - URL分析完成: https://parental-control.flashget.com/games-like-roblox, 结果: 钓鱼网站
2025-12-28 23:14:46,228 - root - INFO - 开始检测URL: https://plarium.com/en/blog/free-mmorpg-games/
2025-12-28 23:14:46,229 - root - INFO - 开始分析URL: https://plarium.com/en/blog/free-mmorpg-games/
2025-12-28 23:14:53,857 - httpx - INFO - HTTP Request: POST https://svip.xty.app/v1/chat/completions "HTTP/1.1 200 OK"
2025-12-28 23:14:53,858 - root - INFO - URL分析完成: https://plarium.com/en/blog/free-mmorpg-games/, 结果: 安全网站
2025-12-28 23:14:53,859 - root - INFO - 开始检测URL: https://ejaw.net/games-like-roblox/
2025-12-28 23:14:53,859 - root - INFO - 开始分析URL: https://ejaw.net/games-like-roblox/
2025-12-28 23:15:03,048 - httpx - INFO - HTTP Request: POST https://svip.xty.app/v1/chat/completions "HTTP/1.1 200 OK"
2025-12-28 23:15:03,049 - root - INFO - URL分析完成: https://ejaw.net/games-like-roblox/, 结果: 安全网站
2025-12-28 23:15:03,050 - root - INFO - 开始检测URL: https://www.reddit.com/r/roblox/comments/16nvm2h/name_an_actual_simulation_game_that_isnt_just/
2025-12-28 23:15:03,050 - root - INFO - 开始分析URL: https://www.reddit.com/r/roblox/comments/16nvm2h/name_an_actual_simulation_game_that_isnt_just/
2025-12-28 23:15:12,148 - httpx - INFO - HTTP Request: POST https://svip.xty.app/v1/chat/completions "HTTP/1.1 200 OK"
2025-12-28 23:15:12,149 - root - INFO - URL分析完成: https://www.reddit.com/r/roblox/comments/16nvm2h/name_an_actual_simulation_game_that_isnt_just/, 结果: 安全网站
2025-12-28 23:15:12,150 - root - INFO - 开始检测URL: https://www.lagofast.com/en/blog/best-roblox-games-like-deepwoken-pvp/
2025-12-28 23:15:12,150 - root - INFO - 开始分析URL: https://www.lagofast.com/en/blog/best-roblox-games-like-deepwoken-pvp/
2025-12-28 23:15:25,571 - httpx - INFO - HTTP Request: POST https://svip.xty.app/v1/chat/completions "HTTP/1.1 200 OK"
2025-12-28 23:15:25,572 - root - INFO - URL分析完成: https://www.lagofast.com/en/blog/best-roblox-games-like-deepwoken-pvp/, 结果: 钓鱼网站
2025-12-28 23:15:25,572 - root - INFO - 开始检测URL: https://www.gfinityesports.com/article/free-mmorpg-games
2025-12-28 23:15:25,572 - root - INFO - 开始分析URL: https://www.gfinityesports.com/article/free-mmorpg-games
2025-12-28 23:15:34,060 - httpx - INFO - HTTP Request: POST https://svip.xty.app/v1/chat/completions "HTTP/1.1 200 OK"
2025-12-28 23:15:34,062 - root - INFO - URL分析完成: https://www.gfinityesports.com/article/free-mmorpg-games, 结果: 安全网站
2025-12-28 23:15:34,062 - root - INFO - 开始检测URL: https://www.mmorpg.com/games-list/show/free
2025-12-28 23:15:34,063 - root - INFO - 开始分析URL: https://www.mmorpg.com/games-list/show/free
2025-12-28 23:15:39,443 - httpx - INFO - HTTP Request: POST https://svip.xty.app/v1/chat/completions "HTTP/1.1 200 OK"
2025-12-28 23:15:39,445 - root - INFO - URL分析完成: https://www.mmorpg.com/games-list/show/free, 结果: 安全网站
2025-12-28 23:15:39,445 - root - INFO - 开始检测URL: https://www.bancoprovincia.com.ar/home/
2025-12-28 23:15:39,445 - root - INFO - 开始分析URL: https://www.bancoprovincia.com.ar/home/
2025-12-28 23:15:49,995 - httpx - INFO - HTTP Request: POST https://svip.xty.app/v1/chat/completions "HTTP/1.1 200 OK"
2025-12-28 23:15:49,997 - root - INFO - URL分析完成: https://www.bancoprovincia.com.ar/home/, 结果: 安全网站
2025-12-28 23:15:49,998 - root - INFO - 开始检测URL: https://www.provincial.com/personas.html
2025-12-28 23:15:49,998 - root - INFO - 开始分析URL: https://www.provincial.com/personas.html
2025-12-28 23:15:57,124 - httpx - INFO - HTTP Request: POST https://svip.xty.app/v1/chat/completions "HTTP/1.1 200 OK"
2025-12-28 23:15:57,126 - root - INFO - URL分析完成: https://www.provincial.com/personas.html, 结果: 安全网站
2025-12-28 23:15:57,133 - root - INFO - 开始检测URL: https://www.bancoprovincia.bancainternet.com.ar/spa-empresas/consolidada/inicio
2025-12-28 23:15:57,133 - root - INFO - 开始分析URL: https://www.bancoprovincia.bancainternet.com.ar/spa-empresas/consolidada/inicio
2025-12-28 23:17:03,252 - httpx - INFO - HTTP Request: POST https://svip.xty.app/v1/chat/completions "HTTP/1.1 200 OK"
2025-12-28 23:17:03,254 - root - INFO - URL分析完成: https://www.bancoprovincia.bancainternet.com.ar/spa-empresas/consolidada/inicio, 结果: 钓鱼网站
2025-12-28 23:17:03,255 - root - INFO - 开始检测URL: https://www.bancoprovincia.bancainternet.com.ar/
2025-12-28 23:17:03,255 - root - INFO - 开始分析URL: https://www.bancoprovincia.bancainternet.com.ar/
2025-12-28 23:18:08,775 - httpx - INFO - HTTP Request: POST https://svip.xty.app/v1/chat/completions "HTTP/1.1 200 OK"
2025-12-28 23:18:08,775 - root - INFO - URL分析完成: https://www.bancoprovincia.bancainternet.com.ar/, 结果: 钓鱼网站
2025-12-28 23:18:08,775 - root - INFO - 开始检测URL: https://play.google.com/store/apps/details?id=ar.bapro&hl=en_US
2025-12-28 23:18:08,775 - root - INFO - 开始分析URL: https://play.google.com/store/apps/details?id=ar.bapro&hl=en_US
2025-12-28 23:18:17,250 - httpx - INFO - HTTP Request: POST https://svip.xty.app/v1/chat/completions "HTTP/1.1 200 OK"
2025-12-28 23:18:17,251 - root - INFO - URL分析完成: https://play.google.com/store/apps/details?id=ar.bapro&hl=en_US, 结果: 安全网站
2025-12-28 23:18:17,251 - root - INFO - 开始检测URL: https://twitter.com/bancoprovincia
2025-12-28 23:18:17,251 - root - INFO - 开始分析URL: https://twitter.com/bancoprovincia
2025-12-28 23:18:25,730 - httpx - INFO - HTTP Request: POST https://svip.xty.app/v1/chat/completions "HTTP/1.1 200 OK"
2025-12-28 23:18:25,730 - root - INFO - URL分析完成: https://twitter.com/bancoprovincia, 结果: 安全网站
2025-12-28 23:18:25,731 - root - INFO - 开始检测URL: https://play.google.com/store/apps/details?id=com.totaltexto.bancamovil&hl=en_US
2025-12-28 23:18:25,731 - root - INFO - 开始分析URL: https://play.google.com/store/apps/details?id=com.totaltexto.bancamovil&hl=en_US
2025-12-28 23:18:31,482 - httpx - INFO - HTTP Request: POST https://svip.xty.app/v1/chat/completions "HTTP/1.1 200 OK"
2025-12-28 23:18:31,483 - root - INFO - URL分析完成: https://play.google.com/store/apps/details?id=com.totaltexto.bancamovil&hl=en_US, 结果: 安全网站
2025-12-28 23:18:31,483 - root - INFO - 开始检测URL: https://www.baccredomatic.com/en
2025-12-28 23:18:31,483 - root - INFO - 开始分析URL: https://www.baccredomatic.com/en
2025-12-28 23:18:39,538 - httpx - INFO - HTTP Request: POST https://svip.xty.app/v1/chat/completions "HTTP/1.1 200 OK"
2025-12-28 23:18:39,538 - root - INFO - URL分析完成: https://www.baccredomatic.com/en, 结果: 安全网站
2025-12-28 23:18:39,538 - root - INFO - 开始检测URL: https://www.facebook.com/bancoprovincia/?locale=es_LA
2025-12-28 23:18:39,538 - root - INFO - 开始分析URL: https://www.facebook.com/bancoprovincia/?locale=es_LA
2025-12-28 23:18:44,429 - httpx - INFO - HTTP Request: POST https://svip.xty.app/v1/chat/completions "HTTP/1.1 200 OK"
2025-12-28 23:18:44,431 - root - INFO - URL分析完成: https://www.facebook.com/bancoprovincia/?locale=es_LA, 结果: 安全网站
2025-12-28 23:18:44,432 - root - INFO - 开始检测URL: https://www.bancoprovincia.com.ar/web/bipmovil
2025-12-28 23:18:44,433 - root - INFO - 开始分析URL: https://www.bancoprovincia.com.ar/web/bipmovil
2025-12-28 23:18:51,647 - httpx - INFO - HTTP Request: POST https://svip.xty.app/v1/chat/completions "HTTP/1.1 200 OK"
2025-12-28 23:18:51,649 - root - INFO - URL分析完成: https://www.bancoprovincia.com.ar/web/bipmovil, 结果: 安全网站
2025-12-28 23:18:51,650 - root - INFO - 开始检测URL: https://www.bancoprovincia.com.ar/cuentaweb/
2025-12-28 23:18:51,650 - root - INFO - 开始分析URL: https://www.bancoprovincia.com.ar/cuentaweb/
2025-12-28 23:18:58,198 - httpx - INFO - HTTP Request: POST https://svip.xty.app/v1/chat/completions "HTTP/1.1 200 OK"
2025-12-28 23:18:58,200 - root - INFO - URL分析完成: https://www.bancoprovincia.com.ar/cuentaweb/, 结果: 安全网站
2025-12-28 23:18:58,200 - root - INFO - 开始检测URL: https://www.banprogrupopromerica.com.ni/canales-de-atencion/banpro-en-linea/ingreso-sin-teclado-virtual/
2025-12-28 23:18:58,200 - root - INFO - 开始分析URL: https://www.banprogrupopromerica.com.ni/canales-de-atencion/banpro-en-linea/ingreso-sin-teclado-virtual/
2025-12-28 23:19:33,560 - httpx - INFO - HTTP Request: POST https://svip.xty.app/v1/chat/completions "HTTP/1.1 200 OK"
2025-12-28 23:19:33,560 - root - INFO - URL分析完成: https://www.banprogrupopromerica.com.ni/canales-de-atencion/banpro-en-linea/ingreso-sin-teclado-virtual/, 结果: 安全网站
2025-12-28 23:19:33,560 - root - INFO - 开始检测URL: https://www.instagram.com/banco_provincia/
2025-12-28 23:19:33,560 - root - INFO - 开始分析URL: https://www.instagram.com/banco_provincia/
2025-12-28 23:19:39,727 - httpx - INFO - HTTP Request: POST https://svip.xty.app/v1/chat/completions "HTTP/1.1 200 OK"
2025-12-28 23:19:39,727 - root - INFO - URL分析完成: https://www.instagram.com/banco_provincia/, 结果: 安全网站
2025-12-28 23:19:39,728 - root - INFO - 开始检测URL: https://www.bancodecorrientes.com.ar/
2025-12-28 23:19:39,728 - root - INFO - 开始分析URL: https://www.bancodecorrientes.com.ar/
2025-12-28 23:19:57,224 - httpx - INFO - HTTP Request: POST https://svip.xty.app/v1/chat/completions "HTTP/1.1 200 OK"
2025-12-28 23:19:57,224 - root - INFO - URL分析完成: https://www.bancodecorrientes.com.ar/, 结果: 安全网站
2025-12-28 23:19:57,225 - root - INFO - 开始检测URL: https://www.bpn.com.ar/
2025-12-28 23:19:57,225 - root - INFO - 开始分析URL: https://www.bpn.com.ar/
2025-12-28 23:20:05,061 - httpx - INFO - HTTP Request: POST https://svip.xty.app/v1/chat/completions "HTTP/1.1 200 OK"
2025-12-28 23:20:05,063 - root - INFO - URL分析完成: https://www.bpn.com.ar/, 结果: 安全网站
2025-12-28 23:20:05,064 - root - INFO - 开始检测URL: https://www.bancor.com.ar/
2025-12-28 23:20:05,065 - root - INFO - 开始分析URL: https://www.bancor.com.ar/
2025-12-28 23:20:14,777 - httpx - INFO - HTTP Request: POST https://svip.xty.app/v1/chat/completions "HTTP/1.1 200 OK"
2025-12-28 23:20:14,778 - root - INFO - URL分析完成: https://www.bancor.com.ar/, 结果: 安全网站
2025-12-28 23:20:14,779 - root - INFO - 开始检测URL: https://www.provincial.com/empresas/productos/cuentas.html
2025-12-28 23:20:14,779 - root - INFO - 开始分析URL: https://www.provincial.com/empresas/productos/cuentas.html
2025-12-28 23:20:24,078 - httpx - INFO - HTTP Request: POST https://svip.xty.app/v1/chat/completions "HTTP/1.1 200 OK"
2025-12-28 23:20:24,080 - root - INFO - URL分析完成: https://www.provincial.com/empresas/productos/cuentas.html, 结果: 安全网站
2025-12-28 23:20:24,081 - root - INFO - 开始检测URL: https://www.numeroservicioalcliente.com/telefono-banco-provincia/
2025-12-28 23:20:24,081 - root - INFO - 开始分析URL: https://www.numeroservicioalcliente.com/telefono-banco-provincia/
2025-12-28 23:20:28,730 - httpx - INFO - HTTP Request: POST https://svip.xty.app/v1/chat/completions "HTTP/1.1 200 OK"
2025-12-28 23:20:28,731 - root - INFO - URL分析完成: https://www.numeroservicioalcliente.com/telefono-banco-provincia/, 结果: 安全网站
2025-12-28 23:20:28,731 - root - INFO - 开始检测URL: https://www.bgeneral.com/personas/banca-en-linea/
2025-12-28 23:20:28,731 - root - INFO - 开始分析URL: https://www.bgeneral.com/personas/banca-en-linea/
2025-12-28 23:20:38,586 - httpx - INFO - HTTP Request: POST https://svip.xty.app/v1/chat/completions "HTTP/1.1 200 OK"
2025-12-28 23:20:38,587 - root - INFO - URL分析完成: https://www.bgeneral.com/personas/banca-en-linea/, 结果: 安全网站
2025-12-28 23:20:38,587 - root - INFO - 使用缓存的检测结果: https://www.bancoprovincia.com.ar/home/
2025-12-28 23:20:38,587 - root - INFO - 使用缓存的检测结果: https://www.bancoprovincia.com.ar/web/bipmovil
2025-12-28 23:20:38,587 - root - INFO - 使用缓存的检测结果: https://www.bancoprovincia.bancainternet.com.ar/
2025-12-28 23:20:38,587 - root - INFO - 开始检测URL: https://www.bancoprovincia.bancainternet.com.ar/spa/registracion
2025-12-28 23:20:38,587 - root - INFO - 开始分析URL: https://www.bancoprovincia.bancainternet.com.ar/spa/registracion
2025-12-28 23:21:45,262 - httpx - INFO - HTTP Request: POST https://svip.xty.app/v1/chat/completions "HTTP/1.1 200 OK"
2025-12-28 23:21:45,264 - root - INFO - URL分析完成: https://www.bancoprovincia.bancainternet.com.ar/spa/registracion, 结果: 钓鱼网站
2025-12-28 23:21:45,264 - root - INFO - 使用缓存的检测结果: https://play.google.com/store/apps/details?id=ar.bapro&hl=en_US
2025-12-28 23:21:45,264 - root - INFO - 使用缓存的检测结果: https://twitter.com/bancoprovincia
2025-12-28 23:21:45,264 - root - INFO - 使用缓存的检测结果: https://www.baccredomatic.com/en
2025-12-28 23:21:45,264 - root - INFO - 开始检测URL: https://www.pnc.com/es/personal-banking/banking/online-and-mobile-banking.html
2025-12-28 23:21:45,264 - root - INFO - 开始分析URL: https://www.pnc.com/es/personal-banking/banking/online-and-mobile-banking.html
2025-12-28 23:22:22,250 - httpx - INFO - HTTP Request: POST https://svip.xty.app/v1/chat/completions "HTTP/1.1 200 OK"
2025-12-28 23:22:22,252 - root - INFO - URL分析完成: https://www.pnc.com/es/personal-banking/banking/online-and-mobile-banking.html, 结果: 安全网站
2025-12-28 23:22:22,252 - root - INFO - 使用缓存的检测结果: https://www.facebook.com/bancoprovincia/?locale=es_LA
2025-12-28 23:22:22,252 - root - INFO - 开始检测URL: https://www.bancoprovincia.com.ar/principal/bippersonal
2025-12-28 23:22:22,252 - root - INFO - 开始分析URL: https://www.bancoprovincia.com.ar/principal/bippersonal
2025-12-28 23:23:02,662 - httpx - INFO - HTTP Request: POST https://svip.xty.app/v1/chat/completions "HTTP/1.1 200 OK"
2025-12-28 23:23:02,663 - root - INFO - URL分析完成: https://www.bancoprovincia.com.ar/principal/bippersonal, 结果: 安全网站
2025-12-28 23:23:02,664 - root - INFO - 使用缓存的检测结果: https://www.bancoprovincia.com.ar/cuentaweb/
2025-12-28 23:23:02,664 - root - INFO - 使用缓存的检测结果: https://www.instagram.com/banco_provincia/
2025-12-28 23:23:02,664 - root - INFO - 开始检测URL: https://www.viabcp.com/canales/banca-por-internet
2025-12-28 23:23:02,664 - root - INFO - 开始分析URL: https://www.viabcp.com/canales/banca-por-internet
2025-12-28 23:23:14,108 - openai._base_client - INFO - Retrying request to /chat/completions in 0.804717 seconds
2025-12-28 23:23:20,077 - httpx - INFO - HTTP Request: POST https://svip.xty.app/v1/chat/completions "HTTP/1.1 200 OK"
2025-12-28 23:23:20,079 - root - INFO - URL分析完成: https://www.viabcp.com/canales/banca-por-internet, 结果: 安全网站
2025-12-28 23:23:20,079 - root - INFO - 使用缓存的检测结果: https://www.bancodecorrientes.com.ar/
2025-12-28 23:23:20,079 - root - INFO - 使用缓存的检测结果: https://www.provincial.com/personas.html
2025-12-28 23:23:20,080 - root - INFO - 使用缓存的检测结果: https://www.bpn.com.ar/
2025-12-28 23:23:20,080 - root - INFO - 开始检测URL: https://www.bancoprovincia.bancainternet.com.ar/spa/recuperarUsuario
2025-12-28 23:23:20,080 - root - INFO - 开始分析URL: https://www.bancoprovincia.bancainternet.com.ar/spa/recuperarUsuario
2025-12-28 23:24:28,986 - httpx - INFO - HTTP Request: POST https://svip.xty.app/v1/chat/completions "HTTP/1.1 200 OK"
2025-12-28 23:24:28,987 - root - INFO - URL分析完成: https://www.bancoprovincia.bancainternet.com.ar/spa/recuperarUsuario, 结果: 钓鱼网站
2025-12-28 23:24:28,988 - root - INFO - 使用缓存的检测结果: https://www.bancor.com.ar/
2025-12-28 23:24:28,988 - root - INFO - 使用缓存的检测结果: https://www.provincial.com/empresas/productos/cuentas.html
2025-12-28 23:24:28,988 - root - INFO - 开始检测URL: https://metamask.io/
2025-12-28 23:24:28,988 - root - INFO - 开始分析URL: https://metamask.io/
2025-12-28 23:24:35,894 - httpx - INFO - HTTP Request: POST https://svip.xty.app/v1/chat/completions "HTTP/1.1 200 OK"
2025-12-28 23:24:35,896 - root - INFO - URL分析完成: https://metamask.io/, 结果: 安全网站
2025-12-28 23:24:35,898 - root - INFO - 开始检测URL: https://en.wikipedia.org/wiki/MetaMask
2025-12-28 23:24:35,899 - root - INFO - 开始分析URL: https://en.wikipedia.org/wiki/MetaMask
2025-12-28 23:24:41,790 - httpx - INFO - HTTP Request: POST https://svip.xty.app/v1/chat/completions "HTTP/1.1 200 OK"
2025-12-28 23:24:41,792 - root - INFO - URL分析完成: https://en.wikipedia.org/wiki/MetaMask, 结果: 安全网站
2025-12-28 23:24:41,794 - root - INFO - 开始检测URL: https://nftnow.com/guides/how-to-set-up-metamask-wallet/
2025-12-28 23:24:41,794 - root - INFO - 开始分析URL: https://nftnow.com/guides/how-to-set-up-metamask-wallet/
2025-12-28 23:24:49,671 - httpx - INFO - HTTP Request: POST https://svip.xty.app/v1/chat/completions "HTTP/1.1 200 OK"
2025-12-28 23:24:49,672 - root - INFO - URL分析完成: https://nftnow.com/guides/how-to-set-up-metamask-wallet/, 结果: 安全网站
2025-12-28 23:24:49,672 - root - INFO - 开始检测URL: https://thecryptogateway.it/en/metamask/
2025-12-28 23:24:49,673 - root - INFO - 开始分析URL: https://thecryptogateway.it/en/metamask/
2025-12-28 23:24:57,510 - httpx - INFO - HTTP Request: POST https://svip.xty.app/v1/chat/completions "HTTP/1.1 200 OK"
2025-12-28 23:24:57,510 - root - INFO - URL分析完成: https://thecryptogateway.it/en/metamask/, 结果: 钓鱼网站
2025-12-28 23:24:57,511 - root - INFO - 开始检测URL: https://cointelegraph.com/learn/articles/metamask-tutorial-for-beginners-how-to-set-up-a-metamask-wallet
2025-12-28 23:24:57,511 - root - INFO - 开始分析URL: https://cointelegraph.com/learn/articles/metamask-tutorial-for-beginners-how-to-set-up-a-metamask-wallet
2025-12-28 23:25:05,637 - httpx - INFO - HTTP Request: POST https://svip.xty.app/v1/chat/completions "HTTP/1.1 200 OK"
2025-12-28 23:25:05,638 - root - INFO - URL分析完成: https://cointelegraph.com/learn/articles/metamask-tutorial-for-beginners-how-to-set-up-a-metamask-wallet, 结果: 安全网站
2025-12-28 23:25:05,639 - root - INFO - 开始检测URL: https://codehs.com/tutorial/jkeesh/how-to-set-up-an-ethereum-wallet-on-metamask
2025-12-28 23:25:05,639 - root - INFO - 开始分析URL: https://codehs.com/tutorial/jkeesh/how-to-set-up-an-ethereum-wallet-on-metamask
2025-12-28 23:25:14,689 - httpx - INFO - HTTP Request: POST https://svip.xty.app/v1/chat/completions "HTTP/1.1 200 OK"
2025-12-28 23:25:14,691 - root - INFO - URL分析完成: https://codehs.com/tutorial/jkeesh/how-to-set-up-an-ethereum-wallet-on-metamask, 结果: 安全网站
2025-12-28 23:25:14,693 - root - INFO - 开始检测URL: https://www.coingecko.com/learn/complete-beginners-guide-to-metamask
2025-12-28 23:25:14,693 - root - INFO - 开始分析URL: https://www.coingecko.com/learn/complete-beginners-guide-to-metamask
2025-12-28 23:25:21,665 - httpx - INFO - HTTP Request: POST https://svip.xty.app/v1/chat/completions "HTTP/1.1 200 OK"
2025-12-28 23:25:21,666 - root - INFO - URL分析完成: https://www.coingecko.com/learn/complete-beginners-guide-to-metamask, 结果: 安全网站
2025-12-28 23:25:21,666 - root - INFO - 开始检测URL: https://decrypt.co/resources/metamask
2025-12-28 23:25:21,666 - root - INFO - 开始分析URL: https://decrypt.co/resources/metamask
2025-12-28 23:25:40,120 - httpx - INFO - HTTP Request: POST https://svip.xty.app/v1/chat/completions "HTTP/1.1 200 OK"
2025-12-28 23:25:40,122 - root - INFO - URL分析完成: https://decrypt.co/resources/metamask, 结果: 安全网站
2025-12-28 23:25:40,123 - root - INFO - 开始检测URL: https://cruxpool.com/help/how-to-create-a-metamask-wallet/
2025-12-28 23:25:40,124 - root - INFO - 开始分析URL: https://cruxpool.com/help/how-to-create-a-metamask-wallet/
2025-12-28 23:25:48,552 - httpx - INFO - HTTP Request: POST https://svip.xty.app/v1/chat/completions "HTTP/1.1 200 OK"
2025-12-28 23:25:48,554 - root - INFO - URL分析完成: https://cruxpool.com/help/how-to-create-a-metamask-wallet/, 结果: 安全网站
2025-12-28 23:25:48,555 - root - INFO - 开始检测URL: https://support.metamask.io/start/getting-started-with-metamask
2025-12-28 23:25:48,556 - root - INFO - 开始分析URL: https://support.metamask.io/start/getting-started-with-metamask
2025-12-28 23:25:55,854 - httpx - INFO - HTTP Request: POST https://svip.xty.app/v1/chat/completions "HTTP/1.1 200 OK"
2025-12-28 23:25:55,856 - root - INFO - URL分析完成: https://support.metamask.io/start/getting-started-with-metamask, 结果: 安全网站
2025-12-28 23:25:55,858 - root - INFO - 开始检测URL: https://sites.google.com/metanimasklogin.com/metamasksignin/home
2025-12-28 23:25:55,858 - root - INFO - 开始分析URL: https://sites.google.com/metanimasklogin.com/metamasksignin/home
2025-12-28 23:26:02,474 - httpx - INFO - HTTP Request: POST https://svip.xty.app/v1/chat/completions "HTTP/1.1 200 OK"
2025-12-28 23:26:02,474 - root - INFO - URL分析完成: https://sites.google.com/metanimasklogin.com/metamasksignin/home, 结果: 钓鱼网站
2025-12-28 23:26:02,476 - root - INFO - 开始检测URL: https://www.sitepoint.com/metamask-ethereum-blockchain/
2025-12-28 23:26:02,476 - root - INFO - 开始分析URL: https://www.sitepoint.com/metamask-ethereum-blockchain/
2025-12-28 23:26:10,529 - httpx - INFO - HTTP Request: POST https://svip.xty.app/v1/chat/completions "HTTP/1.1 200 OK"
2025-12-28 23:26:10,530 - root - INFO - URL分析完成: https://www.sitepoint.com/metamask-ethereum-blockchain/, 结果: 安全网站
2025-12-28 23:26:10,531 - root - INFO - 开始检测URL: https://www.zdnet.com/finance/blockchain/how-to-set-up-a-metamask-crypto-wallet-your-gateway-to-ethereum-crypto-coach/
2025-12-28 23:26:10,531 - root - INFO - 开始分析URL: https://www.zdnet.com/finance/blockchain/how-to-set-up-a-metamask-crypto-wallet-your-gateway-to-ethereum-crypto-coach/
2025-12-28 23:26:21,002 - httpx - INFO - HTTP Request: POST https://svip.xty.app/v1/chat/completions "HTTP/1.1 200 OK"
2025-12-28 23:26:21,002 - root - INFO - URL分析完成: https://www.zdnet.com/finance/blockchain/how-to-set-up-a-metamask-crypto-wallet-your-gateway-to-ethereum-crypto-coach/, 结果: 安全网站
2025-12-28 23:26:21,003 - root - INFO - 开始检测URL: https://medium.com/coinmonks/how-to-use-metamask-a-crypto-wallet-5d425912c86
2025-12-28 23:26:21,003 - root - INFO - 开始分析URL: https://medium.com/coinmonks/how-to-use-metamask-a-crypto-wallet-5d425912c86
2025-12-28 23:26:28,739 - httpx - INFO - HTTP Request: POST https://svip.xty.app/v1/chat/completions "HTTP/1.1 200 OK"
2025-12-28 23:26:28,741 - root - INFO - URL分析完成: https://medium.com/coinmonks/how-to-use-metamask-a-crypto-wallet-5d425912c86, 结果: 安全网站
2025-12-28 23:26:28,741 - root - INFO - 开始检测URL: https://cryptal.com/en/blog/metamask-wallet-tutorial-beginners-guide
2025-12-28 23:26:28,742 - root - INFO - 开始分析URL: https://cryptal.com/en/blog/metamask-wallet-tutorial-beginners-guide
2025-12-28 23:26:38,659 - httpx - INFO - HTTP Request: POST https://svip.xty.app/v1/chat/completions "HTTP/1.1 200 OK"
2025-12-28 23:26:38,660 - root - INFO - URL分析完成: https://cryptal.com/en/blog/metamask-wallet-tutorial-beginners-guide, 结果: 安全网站
2025-12-28 23:26:38,661 - root - INFO - 开始检测URL: https://wallets.com/metamask-review/
2025-12-28 23:26:38,661 - root - INFO - 开始分析URL: https://wallets.com/metamask-review/
2025-12-28 23:26:46,993 - httpx - INFO - HTTP Request: POST https://svip.xty.app/v1/chat/completions "HTTP/1.1 200 OK"
2025-12-28 23:26:46,994 - root - INFO - URL分析完成: https://wallets.com/metamask-review/, 结果: 安全网站
2025-12-28 23:26:46,995 - root - INFO - 开始检测URL: https://www.toptal.com/ethereum/one-click-login-flows-a-metamask-tutorial
2025-12-28 23:26:46,995 - root - INFO - 开始分析URL: https://www.toptal.com/ethereum/one-click-login-flows-a-metamask-tutorial
2025-12-28 23:26:52,607 - httpx - INFO - HTTP Request: POST https://svip.xty.app/v1/chat/completions "HTTP/1.1 200 OK"
2025-12-28 23:26:52,609 - root - INFO - URL分析完成: https://www.toptal.com/ethereum/one-click-login-flows-a-metamask-tutorial, 结果: 安全网站
2025-12-28 23:26:52,611 - root - INFO - 开始检测URL: https://swapspace.co/academy/how-to-use-metamask-wallet
2025-12-28 23:26:52,611 - root - INFO - 开始分析URL: https://swapspace.co/academy/how-to-use-metamask-wallet
2025-12-28 23:26:58,623 - httpx - INFO - HTTP Request: POST https://svip.xty.app/v1/chat/completions "HTTP/1.1 200 OK"
2025-12-28 23:26:58,624 - root - INFO - URL分析完成: https://swapspace.co/academy/how-to-use-metamask-wallet, 结果: 安全网站
2025-12-28 23:26:58,624 - root - INFO - 开始检测URL: https://helpx.adobe.com/acrobat/using/validating-digital-signatures.html
2025-12-28 23:26:58,624 - root - INFO - 开始分析URL: https://helpx.adobe.com/acrobat/using/validating-digital-signatures.html
2025-12-28 23:27:35,398 - httpx - INFO - HTTP Request: POST https://svip.xty.app/v1/chat/completions "HTTP/1.1 200 OK"
2025-12-28 23:27:35,401 - root - INFO - URL分析完成: https://helpx.adobe.com/acrobat/using/validating-digital-signatures.html, 结果: 安全网站
2025-12-28 23:27:35,401 - root - INFO - 开始检测URL: https://helpx.adobe.com/acrobat/desktop/e-sign-documents/manage-digital-signatures/certify-pdfs.html
2025-12-28 23:27:35,402 - root - INFO - 开始分析URL: https://helpx.adobe.com/acrobat/desktop/e-sign-documents/manage-digital-signatures/certify-pdfs.html
2025-12-28 23:28:12,747 - httpx - INFO - HTTP Request: POST https://svip.xty.app/v1/chat/completions "HTTP/1.1 200 OK"
2025-12-28 23:28:12,749 - root - INFO - URL分析完成: https://helpx.adobe.com/acrobat/desktop/e-sign-documents/manage-digital-signatures/certify-pdfs.html, 结果: 安全网站
2025-12-28 23:28:12,749 - root - INFO - 开始检测URL: https://helpx.adobe.com/africa/acrobat/using/validating-digital-signatures.html
2025-12-28 23:28:12,749 - root - INFO - 开始分析URL: https://helpx.adobe.com/africa/acrobat/using/validating-digital-signatures.html
2025-12-28 23:28:49,230 - httpx - INFO - HTTP Request: POST https://svip.xty.app/v1/chat/completions "HTTP/1.1 200 OK"
2025-12-28 23:28:49,230 - root - INFO - URL分析完成: https://helpx.adobe.com/africa/acrobat/using/validating-digital-signatures.html, 结果: 安全网站
2025-12-28 23:28:49,230 - root - INFO - 开始检测URL: https://www.adobe.com/acrobat/hub/how-to-secure-pdf-documents.html
2025-12-28 23:28:49,230 - root - INFO - 开始分析URL: https://www.adobe.com/acrobat/hub/how-to-secure-pdf-documents.html
2025-12-28 23:29:29,489 - httpx - INFO - HTTP Request: POST https://svip.xty.app/v1/chat/completions "HTTP/1.1 200 OK"
2025-12-28 23:29:29,491 - root - INFO - URL分析完成: https://www.adobe.com/acrobat/hub/how-to-secure-pdf-documents.html, 结果: 安全网站
2025-12-28 23:29:29,491 - root - INFO - 开始检测URL: https://pdf.wondershare.com/sign-pdf/adobe-verified-signature.html
2025-12-28 23:29:29,491 - root - INFO - 开始分析URL: https://pdf.wondershare.com/sign-pdf/adobe-verified-signature.html
2025-12-28 23:29:35,495 - httpx - INFO - HTTP Request: POST https://svip.xty.app/v1/chat/completions "HTTP/1.1 200 OK"
2025-12-28 23:29:35,498 - root - INFO - URL分析完成: https://pdf.wondershare.com/sign-pdf/adobe-verified-signature.html, 结果: 钓鱼网站
2025-12-28 23:29:35,499 - root - INFO - 开始检测URL: https://www.pdfforge.org/online/en/validate-pdfa
2025-12-28 23:29:35,499 - root - INFO - 开始分析URL: https://www.pdfforge.org/online/en/validate-pdfa
2025-12-28 23:29:42,710 - httpx - INFO - HTTP Request: POST https://svip.xty.app/v1/chat/completions "HTTP/1.1 200 OK"
2025-12-28 23:29:42,711 - root - INFO - URL分析完成: https://www.pdfforge.org/online/en/validate-pdfa, 结果: 安全网站
2025-12-28 23:29:42,712 - root - INFO - 开始检测URL: https://www.dochub.com/en/main-features/digital-signatures-validation
2025-12-28 23:29:42,712 - root - INFO - 开始分析URL: https://www.dochub.com/en/main-features/digital-signatures-validation
2025-12-28 23:29:49,550 - httpx - INFO - HTTP Request: POST https://svip.xty.app/v1/chat/completions "HTTP/1.1 200 OK"
2025-12-28 23:29:49,551 - root - INFO - URL分析完成: https://www.dochub.com/en/main-features/digital-signatures-validation, 结果: 安全网站
2025-12-28 23:29:49,552 - root - INFO - 开始检测URL: https://xodo.com/validate-pdfa
2025-12-28 23:29:49,552 - root - INFO - 开始分析URL: https://xodo.com/validate-pdfa
2025-12-28 23:29:57,084 - httpx - INFO - HTTP Request: POST https://svip.xty.app/v1/chat/completions "HTTP/1.1 200 OK"
2025-12-28 23:29:57,084 - root - INFO - URL分析完成: https://xodo.com/validate-pdfa, 结果: 安全网站
2025-12-28 23:29:57,086 - root - INFO - 开始检测URL: https://www.esignglobal.com/blog/validate-digital-signature-adobe-acrobat-pdf-verification
2025-12-28 23:29:57,086 - root - INFO - 开始分析URL: https://www.esignglobal.com/blog/validate-digital-signature-adobe-acrobat-pdf-verification
2025-12-28 23:30:04,170 - httpx - INFO - HTTP Request: POST https://svip.xty.app/v1/chat/completions "HTTP/1.1 200 OK"
2025-12-28 23:30:04,171 - root - INFO - URL分析完成: https://www.esignglobal.com/blog/validate-digital-signature-adobe-acrobat-pdf-verification, 结果: 安全网站
2025-12-28 23:30:04,171 - root - INFO - 开始检测URL: https://www.unisg.ch/fileadmin/user_upload/HSG_ROOT/_Kernauftritt_HSG/Universitaet/Bibliothek/Free_Flow/Anleitung_PruefenUndKonvertieren_PDFa_ENG.pdf
2025-12-28 23:30:04,171 - root - INFO - 开始分析URL: https://www.unisg.ch/fileadmin/user_upload/HSG_ROOT/_Kernauftritt_HSG/Universitaet/Bibliothek/Free_Flow/Anleitung_PruefenUndKonvertieren_PDFa_ENG.pdf
2025-12-28 23:30:11,561 - httpx - INFO - HTTP Request: POST https://svip.xty.app/v1/chat/completions "HTTP/1.1 200 OK"
2025-12-28 23:30:11,561 - root - INFO - URL分析完成: https://www.unisg.ch/fileadmin/user_upload/HSG_ROOT/_Kernauftritt_HSG/Universitaet/Bibliothek/Free_Flow/Anleitung_PruefenUndKonvertieren_PDFa_ENG.pdf, 结果: 安全网站
2025-12-28 23:30:11,562 - root - INFO - 开始检测URL: https://helpx.adobe.com/africa/acrobat/using/securing-pdfs-passwords.html
2025-12-28 23:30:11,562 - root - INFO - 开始分析URL: https://helpx.adobe.com/africa/acrobat/using/securing-pdfs-passwords.html
2025-12-28 23:30:48,213 - httpx - INFO - HTTP Request: POST https://svip.xty.app/v1/chat/completions "HTTP/1.1 200 OK"
2025-12-28 23:30:48,213 - root - INFO - URL分析完成: https://helpx.adobe.com/africa/acrobat/using/securing-pdfs-passwords.html, 结果: 安全网站
2025-12-28 23:30:48,213 - root - INFO - 开始检测URL: https://helpx.adobe.com/acrobat/desktop/protect-documents/manage-digital-ids/digital-ids.html
2025-12-28 23:30:48,213 - root - INFO - 开始分析URL: https://helpx.adobe.com/acrobat/desktop/protect-documents/manage-digital-ids/digital-ids.html
2025-12-28 23:31:22,987 - httpx - INFO - HTTP Request: POST https://svip.xty.app/v1/chat/completions "HTTP/1.1 200 OK"
2025-12-28 23:31:22,988 - root - INFO - URL分析完成: https://helpx.adobe.com/acrobat/desktop/protect-documents/manage-digital-ids/digital-ids.html, 结果: 安全网站
2025-12-28 23:31:22,988 - root - INFO - 开始检测URL: https://www.pdfgear.com/sign-pdf/how-to-validate-digital-signatures.htm
2025-12-28 23:31:22,988 - root - INFO - 开始分析URL: https://www.pdfgear.com/sign-pdf/how-to-validate-digital-signatures.htm
2025-12-28 23:31:30,641 - httpx - INFO - HTTP Request: POST https://svip.xty.app/v1/chat/completions "HTTP/1.1 200 OK"
2025-12-28 23:31:30,642 - root - INFO - URL分析完成: https://www.pdfgear.com/sign-pdf/how-to-validate-digital-signatures.htm, 结果: 安全网站
2025-12-28 23:31:30,643 - root - INFO - 开始检测URL: https://helpx.adobe.com/africa/acrobat/using/opening-secured-pdfs.html
2025-12-28 23:31:30,643 - root - INFO - 开始分析URL: https://helpx.adobe.com/africa/acrobat/using/opening-secured-pdfs.html
2025-12-28 23:32:11,394 - httpx - INFO - HTTP Request: POST https://svip.xty.app/v1/chat/completions "HTTP/1.1 200 OK"
2025-12-28 23:32:11,394 - root - INFO - URL分析完成: https://helpx.adobe.com/africa/acrobat/using/opening-secured-pdfs.html, 结果: 安全网站
2025-12-28 23:32:11,394 - root - INFO - 开始检测URL: https://helpdesk.signi.com/en/support/solutions/articles/201000064131-how-to-verify-electronic-signatures-in-documents-using-adobe-acrobat
2025-12-28 23:32:11,394 - root - INFO - 开始分析URL: https://helpdesk.signi.com/en/support/solutions/articles/201000064131-how-to-verify-electronic-signatures-in-documents-using-adobe-acrobat
2025-12-28 23:32:18,965 - httpx - INFO - HTTP Request: POST https://svip.xty.app/v1/chat/completions "HTTP/1.1 200 OK"
2025-12-28 23:32:18,967 - root - INFO - URL分析完成: https://helpdesk.signi.com/en/support/solutions/articles/201000064131-how-to-verify-electronic-signatures-in-documents-using-adobe-acrobat, 结果: 安全网站
2025-12-28 23:32:18,967 - root - INFO - 开始检测URL: https://helpx.adobe.com/acrobat/using/securing-pdfs-certificates.html
2025-12-28 23:32:18,967 - root - INFO - 开始分析URL: https://helpx.adobe.com/acrobat/using/securing-pdfs-certificates.html
2025-12-28 23:32:56,950 - httpx - INFO - HTTP Request: POST https://svip.xty.app/v1/chat/completions "HTTP/1.1 200 OK"
2025-12-28 23:32:56,950 - root - INFO - URL分析完成: https://helpx.adobe.com/acrobat/using/securing-pdfs-certificates.html, 结果: 安全网站
2025-12-28 23:32:56,950 - root - INFO - 开始检测URL: https://helpx.adobe.com/acrobat/using/create-verify-pdf-accessibility.html
2025-12-28 23:32:56,951 - root - INFO - 开始分析URL: https://helpx.adobe.com/acrobat/using/create-verify-pdf-accessibility.html
2025-12-28 23:33:31,752 - httpx - INFO - HTTP Request: POST https://svip.xty.app/v1/chat/completions "HTTP/1.1 200 OK"
2025-12-28 23:33:31,753 - root - INFO - URL分析完成: https://helpx.adobe.com/acrobat/using/create-verify-pdf-accessibility.html, 结果: 安全网站
2025-12-28 23:33:31,754 - root - INFO - 开始检测URL: https://www.pdf2go.com/validate-pdfa
2025-12-28 23:33:31,754 - root - INFO - 开始分析URL: https://www.pdf2go.com/validate-pdfa
2025-12-28 23:33:41,010 - httpx - INFO - HTTP Request: POST https://svip.xty.app/v1/chat/completions "HTTP/1.1 200 OK"
2025-12-28 23:33:41,012 - root - INFO - URL分析完成: https://www.pdf2go.com/validate-pdfa, 结果: 安全网站
2025-12-28 23:33:41,013 - root - INFO - 开始检测URL: https://verify-e-sign.pdffiller.com/
2025-12-28 23:33:41,013 - root - INFO - 开始分析URL: https://verify-e-sign.pdffiller.com/
2025-12-28 23:33:50,865 - httpx - INFO - HTTP Request: POST https://svip.xty.app/v1/chat/completions "HTTP/1.1 200 OK"
2025-12-28 23:33:50,865 - root - INFO - URL分析完成: https://verify-e-sign.pdffiller.com/, 结果: 钓鱼网站
2025-12-28 23:33:50,866 - root - INFO - 开始检测URL: https://support.apple.com
2025-12-28 23:33:50,866 - root - INFO - 开始分析URL: https://support.apple.com
2025-12-28 23:33:56,781 - httpx - INFO - HTTP Request: POST https://svip.xty.app/v1/chat/completions "HTTP/1.1 200 OK"
2025-12-28 23:33:56,783 - root - INFO - URL分析完成: https://support.apple.com, 结果: 安全网站
2025-12-28 23:33:56,784 - root - INFO - 开始检测URL: https://support.apple.com/contact
2025-12-28 23:33:56,784 - root - INFO - 开始分析URL: https://support.apple.com/contact
2025-12-28 23:34:05,084 - httpx - INFO - HTTP Request: POST https://svip.xty.app/v1/chat/completions "HTTP/1.1 200 OK"
2025-12-28 23:34:05,084 - root - INFO - URL分析完成: https://support.apple.com/contact, 结果: 安全网站
2025-12-28 23:34:05,085 - root - INFO - 开始检测URL: https://www.apple.com/contact/
2025-12-28 23:34:05,085 - root - INFO - 开始分析URL: https://www.apple.com/contact/
2025-12-28 23:34:12,697 - httpx - INFO - HTTP Request: POST https://svip.xty.app/v1/chat/completions "HTTP/1.1 200 OK"
2025-12-28 23:34:12,699 - root - INFO - URL分析完成: https://www.apple.com/contact/, 结果: 安全网站
2025-12-28 23:34:12,700 - root - INFO - 开始检测URL: https://support.apple.com/en-us/106932
2025-12-28 23:34:12,700 - root - INFO - 开始分析URL: https://support.apple.com/en-us/106932
2025-12-28 23:34:21,269 - httpx - INFO - HTTP Request: POST https://svip.xty.app/v1/chat/completions "HTTP/1.1 200 OK"
2025-12-28 23:34:21,270 - root - INFO - URL分析完成: https://support.apple.com/en-us/106932, 结果: 安全网站
2025-12-28 23:34:21,270 - root - INFO - 开始检测URL: https://support.apple.com/iphone
2025-12-28 23:34:21,270 - root - INFO - 开始分析URL: https://support.apple.com/iphone
2025-12-28 23:34:27,231 - httpx - INFO - HTTP Request: POST https://svip.xty.app/v1/chat/completions "HTTP/1.1 200 OK"
2025-12-28 23:34:27,232 - root - INFO - URL分析完成: https://support.apple.com/iphone, 结果: 安全网站
2025-12-28 23:34:27,234 - root - INFO - 开始检测URL: https://support.apple.com/my-support
2025-12-28 23:34:27,234 - root - INFO - 开始分析URL: https://support.apple.com/my-support
2025-12-28 23:34:40,990 - httpx - INFO - HTTP Request: POST https://svip.xty.app/v1/chat/completions "HTTP/1.1 200 OK"
2025-12-28 23:34:40,990 - root - INFO - URL分析完成: https://support.apple.com/my-support, 结果: 安全网站
2025-12-28 23:34:40,991 - root - INFO - 开始检测URL: https://www.wikihow.com/Contact-Apple
2025-12-28 23:34:40,991 - root - INFO - 开始分析URL: https://www.wikihow.com/Contact-Apple
2025-12-28 23:34:52,966 - httpx - INFO - HTTP Request: POST https://svip.xty.app/v1/chat/completions "HTTP/1.1 200 OK"
2025-12-28 23:34:52,967 - root - INFO - URL分析完成: https://www.wikihow.com/Contact-Apple, 结果: 安全网站
2025-12-28 23:34:52,968 - root - INFO - 开始检测URL: https://apple.pissedconsumer.com/customer-service.html
2025-12-28 23:34:52,969 - root - INFO - 开始分析URL: https://apple.pissedconsumer.com/customer-service.html
2025-12-28 23:35:00,634 - httpx - INFO - HTTP Request: POST https://svip.xty.app/v1/chat/completions "HTTP/1.1 200 OK"
2025-12-28 23:35:00,636 - root - INFO - URL分析完成: https://apple.pissedconsumer.com/customer-service.html, 结果: 钓鱼网站
2025-12-28 23:35:00,637 - root - INFO - 开始检测URL: https://www.businessinsider.com/apple-support
2025-12-28 23:35:00,637 - root - INFO - 开始分析URL: https://www.businessinsider.com/apple-support
2025-12-28 23:35:07,510 - httpx - INFO - HTTP Request: POST https://svip.xty.app/v1/chat/completions "HTTP/1.1 200 OK"
2025-12-28 23:35:07,511 - root - INFO - URL分析完成: https://www.businessinsider.com/apple-support, 结果: 安全网站
2025-12-28 23:35:07,512 - root - INFO - 开始检测URL: https://support.apple.com/complimentary
2025-12-28 23:35:07,512 - root - INFO - 开始分析URL: https://support.apple.com/complimentary
2025-12-28 23:35:13,472 - httpx - INFO - HTTP Request: POST https://svip.xty.app/v1/chat/completions "HTTP/1.1 200 OK"
2025-12-28 23:35:13,474 - root - INFO - URL分析完成: https://support.apple.com/complimentary, 结果: 安全网站
2025-12-28 23:35:13,475 - root - INFO - 开始检测URL: https://support.apple.com/mac
2025-12-28 23:35:13,475 - root - INFO - 开始分析URL: https://support.apple.com/mac
2025-12-28 23:35:21,947 - httpx - INFO - HTTP Request: POST https://svip.xty.app/v1/chat/completions "HTTP/1.1 200 OK"
2025-12-28 23:35:21,948 - root - INFO - URL分析完成: https://support.apple.com/mac, 结果: 安全网站
2025-12-28 23:35:21,948 - root - INFO - 开始检测URL: https://www.apple.com/support/professional/help-desks/
2025-12-28 23:35:21,948 - root - INFO - 开始分析URL: https://www.apple.com/support/professional/help-desks/
2025-12-28 23:35:30,705 - httpx - INFO - HTTP Request: POST https://svip.xty.app/v1/chat/completions "HTTP/1.1 200 OK"
2025-12-28 23:35:30,707 - root - INFO - URL分析完成: https://www.apple.com/support/professional/help-desks/, 结果: 安全网站
2025-12-28 23:35:30,708 - root - INFO - 开始检测URL: https://support.apple.com/en-us/111749
2025-12-28 23:35:30,708 - root - INFO - 开始分析URL: https://support.apple.com/en-us/111749
2025-12-28 23:35:37,519 - httpx - INFO - HTTP Request: POST https://svip.xty.app/v1/chat/completions "HTTP/1.1 200 OK"
2025-12-28 23:35:37,519 - root - INFO - URL分析完成: https://support.apple.com/en-us/111749, 结果: 安全网站
2025-12-28 23:35:37,519 - root - INFO - 开始检测URL: https://www.elliott.org/company-contacts/apple/
2025-12-28 23:35:37,520 - root - INFO - 开始分析URL: https://www.elliott.org/company-contacts/apple/
2025-12-28 23:35:46,103 - httpx - INFO - HTTP Request: POST https://svip.xty.app/v1/chat/completions "HTTP/1.1 200 OK"
2025-12-28 23:35:46,103 - root - INFO - URL分析完成: https://www.elliott.org/company-contacts/apple/, 结果: 安全网站
2025-12-28 23:35:46,105 - root - INFO - 开始检测URL: https://www.apple.com/asia/support/supportoptions/supportoptions.html
2025-12-28 23:35:46,105 - root - INFO - 开始分析URL: https://www.apple.com/asia/support/supportoptions/supportoptions.html
2025-12-28 23:35:52,850 - httpx - INFO - HTTP Request: POST https://svip.xty.app/v1/chat/completions "HTTP/1.1 200 OK"
2025-12-28 23:35:52,851 - root - INFO - URL分析完成: https://www.apple.com/asia/support/supportoptions/supportoptions.html, 结果: 安全网站
2025-12-28 23:35:52,852 - root - INFO - 开始检测URL: https://www.igeeksblog.com/how-to-contact-apple-support/
2025-12-28 23:35:52,852 - root - INFO - 开始分析URL: https://www.igeeksblog.com/how-to-contact-apple-support/
2025-12-28 23:36:02,638 - httpx - INFO - HTTP Request: POST https://svip.xty.app/v1/chat/completions "HTTP/1.1 200 OK"
2025-12-28 23:36:02,640 - root - INFO - URL分析完成: https://www.igeeksblog.com/how-to-contact-apple-support/, 结果: 安全网站
2025-12-28 23:36:02,641 - root - INFO - 开始检测URL: https://support.apple.com/en-us/122114
2025-12-28 23:36:02,641 - root - INFO - 开始分析URL: https://support.apple.com/en-us/122114
2025-12-28 23:36:09,733 - httpx - INFO - HTTP Request: POST https://svip.xty.app/v1/chat/completions "HTTP/1.1 200 OK"
2025-12-28 23:36:09,733 - root - INFO - URL分析完成: https://support.apple.com/en-us/122114, 结果: 安全网站
2025-12-28 23:36:09,734 - root - INFO - 开始检测URL: https://www.hellotech.com/guide/for/how-to-contact-apple-support
2025-12-28 23:36:09,734 - root - INFO - 开始分析URL: https://www.hellotech.com/guide/for/how-to-contact-apple-support
2025-12-28 23:36:27,844 - httpx - INFO - HTTP Request: POST https://svip.xty.app/v1/chat/completions "HTTP/1.1 200 OK"
2025-12-28 23:36:27,846 - root - INFO - URL分析完成: https://www.hellotech.com/guide/for/how-to-contact-apple-support, 结果: 安全网站
2025-12-28 23:36:27,847 - root - INFO - 开始检测URL: https://support.apple.com/billing
2025-12-28 23:36:27,847 - root - INFO - 开始分析URL: https://support.apple.com/billing
2025-12-28 23:36:33,641 - httpx - INFO - HTTP Request: POST https://svip.xty.app/v1/chat/completions "HTTP/1.1 200 OK"
2025-12-28 23:36:33,642 - root - INFO - URL分析完成: https://support.apple.com/billing, 结果: 安全网站
2025-12-28 23:36:33,642 - root - INFO - 开始检测URL: https://discussions.apple.com/thread/255971202
2025-12-28 23:36:33,642 - root - INFO - 开始分析URL: https://discussions.apple.com/thread/255971202
2025-12-28 23:36:41,051 - httpx - INFO - HTTP Request: POST https://svip.xty.app/v1/chat/completions "HTTP/1.1 200 OK"
2025-12-28 23:36:41,052 - root - INFO - URL分析完成: https://discussions.apple.com/thread/255971202, 结果: 安全网站
2025-12-28 23:36:41,053 - root - INFO - 开始检测URL: https://www.roblox.com/games/119789365111500/Tank-Game
2025-12-28 23:36:41,053 - root - INFO - 开始分析URL: https://www.roblox.com/games/119789365111500/Tank-Game
2025-12-28 23:36:47,031 - httpx - INFO - HTTP Request: POST https://svip.xty.app/v1/chat/completions "HTTP/1.1 200 OK"
2025-12-28 23:36:47,033 - root - INFO - URL分析完成: https://www.roblox.com/games/119789365111500/Tank-Game, 结果: 安全网站
2025-12-28 23:36:47,034 - root - INFO - 开始检测URL: https://www.destructoid.com/tank-game-tier-list/
2025-12-28 23:36:47,034 - root - INFO - 开始分析URL: https://www.destructoid.com/tank-game-tier-list/
2025-12-28 23:36:52,485 - httpx - INFO - HTTP Request: POST https://svip.xty.app/v1/chat/completions "HTTP/1.1 200 OK"
2025-12-28 23:36:52,487 - root - INFO - URL分析完成: https://www.destructoid.com/tank-game-tier-list/, 结果: 安全网站
2025-12-28 23:36:52,488 - root - INFO - 开始检测URL: https://www.roblox.com/games/17554856486/Tank-Game-Simulator
2025-12-28 23:36:52,488 - root - INFO - 开始分析URL: https://www.roblox.com/games/17554856486/Tank-Game-Simulator
2025-12-28 23:36:59,075 - httpx - INFO - HTTP Request: POST https://svip.xty.app/v1/chat/completions "HTTP/1.1 200 OK"
2025-12-28 23:36:59,076 - root - INFO - URL分析完成: https://www.roblox.com/games/17554856486/Tank-Game-Simulator, 结果: 安全网站
2025-12-28 23:36:59,078 - root - INFO - 开始检测URL: https://www.reddit.com/r/roblox/comments/gqyv16/any_good_tank_games_on_roblox/
2025-12-28 23:36:59,078 - root - INFO - 开始分析URL: https://www.reddit.com/r/roblox/comments/gqyv16/any_good_tank_games_on_roblox/
2025-12-28 23:37:06,340 - httpx - INFO - HTTP Request: POST https://svip.xty.app/v1/chat/completions "HTTP/1.1 200 OK"
2025-12-28 23:37:06,342 - root - INFO - URL分析完成: https://www.reddit.com/r/roblox/comments/gqyv16/any_good_tank_games_on_roblox/, 结果: 安全网站
2025-12-28 23:37:06,343 - root - INFO - 开始检测URL: https://www.ldplayer.net/blog/roblox-tank-game-tier-list.html
2025-12-28 23:37:06,343 - root - INFO - 开始分析URL: https://www.ldplayer.net/blog/roblox-tank-game-tier-list.html
2025-12-28 23:37:13,390 - httpx - INFO - HTTP Request: POST https://svip.xty.app/v1/chat/completions "HTTP/1.1 200 OK"
2025-12-28 23:37:13,391 - root - INFO - URL分析完成: https://www.ldplayer.net/blog/roblox-tank-game-tier-list.html, 结果: 安全网站
2025-12-28 23:37:13,391 - root - INFO - 开始检测URL: https://www.roblox.com/games/17554856486/ROCKET-LAUNCHER-Tank-Game-Simulator
2025-12-28 23:37:13,391 - root - INFO - 开始分析URL: https://www.roblox.com/games/17554856486/ROCKET-LAUNCHER-Tank-Game-Simulator
2025-12-28 23:37:21,205 - httpx - INFO - HTTP Request: POST https://svip.xty.app/v1/chat/completions "HTTP/1.1 200 OK"
2025-12-28 23:37:21,206 - root - INFO - URL分析完成: https://www.roblox.com/games/17554856486/ROCKET-LAUNCHER-Tank-Game-Simulator, 结果: 安全网站
2025-12-28 23:37:21,206 - root - INFO - 开始检测URL: https://www.roblox.com/games/204990346/Tiny-Tanks
2025-12-28 23:37:21,206 - root - INFO - 开始分析URL: https://www.roblox.com/games/204990346/Tiny-Tanks
2025-12-28 23:37:29,463 - httpx - INFO - HTTP Request: POST https://svip.xty.app/v1/chat/completions "HTTP/1.1 200 OK"
2025-12-28 23:37:29,464 - root - INFO - URL分析完成: https://www.roblox.com/games/204990346/Tiny-Tanks, 结果: 安全网站
2025-12-28 23:37:29,465 - root - INFO - 开始检测URL: https://deltiasgaming.com/tank-game-tier-list-roblox/
2025-12-28 23:37:29,465 - root - INFO - 开始分析URL: https://deltiasgaming.com/tank-game-tier-list-roblox/
2025-12-28 23:37:37,468 - httpx - INFO - HTTP Request: POST https://svip.xty.app/v1/chat/completions "HTTP/1.1 200 OK"
2025-12-28 23:37:37,469 - root - INFO - URL分析完成: https://deltiasgaming.com/tank-game-tier-list-roblox/, 结果: 安全网站
2025-12-28 23:37:37,470 - root - INFO - 开始检测URL: https://www.robloxgo.com/list/best_roblox_tank_games
2025-12-28 23:37:37,470 - root - INFO - 开始分析URL: https://www.robloxgo.com/list/best_roblox_tank_games
2025-12-28 23:37:44,937 - httpx - INFO - HTTP Request: POST https://svip.xty.app/v1/chat/completions "HTTP/1.1 200 OK"
2025-12-28 23:37:44,937 - root - INFO - URL分析完成: https://www.robloxgo.com/list/best_roblox_tank_games, 结果: 钓鱼网站
2025-12-28 23:37:44,937 - root - INFO - 开始检测URL: https://www.crazygames.com/game/tanks-3d
2025-12-28 23:37:44,938 - root - INFO - 开始分析URL: https://www.crazygames.com/game/tanks-3d
2025-12-28 23:37:52,148 - httpx - INFO - HTTP Request: POST https://svip.xty.app/v1/chat/completions "HTTP/1.1 200 OK"
2025-12-28 23:37:52,149 - root - INFO - URL分析完成: https://www.crazygames.com/game/tanks-3d, 结果: 安全网站
2025-12-28 23:37:52,150 - root - INFO - 开始检测URL: https://www.roblox.com/games/89048211727318/Tank-Game-STARTER
2025-12-28 23:37:52,150 - root - INFO - 开始分析URL: https://www.roblox.com/games/89048211727318/Tank-Game-STARTER
2025-12-28 23:37:59,772 - httpx - INFO - HTTP Request: POST https://svip.xty.app/v1/chat/completions "HTTP/1.1 200 OK"
2025-12-28 23:37:59,774 - root - INFO - URL分析完成: https://www.roblox.com/games/89048211727318/Tank-Game-STARTER, 结果: 安全网站
2025-12-28 23:37:59,775 - root - INFO - 开始检测URL: https://www.crazygames.com/t/tank
2025-12-28 23:37:59,775 - root - INFO - 开始分析URL: https://www.crazygames.com/t/tank
2025-12-28 23:38:06,245 - httpx - INFO - HTTP Request: POST https://svip.xty.app/v1/chat/completions "HTTP/1.1 200 OK"
2025-12-28 23:38:06,246 - root - INFO - URL分析完成: https://www.crazygames.com/t/tank, 结果: 安全网站
2025-12-28 23:38:06,246 - root - INFO - 开始检测URL: https://sportsrant.indiatimes.com/gaming/best-tanks-in-tank-game-roblox-s-tier-to-b-tier-ranked-674773.html
2025-12-28 23:38:06,246 - root - INFO - 开始分析URL: https://sportsrant.indiatimes.com/gaming/best-tanks-in-tank-game-roblox-s-tier-to-b-tier-ranked-674773.html
2025-12-28 23:38:11,991 - httpx - INFO - HTTP Request: POST https://svip.xty.app/v1/chat/completions "HTTP/1.1 200 OK"
2025-12-28 23:38:11,993 - root - INFO - URL分析完成: https://sportsrant.indiatimes.com/gaming/best-tanks-in-tank-game-roblox-s-tier-to-b-tier-ranked-674773.html, 结果: 安全网站
2025-12-28 23:38:11,994 - root - INFO - 开始检测URL: https://www.youtube.com/watch?v=sRkjPHqKtns
2025-12-28 23:38:11,994 - root - INFO - 开始分析URL: https://www.youtube.com/watch?v=sRkjPHqKtns
2025-12-28 23:38:21,748 - httpx - INFO - HTTP Request: POST https://svip.xty.app/v1/chat/completions "HTTP/1.1 200 OK"
2025-12-28 23:38:21,748 - root - INFO - URL分析完成: https://www.youtube.com/watch?v=sRkjPHqKtns, 结果: 安全网站
2025-12-28 23:38:21,748 - root - INFO - 开始检测URL: https://www.roblox.com/games/4048936408/Tank-Simulator
2025-12-28 23:38:21,749 - root - INFO - 开始分析URL: https://www.roblox.com/games/4048936408/Tank-Simulator
2025-12-28 23:38:30,273 - httpx - INFO - HTTP Request: POST https://svip.xty.app/v1/chat/completions "HTTP/1.1 200 OK"
2025-12-28 23:38:30,274 - root - INFO - URL分析完成: https://www.roblox.com/games/4048936408/Tank-Simulator, 结果: 安全网站
2025-12-28 23:38:30,274 - root - INFO - 开始检测URL: https://www.reddit.com/r/GIRLSundPANZER/comments/1dadsrn/ive_been_playing_this_roblox_tank_game_and_its_a/
2025-12-28 23:38:30,274 - root - INFO - 开始分析URL: https://www.reddit.com/r/GIRLSundPANZER/comments/1dadsrn/ive_been_playing_this_roblox_tank_game_and_its_a/
2025-12-28 23:38:39,570 - httpx - INFO - HTTP Request: POST https://svip.xty.app/v1/chat/completions "HTTP/1.1 200 OK"
2025-12-28 23:38:39,572 - root - INFO - URL分析完成: https://www.reddit.com/r/GIRLSundPANZER/comments/1dadsrn/ive_been_playing_this_roblox_tank_game_and_its_a/, 结果: 安全网站
2025-12-28 23:38:39,572 - root - INFO - 开始检测URL: https://beebom.com/tank-game-codes/
2025-12-28 23:38:39,572 - root - INFO - 开始分析URL: https://beebom.com/tank-game-codes/
2025-12-28 23:38:51,036 - httpx - INFO - HTTP Request: POST https://svip.xty.app/v1/chat/completions "HTTP/1.1 200 OK"
2025-12-28 23:38:51,037 - root - INFO - URL分析完成: https://beebom.com/tank-game-codes/, 结果: 安全网站
2025-12-28 23:38:51,037 - root - INFO - 开始检测URL: https://www.roblox.com/games/6608498361/Cursed-Tank-Simulator-SKYFALL
2025-12-28 23:38:51,037 - root - INFO - 开始分析URL: https://www.roblox.com/games/6608498361/Cursed-Tank-Simulator-SKYFALL
2025-12-28 23:38:58,422 - httpx - INFO - HTTP Request: POST https://svip.xty.app/v1/chat/completions "HTTP/1.1 200 OK"
2025-12-28 23:38:58,423 - root - INFO - URL分析完成: https://www.roblox.com/games/6608498361/Cursed-Tank-Simulator-SKYFALL, 结果: 安全网站
2025-12-28 23:38:58,424 - root - INFO - 开始检测URL: https://www.youtube.com/watch?v=w7y7XlZBOFg
2025-12-28 23:38:58,424 - root - INFO - 开始分析URL: https://www.youtube.com/watch?v=w7y7XlZBOFg
2025-12-28 23:39:07,742 - httpx - INFO - HTTP Request: POST https://svip.xty.app/v1/chat/completions "HTTP/1.1 200 OK"
2025-12-28 23:39:07,743 - root - INFO - URL分析完成: https://www.youtube.com/watch?v=w7y7XlZBOFg, 结果: 安全网站
2025-12-28 23:39:07,746 - root - INFO - 开始检测URL: https://tankionline.com/en/
2025-12-28 23:39:07,746 - root - INFO - 开始分析URL: https://tankionline.com/en/
2025-12-28 23:39:25,285 - httpx - INFO - HTTP Request: POST https://svip.xty.app/v1/chat/completions "HTTP/1.1 200 OK"
2025-12-28 23:39:25,286 - root - INFO - URL分析完成: https://tankionline.com/en/, 结果: 安全网站
2025-12-28 23:39:25,286 - root - INFO - 开始检测URL: https://www.roblox.com/games/537413528/Build-A-Boat-For-Treasure
2025-12-28 23:39:25,286 - root - INFO - 开始分析URL: https://www.roblox.com/games/537413528/Build-A-Boat-For-Treasure
2025-12-28 23:39:35,706 - httpx - INFO - HTTP Request: POST https://svip.xty.app/v1/chat/completions "HTTP/1.1 200 OK"
2025-12-28 23:39:35,707 - root - INFO - URL分析完成: https://www.roblox.com/games/537413528/Build-A-Boat-For-Treasure, 结果: 安全网站
2025-12-28 23:39:35,708 - root - INFO - 开始检测URL: https://www.bluestacks.com/blog/game-guides/roblox/beginners-guide-build-a-boat-for-treasure-roblox-en.html
2025-12-28 23:39:35,708 - root - INFO - 开始分析URL: https://www.bluestacks.com/blog/game-guides/roblox/beginners-guide-build-a-boat-for-treasure-roblox-en.html
2025-12-28 23:39:44,026 - httpx - INFO - HTTP Request: POST https://svip.xty.app/v1/chat/completions "HTTP/1.1 200 OK"
2025-12-28 23:39:44,027 - root - INFO - URL分析完成: https://www.bluestacks.com/blog/game-guides/roblox/beginners-guide-build-a-boat-for-treasure-roblox-en.html, 结果: 安全网站
2025-12-28 23:39:44,028 - root - INFO - 开始检测URL: https://www.tiktok.com/discover/build-a-boat-for-treasure?lang=en
2025-12-28 23:39:44,028 - root - INFO - 开始分析URL: https://www.tiktok.com/discover/build-a-boat-for-treasure?lang=en
2025-12-28 23:39:54,910 - httpx - INFO - HTTP Request: POST https://svip.xty.app/v1/chat/completions "HTTP/1.1 200 OK"
2025-12-28 23:39:54,911 - root - INFO - URL分析完成: https://www.tiktok.com/discover/build-a-boat-for-treasure?lang=en, 结果: 安全网站
2025-12-28 23:39:54,912 - root - INFO - 开始检测URL: https://www.youtube.com/watch?v=D3Idfs9Upjc
2025-12-28 23:39:54,912 - root - INFO - 开始分析URL: https://www.youtube.com/watch?v=D3Idfs9Upjc
2025-12-28 23:40:02,130 - httpx - INFO - HTTP Request: POST https://svip.xty.app/v1/chat/completions "HTTP/1.1 200 OK"
2025-12-28 23:40:02,132 - root - INFO - URL分析完成: https://www.youtube.com/watch?v=D3Idfs9Upjc, 结果: 安全网站
2025-12-28 23:40:02,133 - root - INFO - 开始检测URL: https://www.tiktok.com/discover/the-hatch-roblox-build-a-boat
2025-12-28 23:40:02,133 - root - INFO - 开始分析URL: https://www.tiktok.com/discover/the-hatch-roblox-build-a-boat
2025-12-28 23:40:08,773 - httpx - INFO - HTTP Request: POST https://svip.xty.app/v1/chat/completions "HTTP/1.1 200 OK"
2025-12-28 23:40:08,775 - root - INFO - URL分析完成: https://www.tiktok.com/discover/the-hatch-roblox-build-a-boat, 结果: 安全网站
2025-12-28 23:40:08,776 - root - INFO - 开始检测URL: https://build-a-boat-for-treasure.fandom.com/wiki/Build_a_boat_for_treasure_Wiki
2025-12-28 23:40:08,776 - root - INFO - 开始分析URL: https://build-a-boat-for-treasure.fandom.com/wiki/Build_a_boat_for_treasure_Wiki
2025-12-28 23:40:16,891 - httpx - INFO - HTTP Request: POST https://svip.xty.app/v1/chat/completions "HTTP/1.1 200 OK"
2025-12-28 23:40:16,893 - root - INFO - URL分析完成: https://build-a-boat-for-treasure.fandom.com/wiki/Build_a_boat_for_treasure_Wiki, 结果: 安全网站
2025-12-28 23:40:16,894 - root - INFO - 开始检测URL: https://www.roblox.com/discover/?Keyword=build+a+boat+for+treasure
2025-12-28 23:40:16,894 - root - INFO - 开始分析URL: https://www.roblox.com/discover/?Keyword=build+a+boat+for+treasure
2025-12-28 23:40:24,392 - httpx - INFO - HTTP Request: POST https://svip.xty.app/v1/chat/completions "HTTP/1.1 200 OK"
2025-12-28 23:40:24,394 - root - INFO - URL分析完成: https://www.roblox.com/discover/?Keyword=build+a+boat+for+treasure, 结果: 安全网站
2025-12-28 23:40:24,395 - root - INFO - 开始检测URL: https://www.rolimons.com/game/537413528
2025-12-28 23:40:24,395 - root - INFO - 开始分析URL: https://www.rolimons.com/game/537413528
2025-12-28 23:40:32,059 - httpx - INFO - HTTP Request: POST https://svip.xty.app/v1/chat/completions "HTTP/1.1 200 OK"
2025-12-28 23:40:32,060 - root - INFO - URL分析完成: https://www.rolimons.com/game/537413528, 结果: 安全网站
2025-12-28 23:40:32,061 - root - INFO - 开始检测URL: https://www.youtube.com/playlist?list=PL60TYYMYklFyTE7CAGOnn0uyFXhpFRe6O
2025-12-28 23:40:32,061 - root - INFO - 开始分析URL: https://www.youtube.com/playlist?list=PL60TYYMYklFyTE7CAGOnn0uyFXhpFRe6O
2025-12-28 23:40:38,189 - httpx - INFO - HTTP Request: POST https://svip.xty.app/v1/chat/completions "HTTP/1.1 200 OK"
2025-12-28 23:40:38,190 - root - INFO - URL分析完成: https://www.youtube.com/playlist?list=PL60TYYMYklFyTE7CAGOnn0uyFXhpFRe6O, 结果: 安全网站
2025-12-28 23:40:38,191 - root - INFO - 开始检测URL: https://allroblox.com/en/game/build-a-boat-for-treasure/
2025-12-28 23:40:38,191 - root - INFO - 开始分析URL: https://allroblox.com/en/game/build-a-boat-for-treasure/
2025-12-28 23:40:50,765 - httpx - INFO - HTTP Request: POST https://svip.xty.app/v1/chat/completions "HTTP/1.1 200 OK"
2025-12-28 23:40:50,765 - root - INFO - URL分析完成: https://allroblox.com/en/game/build-a-boat-for-treasure/, 结果: 钓鱼网站
2025-12-28 23:40:50,766 - root - INFO - 开始检测URL: https://build-a-boat-for-treasure.fandom.com/wiki/Boats
2025-12-28 23:40:50,766 - root - INFO - 开始分析URL: https://build-a-boat-for-treasure.fandom.com/wiki/Boats
2025-12-28 23:40:57,264 - httpx - INFO - HTTP Request: POST https://svip.xty.app/v1/chat/completions "HTTP/1.1 200 OK"
2025-12-28 23:40:57,265 - root - INFO - URL分析完成: https://build-a-boat-for-treasure.fandom.com/wiki/Boats, 结果: 安全网站
2025-12-28 23:40:57,266 - root - INFO - 开始检测URL: https://progameguides.com/roblox/best-boat-designs-in-roblox-build-a-boat-for-treasure/
2025-12-28 23:40:57,266 - root - INFO - 开始分析URL: https://progameguides.com/roblox/best-boat-designs-in-roblox-build-a-boat-for-treasure/
2025-12-28 23:41:05,167 - httpx - INFO - HTTP Request: POST https://svip.xty.app/v1/chat/completions "HTTP/1.1 200 OK"
2025-12-28 23:41:05,168 - root - INFO - URL分析完成: https://progameguides.com/roblox/best-boat-designs-in-roblox-build-a-boat-for-treasure/, 结果: 安全网站
2025-12-28 23:41:05,169 - root - INFO - 开始检测URL: https://www.reddit.com/r/roblox/comments/13k63y5/people_really_do_building_some_crazy_creative_in/
2025-12-28 23:41:05,169 - root - INFO - 开始分析URL: https://www.reddit.com/r/roblox/comments/13k63y5/people_really_do_building_some_crazy_creative_in/
2025-12-28 23:41:12,218 - httpx - INFO - HTTP Request: POST https://svip.xty.app/v1/chat/completions "HTTP/1.1 200 OK"
2025-12-28 23:41:12,220 - root - INFO - URL分析完成: https://www.reddit.com/r/roblox/comments/13k63y5/people_really_do_building_some_crazy_creative_in/, 结果: 安全网站
2025-12-28 23:41:12,220 - root - INFO - 开始检测URL: https://www.familygamingdatabase.com/en-us/search/similar/Build+A+Boat+for+Treasure
2025-12-28 23:41:12,220 - root - INFO - 开始分析URL: https://www.familygamingdatabase.com/en-us/search/similar/Build+A+Boat+for+Treasure
2025-12-28 23:41:20,505 - httpx - INFO - HTTP Request: POST https://svip.xty.app/v1/chat/completions "HTTP/1.1 200 OK"
2025-12-28 23:41:20,506 - root - INFO - URL分析完成: https://www.familygamingdatabase.com/en-us/search/similar/Build+A+Boat+for+Treasure, 结果: 安全网站
2025-12-28 23:41:20,506 - root - INFO - 开始检测URL: https://www.reddit.com/r/roblox/comments/1dhf4ux/build_a_boat_for_treasure/
2025-12-28 23:41:20,507 - root - INFO - 开始分析URL: https://www.reddit.com/r/roblox/comments/1dhf4ux/build_a_boat_for_treasure/
2025-12-28 23:41:28,389 - httpx - INFO - HTTP Request: POST https://svip.xty.app/v1/chat/completions "HTTP/1.1 200 OK"
2025-12-28 23:41:28,391 - root - INFO - URL分析完成: https://www.reddit.com/r/roblox/comments/1dhf4ux/build_a_boat_for_treasure/, 结果: 安全网站
2025-12-28 23:41:28,392 - root - INFO - 开始检测URL: https://www.reddit.com/r/gamingsuggestions/comments/1iwewmz/what_is_a_good_game_akin_to_build_a_boat_for/
2025-12-28 23:41:28,392 - root - INFO - 开始分析URL: https://www.reddit.com/r/gamingsuggestions/comments/1iwewmz/what_is_a_good_game_akin_to_build_a_boat_for/
2025-12-28 23:41:36,102 - httpx - INFO - HTTP Request: POST https://svip.xty.app/v1/chat/completions "HTTP/1.1 200 OK"
2025-12-28 23:41:36,103 - root - INFO - URL分析完成: https://www.reddit.com/r/gamingsuggestions/comments/1iwewmz/what_is_a_good_game_akin_to_build_a_boat_for/, 结果: 安全网站
2025-12-28 23:41:36,103 - root - INFO - 开始检测URL: https://progameguides.com/roblox/build-a-boat-for-treasure-codes/
2025-12-28 23:41:36,104 - root - INFO - 开始分析URL: https://progameguides.com/roblox/build-a-boat-for-treasure-codes/
2025-12-28 23:41:45,085 - httpx - INFO - HTTP Request: POST https://svip.xty.app/v1/chat/completions "HTTP/1.1 200 OK"
2025-12-28 23:41:45,087 - root - INFO - URL分析完成: https://progameguides.com/roblox/build-a-boat-for-treasure-codes/, 结果: 安全网站
2025-12-28 23:41:45,088 - root - INFO - 开始检测URL: https://www.familygamingdatabase.com/en-gb/game/Build+A+Boat+for+Treasure
2025-12-28 23:41:45,088 - root - INFO - 开始分析URL: https://www.familygamingdatabase.com/en-gb/game/Build+A+Boat+for+Treasure
2025-12-28 23:42:04,515 - httpx - INFO - HTTP Request: POST https://svip.xty.app/v1/chat/completions "HTTP/1.1 200 OK"
2025-12-28 23:42:04,517 - root - INFO - URL分析完成: https://www.familygamingdatabase.com/en-gb/game/Build+A+Boat+for+Treasure, 结果: 安全网站
2025-12-28 23:42:04,518 - root - INFO - 开始检测URL: https://www.pinterest.com/ideas/build-a-boat-for-treasure-ideas/910335835359/
2025-12-28 23:42:04,518 - root - INFO - 开始分析URL: https://www.pinterest.com/ideas/build-a-boat-for-treasure-ideas/910335835359/
2025-12-28 23:42:18,054 - httpx - INFO - HTTP Request: POST https://svip.xty.app/v1/chat/completions "HTTP/1.1 200 OK"
2025-12-28 23:42:18,056 - root - INFO - URL分析完成: https://www.pinterest.com/ideas/build-a-boat-for-treasure-ideas/910335835359/, 结果: 安全网站
2025-12-28 23:42:18,057 - root - INFO - 开始检测URL: https://www.reddit.com/r/roblox/comments/1431hfw/i_build_this_in_build_a_boat_for_treasure/
2025-12-28 23:42:18,057 - root - INFO - 开始分析URL: https://www.reddit.com/r/roblox/comments/1431hfw/i_build_this_in_build_a_boat_for_treasure/
2025-12-28 23:42:25,920 - httpx - INFO - HTTP Request: POST https://svip.xty.app/v1/chat/completions "HTTP/1.1 200 OK"
2025-12-28 23:42:25,922 - root - INFO - URL分析完成: https://www.reddit.com/r/roblox/comments/1431hfw/i_build_this_in_build_a_boat_for_treasure/, 结果: 安全网站
2025-12-28 23:42:25,922 - root - INFO - 开始检测URL: https://manbetx-bet.com/
2025-12-28 23:42:25,923 - root - INFO - 开始分析URL: https://manbetx-bet.com/
2025-12-28 23:42:31,978 - httpx - INFO - HTTP Request: POST https://svip.xty.app/v1/chat/completions "HTTP/1.1 200 OK"
2025-12-28 23:42:31,979 - root - INFO - URL分析完成: https://manbetx-bet.com/, 结果: 钓鱼网站
2025-12-28 23:42:31,979 - root - INFO - 开始检测URL: https://fmwcc.com
2025-12-28 23:42:31,979 - root - INFO - 开始分析URL: https://fmwcc.com
2025-12-28 23:42:40,629 - httpx - INFO - HTTP Request: POST https://svip.xty.app/v1/chat/completions "HTTP/1.1 200 OK"
2025-12-28 23:42:40,630 - root - INFO - URL分析完成: https://fmwcc.com, 结果: 安全网站
2025-12-28 23:42:40,631 - root - INFO - 开始检测URL: https://www.manbtx.net/
2025-12-28 23:42:40,631 - root - INFO - 开始分析URL: https://www.manbtx.net/
2025-12-28 23:42:47,946 - httpx - INFO - HTTP Request: POST https://svip.xty.app/v1/chat/completions "HTTP/1.1 200 OK"
2025-12-28 23:42:47,947 - root - INFO - URL分析完成: https://www.manbtx.net/, 结果: 钓鱼网站
2025-12-28 23:42:47,947 - root - INFO - 开始检测URL: https://wanbosportsonline.com/
2025-12-28 23:42:47,947 - root - INFO - 开始分析URL: https://wanbosportsonline.com/
2025-12-28 23:42:58,402 - httpx - INFO - HTTP Request: POST https://svip.xty.app/v1/chat/completions "HTTP/1.1 200 OK"
2025-12-28 23:42:58,403 - root - INFO - URL分析完成: https://wanbosportsonline.com/, 结果: 钓鱼网站
2025-12-28 23:42:58,403 - root - INFO - 开始检测URL: https://trade.500.com/jczq/
2025-12-28 23:42:58,404 - root - INFO - 开始分析URL: https://trade.500.com/jczq/
2025-12-28 23:43:03,523 - httpx - INFO - HTTP Request: POST https://svip.xty.app/v1/chat/completions "HTTP/1.1 200 OK"
2025-12-28 23:43:03,523 - root - INFO - URL分析完成: https://trade.500.com/jczq/, 结果: 钓鱼网站
2025-12-28 23:43:03,523 - root - INFO - 开始检测URL: https://www.manbetxbk.com/zh-hans/
2025-12-28 23:43:03,524 - root - INFO - 开始分析URL: https://www.manbetxbk.com/zh-hans/
2025-12-28 23:43:09,223 - httpx - INFO - HTTP Request: POST https://svip.xty.app/v1/chat/completions "HTTP/1.1 200 OK"
2025-12-28 23:43:09,223 - root - INFO - URL分析完成: https://www.manbetxbk.com/zh-hans/, 结果: 钓鱼网站
2025-12-28 23:43:09,223 - root - INFO - 开始检测URL: https://manbetchina.com/manbetx-wan-bo-kou-bei-ping-gu/
2025-12-28 23:43:09,223 - root - INFO - 开始分析URL: https://manbetchina.com/manbetx-wan-bo-kou-bei-ping-gu/
2025-12-28 23:43:16,722 - httpx - INFO - HTTP Request: POST https://svip.xty.app/v1/chat/completions "HTTP/1.1 200 OK"
2025-12-28 23:43:16,723 - root - INFO - URL分析完成: https://manbetchina.com/manbetx-wan-bo-kou-bei-ping-gu/, 结果: 钓鱼网站
2025-12-28 23:43:16,724 - root - INFO - 开始检测URL: https://www.chinabet88.com/%E4%B8%87%E5%8D%9A/
2025-12-28 23:43:16,724 - root - INFO - 开始分析URL: https://www.chinabet88.com/%E4%B8%87%E5%8D%9A/
2025-12-28 23:43:25,728 - httpx - INFO - HTTP Request: POST https://svip.xty.app/v1/chat/completions "HTTP/1.1 200 OK"
2025-12-28 23:43:25,730 - root - INFO - URL分析完成: https://www.chinabet88.com/%E4%B8%87%E5%8D%9A/, 结果: 钓鱼网站
2025-12-28 23:43:25,731 - root - INFO - 开始检测URL: https://wanbotiyu-wb.com/
2025-12-28 23:43:25,731 - root - INFO - 开始分析URL: https://wanbotiyu-wb.com/
2025-12-28 23:43:31,102 - httpx - INFO - HTTP Request: POST https://svip.xty.app/v1/chat/completions "HTTP/1.1 200 OK"
2025-12-28 23:43:31,103 - root - INFO - URL分析完成: https://wanbotiyu-wb.com/, 结果: 钓鱼网站
2025-12-28 23:43:31,104 - root - INFO - 开始检测URL: https://cn.77mebtx.com/game/index
2025-12-28 23:43:31,104 - root - INFO - 开始分析URL: https://cn.77mebtx.com/game/index
2025-12-28 23:44:33,828 - httpx - INFO - HTTP Request: POST https://svip.xty.app/v1/chat/completions "HTTP/1.1 200 OK"
2025-12-28 23:44:33,830 - root - INFO - URL分析完成: https://cn.77mebtx.com/game/index, 结果: 钓鱼网站
2025-12-28 23:44:33,831 - root - INFO - 开始检测URL: https://www.vipc.cn/jczq/buys
2025-12-28 23:44:33,831 - root - INFO - 开始分析URL: https://www.vipc.cn/jczq/buys
2025-12-28 23:44:40,854 - httpx - INFO - HTTP Request: POST https://svip.xty.app/v1/chat/completions "HTTP/1.1 200 OK"
2025-12-28 23:44:40,855 - root - INFO - URL分析完成: https://www.vipc.cn/jczq/buys, 结果: 钓鱼网站
2025-12-28 23:44:40,856 - root - INFO - 开始检测URL: https://creators.spotify.com/pod/show/manbetx-sports/episodes/MANBETX------MANBETX-SPORTS-e22llsc
2025-12-28 23:44:40,856 - root - INFO - 开始分析URL: https://creators.spotify.com/pod/show/manbetx-sports/episodes/MANBETX------MANBETX-SPORTS-e22llsc
2025-12-28 23:44:50,600 - httpx - INFO - HTTP Request: POST https://svip.xty.app/v1/chat/completions "HTTP/1.1 200 OK"
2025-12-28 23:44:50,602 - root - INFO - URL分析完成: https://creators.spotify.com/pod/show/manbetx-sports/episodes/MANBETX------MANBETX-SPORTS-e22llsc, 结果: 钓鱼网站
2025-12-28 23:44:50,603 - root - INFO - 开始检测URL: https://www.manbetxtm.com/
2025-12-28 23:44:50,603 - root - INFO - 开始分析URL: https://www.manbetxtm.com/
2025-12-28 23:44:59,011 - httpx - INFO - HTTP Request: POST https://svip.xty.app/v1/chat/completions "HTTP/1.1 200 OK"
2025-12-28 23:44:59,014 - root - INFO - URL分析完成: https://www.manbetxtm.com/, 结果: 钓鱼网站
2025-12-28 23:44:59,015 - root - INFO - 开始检测URL: http://www.manbetx-89.com/zh-hans/
2025-12-28 23:44:59,015 - root - INFO - 开始分析URL: http://www.manbetx-89.com/zh-hans/
2025-12-28 23:45:03,781 - httpx - INFO - HTTP Request: POST https://svip.xty.app/v1/chat/completions "HTTP/1.1 200 OK"
2025-12-28 23:45:03,784 - root - INFO - URL分析完成: http://www.manbetx-89.com/zh-hans/, 结果: 钓鱼网站
2025-12-28 23:45:03,784 - root - INFO - 开始检测URL: https://1sy1xi.com/
2025-12-28 23:45:03,785 - root - INFO - 开始分析URL: https://1sy1xi.com/
2025-12-28 23:45:10,651 - httpx - INFO - HTTP Request: POST https://svip.xty.app/v1/chat/completions "HTTP/1.1 200 OK"
2025-12-28 23:45:10,652 - root - INFO - URL分析完成: https://1sy1xi.com/, 结果: 钓鱼网站
2025-12-28 23:45:10,653 - root - INFO - 开始检测URL: https://blog.csdn.net/linwei_hello/article/details/90137530
2025-12-28 23:45:10,653 - root - INFO - 开始分析URL: https://blog.csdn.net/linwei_hello/article/details/90137530
2025-12-28 23:45:18,157 - httpx - INFO - HTTP Request: POST https://svip.xty.app/v1/chat/completions "HTTP/1.1 200 OK"
2025-12-28 23:45:18,159 - root - INFO - URL分析完成: https://blog.csdn.net/linwei_hello/article/details/90137530, 结果: 安全网站
2025-12-28 23:45:18,160 - root - INFO - 开始检测URL: https://gam3s.gg/roblox/guides/fish-it-christmas-event-update/
2025-12-28 23:45:18,160 - root - INFO - 开始分析URL: https://gam3s.gg/roblox/guides/fish-it-christmas-event-update/
2025-12-28 23:45:24,166 - httpx - INFO - HTTP Request: POST https://svip.xty.app/v1/chat/completions "HTTP/1.1 200 OK"
2025-12-28 23:45:24,167 - root - INFO - URL分析完成: https://gam3s.gg/roblox/guides/fish-it-christmas-event-update/, 结果: 钓鱼网站
2025-12-28 23:45:24,168 - root - INFO - 开始检测URL: https://www.ssegold.com/fish-it-christmas-event-part-2-guide
2025-12-28 23:45:24,168 - root - INFO - 开始分析URL: https://www.ssegold.com/fish-it-christmas-event-part-2-guide
2025-12-28 23:45:30,448 - httpx - INFO - HTTP Request: POST https://svip.xty.app/v1/chat/completions "HTTP/1.1 200 OK"
2025-12-28 23:45:30,449 - root - INFO - URL分析完成: https://www.ssegold.com/fish-it-christmas-event-part-2-guide, 结果: 钓鱼网站
2025-12-28 23:45:30,450 - root - INFO - 开始检测URL: https://www.bloxguidehub.com/fish-it-christmas-event-2025/
2025-12-28 23:45:30,450 - root - INFO - 开始分析URL: https://www.bloxguidehub.com/fish-it-christmas-event-2025/
2025-12-28 23:45:39,674 - httpx - INFO - HTTP Request: POST https://svip.xty.app/v1/chat/completions "HTTP/1.1 200 OK"
2025-12-28 23:45:39,675 - root - INFO - URL分析完成: https://www.bloxguidehub.com/fish-it-christmas-event-2025/, 结果: 安全网站
2025-12-28 23:45:39,675 - root - INFO - 开始检测URL: https://www.rolimons.com/game/121864768012064
2025-12-28 23:45:39,676 - root - INFO - 开始分析URL: https://www.rolimons.com/game/121864768012064
2025-12-28 23:45:48,229 - httpx - INFO - HTTP Request: POST https://svip.xty.app/v1/chat/completions "HTTP/1.1 200 OK"
2025-12-28 23:45:48,231 - root - INFO - URL分析完成: https://www.rolimons.com/game/121864768012064, 结果: 安全网站
2025-12-28 23:45:48,232 - root - INFO - 开始检测URL: https://boundbyflame.com/fish-it-christmas-week-2-update-guide/
2025-12-28 23:45:48,232 - root - INFO - 开始分析URL: https://boundbyflame.com/fish-it-christmas-week-2-update-guide/
2025-12-28 23:45:57,070 - httpx - INFO - HTTP Request: POST https://svip.xty.app/v1/chat/completions "HTTP/1.1 200 OK"
2025-12-28 23:45:57,070 - root - INFO - URL分析完成: https://boundbyflame.com/fish-it-christmas-week-2-update-guide/, 结果: 安全网站
2025-12-28 23:45:57,070 - root - INFO - 开始检测URL: https://www.roblox.com/games/121864768012064/Fish-It
2025-12-28 23:45:57,071 - root - INFO - 开始分析URL: https://www.roblox.com/games/121864768012064/Fish-It
2025-12-28 23:46:07,617 - httpx - INFO - HTTP Request: POST https://svip.xty.app/v1/chat/completions "HTTP/1.1 200 OK"
2025-12-28 23:46:07,618 - root - INFO - URL分析完成: https://www.roblox.com/games/121864768012064/Fish-It, 结果: 安全网站
2025-12-28 23:46:07,619 - root - INFO - 开始检测URL: https://duniagames.co.id/amp/discover/article/fish-it-christmas/en
2025-12-28 23:46:07,619 - root - INFO - 开始分析URL: https://duniagames.co.id/amp/discover/article/fish-it-christmas/en
2025-12-28 23:46:26,479 - httpx - INFO - HTTP Request: POST https://svip.xty.app/v1/chat/completions "HTTP/1.1 200 OK"
2025-12-28 23:46:26,480 - root - INFO - URL分析完成: https://duniagames.co.id/amp/discover/article/fish-it-christmas/en, 结果: 安全网站
2025-12-28 23:46:26,482 - root - INFO - 开始检测URL: https://www.sportskeeda.com/roblox-news/fish-it-christmas-island-guide
2025-12-28 23:46:26,482 - root - INFO - 开始分析URL: https://www.sportskeeda.com/roblox-news/fish-it-christmas-island-guide
2025-12-28 23:46:34,084 - httpx - INFO - HTTP Request: POST https://svip.xty.app/v1/chat/completions "HTTP/1.1 200 OK"
2025-12-28 23:46:34,084 - root - INFO - URL分析完成: https://www.sportskeeda.com/roblox-news/fish-it-christmas-island-guide, 结果: 安全网站
2025-12-28 23:46:34,085 - root - INFO - 开始检测URL: https://www.ssegold.com/fish-it-roblox-best-fishing-spots
2025-12-28 23:46:34,085 - root - INFO - 开始分析URL: https://www.ssegold.com/fish-it-roblox-best-fishing-spots
2025-12-28 23:46:39,772 - httpx - INFO - HTTP Request: POST https://svip.xty.app/v1/chat/completions "HTTP/1.1 200 OK"
2025-12-28 23:46:39,772 - root - INFO - URL分析完成: https://www.ssegold.com/fish-it-roblox-best-fishing-spots, 结果: 钓鱼网站
2025-12-28 23:46:39,773 - root - INFO - 开始检测URL: https://progameguides.com/roblox/fish-it-classic-disco-event-guide/
2025-12-28 23:46:39,773 - root - INFO - 开始分析URL: https://progameguides.com/roblox/fish-it-classic-disco-event-guide/
2025-12-28 23:46:48,790 - httpx - INFO - HTTP Request: POST https://svip.xty.app/v1/chat/completions "HTTP/1.1 200 OK"
2025-12-28 23:46:48,791 - root - INFO - URL分析完成: https://progameguides.com/roblox/fish-it-classic-disco-event-guide/, 结果: 安全网站
2025-12-28 23:46:48,791 - root - INFO - 开始检测URL: https://gamerant.com/roblox-fish-it-best-fishing-locations-spots/
2025-12-28 23:46:48,791 - root - INFO - 开始分析URL: https://gamerant.com/roblox-fish-it-best-fishing-locations-spots/
2025-12-28 23:46:56,580 - httpx - INFO - HTTP Request: POST https://svip.xty.app/v1/chat/completions "HTTP/1.1 200 OK"
2025-12-28 23:46:56,581 - root - INFO - URL分析完成: https://gamerant.com/roblox-fish-it-best-fishing-locations-spots/, 结果: 安全网站
2025-12-28 23:46:56,582 - root - INFO - 开始检测URL: https://www.sportskeeda.com/roblox-news/fish-it-santa-s-gift-factory-guide
2025-12-28 23:46:56,582 - root - INFO - 开始分析URL: https://www.sportskeeda.com/roblox-news/fish-it-santa-s-gift-factory-guide
2025-12-28 23:47:01,755 - httpx - INFO - HTTP Request: POST https://svip.xty.app/v1/chat/completions "HTTP/1.1 200 OK"
2025-12-28 23:47:01,756 - root - INFO - URL分析完成: https://www.sportskeeda.com/roblox-news/fish-it-santa-s-gift-factory-guide, 结果: 安全网站
2025-12-28 23:47:01,756 - root - INFO - 开始检测URL: https://www.screenhype.co.uk/roblox-fisch-a-complete-guide-to-fischmas-2025-all-fish-quests/
2025-12-28 23:47:01,756 - root - INFO - 开始分析URL: https://www.screenhype.co.uk/roblox-fisch-a-complete-guide-to-fischmas-2025-all-fish-quests/
2025-12-28 23:47:08,807 - httpx - INFO - HTTP Request: POST https://svip.xty.app/v1/chat/completions "HTTP/1.1 200 OK"
2025-12-28 23:47:08,807 - root - INFO - URL分析完成: https://www.screenhype.co.uk/roblox-fisch-a-complete-guide-to-fischmas-2025-all-fish-quests/, 结果: 安全网站
2025-12-28 23:47:08,808 - root - INFO - 开始检测URL: https://progameguides.com/roblox/spear-fishing-christmas-event-guide/
2025-12-28 23:47:08,808 - root - INFO - 开始分析URL: https://progameguides.com/roblox/spear-fishing-christmas-event-guide/
2025-12-28 23:47:17,755 - httpx - INFO - HTTP Request: POST https://svip.xty.app/v1/chat/completions "HTTP/1.1 200 OK"
2025-12-28 23:47:17,756 - root - INFO - URL分析完成: https://progameguides.com/roblox/spear-fishing-christmas-event-guide/, 结果: 安全网站
2025-12-28 23:47:17,757 - root - INFO - 开始检测URL: https://www.pcgamer.com/games/roblox/fish-it-codes/
2025-12-28 23:47:17,757 - root - INFO - 开始分析URL: https://www.pcgamer.com/games/roblox/fish-it-codes/
2025-12-28 23:47:25,622 - httpx - INFO - HTTP Request: POST https://svip.xty.app/v1/chat/completions "HTTP/1.1 200 OK"
2025-12-28 23:47:25,624 - root - INFO - URL分析完成: https://www.pcgamer.com/games/roblox/fish-it-codes/, 结果: 安全网站
2025-12-28 23:47:25,625 - root - INFO - 开始检测URL: https://www.wikihow.com/Fish-It-Best-Spot
2025-12-28 23:47:25,625 - root - INFO - 开始分析URL: https://www.wikihow.com/Fish-It-Best-Spot
2025-12-28 23:47:32,136 - httpx - INFO - HTTP Request: POST https://svip.xty.app/v1/chat/completions "HTTP/1.1 200 OK"
2025-12-28 23:47:32,137 - root - INFO - URL分析完成: https://www.wikihow.com/Fish-It-Best-Spot, 结果: 安全网站
2025-12-28 23:47:32,137 - root - INFO - 开始检测URL: https://www.sportskeeda.com/roblox-news/fish-it-birthday-event-quest-guide
2025-12-28 23:47:32,137 - root - INFO - 开始分析URL: https://www.sportskeeda.com/roblox-news/fish-it-birthday-event-quest-guide
2025-12-28 23:47:41,793 - httpx - INFO - HTTP Request: POST https://svip.xty.app/v1/chat/completions "HTTP/1.1 200 OK"
2025-12-28 23:47:41,794 - root - INFO - URL分析完成: https://www.sportskeeda.com/roblox-news/fish-it-birthday-event-quest-guide, 结果: 安全网站
2025-12-28 23:47:41,795 - root - INFO - 开始检测URL: https://www.findingdulcinea.com/roblox-fish-it-guide/
2025-12-28 23:47:41,795 - root - INFO - 开始分析URL: https://www.findingdulcinea.com/roblox-fish-it-guide/
2025-12-28 23:47:50,840 - httpx - INFO - HTTP Request: POST https://svip.xty.app/v1/chat/completions "HTTP/1.1 200 OK"
2025-12-28 23:47:50,841 - root - INFO - URL分析完成: https://www.findingdulcinea.com/roblox-fish-it-guide/, 结果: 安全网站
2025-12-28 23:47:50,842 - root - INFO - 开始检测URL: https://fishit-wiki.com/events/
2025-12-28 23:47:50,842 - root - INFO - 开始分析URL: https://fishit-wiki.com/events/
2025-12-28 23:47:56,250 - httpx - INFO - HTTP Request: POST https://svip.xty.app/v1/chat/completions "HTTP/1.1 200 OK"
2025-12-28 23:47:56,251 - root - INFO - URL分析完成: https://fishit-wiki.com/events/, 结果: 钓鱼网站
2025-12-28 23:47:56,253 - root - INFO - 开始检测URL: https://www.youtube.com/watch?v=glQQ9sakqsg
2025-12-28 23:47:56,253 - root - INFO - 开始分析URL: https://www.youtube.com/watch?v=glQQ9sakqsg
2025-12-28 23:48:02,339 - httpx - INFO - HTTP Request: POST https://svip.xty.app/v1/chat/completions "HTTP/1.1 200 OK"
2025-12-28 23:48:02,339 - root - INFO - URL分析完成: https://www.youtube.com/watch?v=glQQ9sakqsg, 结果: 安全网站
2025-12-28 23:48:02,340 - root - INFO - 开始检测URL: https://julieyoung.substack.com/p/insane-companies-no-one-everyone
2025-12-28 23:48:02,340 - root - INFO - 开始分析URL: https://julieyoung.substack.com/p/insane-companies-no-one-everyone
2025-12-28 23:48:11,484 - httpx - INFO - HTTP Request: POST https://svip.xty.app/v1/chat/completions "HTTP/1.1 200 OK"
2025-12-28 23:48:11,485 - root - INFO - URL分析完成: https://julieyoung.substack.com/p/insane-companies-no-one-everyone, 结果: 安全网站
2025-12-28 23:48:11,486 - root - INFO - 开始检测URL: https://citrusbits.com/why-is-everyone-developing-virtual-goods-on-the-popular-roblox-metaverse/
2025-12-28 23:48:11,486 - root - INFO - 开始分析URL: https://citrusbits.com/why-is-everyone-developing-virtual-goods-on-the-popular-roblox-metaverse/
2025-12-28 23:48:20,378 - httpx - INFO - HTTP Request: POST https://svip.xty.app/v1/chat/completions "HTTP/1.1 200 OK"
2025-12-28 23:48:20,380 - root - INFO - URL分析完成: https://citrusbits.com/why-is-everyone-developing-virtual-goods-on-the-popular-roblox-metaverse/, 结果: 安全网站
2025-12-28 23:48:20,380 - root - INFO - 开始检测URL: https://www.facebook.com/groups/cozygamer/posts/1348327283083916/
2025-12-28 23:48:20,380 - root - INFO - 开始分析URL: https://www.facebook.com/groups/cozygamer/posts/1348327283083916/
2025-12-28 23:48:28,453 - httpx - INFO - HTTP Request: POST https://svip.xty.app/v1/chat/completions "HTTP/1.1 200 OK"
2025-12-28 23:48:28,455 - root - INFO - URL分析完成: https://www.facebook.com/groups/cozygamer/posts/1348327283083916/, 结果: 安全网站
2025-12-28 23:48:28,456 - root - INFO - 开始检测URL: https://www.lemon8-app.com/@guttedgehenna/7376464513974993413?region=us
2025-12-28 23:48:28,456 - root - INFO - 开始分析URL: https://www.lemon8-app.com/@guttedgehenna/7376464513974993413?region=us
2025-12-28 23:48:37,565 - httpx - INFO - HTTP Request: POST https://svip.xty.app/v1/chat/completions "HTTP/1.1 200 OK"
2025-12-28 23:48:37,567 - root - INFO - URL分析完成: https://www.lemon8-app.com/@guttedgehenna/7376464513974993413?region=us, 结果: 安全网站
2025-12-28 23:48:37,568 - root - INFO - 开始检测URL: https://medium.com/@chumbacollins171/why-roblox-has-been-my-go-to-gaming-platform-for-years-344def5d0270
2025-12-28 23:48:37,568 - root - INFO - 开始分析URL: https://medium.com/@chumbacollins171/why-roblox-has-been-my-go-to-gaming-platform-for-years-344def5d0270
2025-12-28 23:48:42,652 - httpx - INFO - HTTP Request: POST https://svip.xty.app/v1/chat/completions "HTTP/1.1 200 OK"
2025-12-28 23:48:42,653 - root - INFO - URL分析完成: https://medium.com/@chumbacollins171/why-roblox-has-been-my-go-to-gaming-platform-for-years-344def5d0270, 结果: 安全网站
2025-12-28 23:48:42,653 - root - INFO - 开始检测URL: https://apps.apple.com/id/app/pokipet-raise-virtual-pets/id6443760470
2025-12-28 23:48:42,653 - root - INFO - 开始分析URL: https://apps.apple.com/id/app/pokipet-raise-virtual-pets/id6443760470
2025-12-28 23:48:48,128 - httpx - INFO - HTTP Request: POST https://svip.xty.app/v1/chat/completions "HTTP/1.1 200 OK"
2025-12-28 23:48:48,129 - root - INFO - URL分析完成: https://apps.apple.com/id/app/pokipet-raise-virtual-pets/id6443760470, 结果: 安全网站
2025-12-28 23:48:48,131 - root - INFO - 开始检测URL: https://www.sciencedirect.com/science/article/pii/S0268401222000767
2025-12-28 23:48:48,131 - root - INFO - 开始分析URL: https://www.sciencedirect.com/science/article/pii/S0268401222000767
2025-12-28 23:49:04,613 - httpx - INFO - HTTP Request: POST https://svip.xty.app/v1/chat/completions "HTTP/1.1 200 OK"
2025-12-28 23:49:04,614 - root - INFO - URL分析完成: https://www.sciencedirect.com/science/article/pii/S0268401222000767, 结果: 安全网站
2025-12-28 23:49:04,616 - root - INFO - 开始检测URL: https://apps.apple.com/us/app/roblox/id431946152
2025-12-28 23:49:04,616 - root - INFO - 开始分析URL: https://apps.apple.com/us/app/roblox/id431946152
2025-12-28 23:49:11,997 - httpx - INFO - HTTP Request: POST https://svip.xty.app/v1/chat/completions "HTTP/1.1 200 OK"
2025-12-28 23:49:11,997 - root - INFO - URL分析完成: https://apps.apple.com/us/app/roblox/id431946152, 结果: 安全网站
2025-12-28 23:49:11,998 - root - INFO - 开始检测URL: https://www.reddit.com/r/CozyGamers/comments/1b2uc8c/what_are_the_best_pet_simulator_games_out_right/
2025-12-28 23:49:11,998 - root - INFO - 开始分析URL: https://www.reddit.com/r/CozyGamers/comments/1b2uc8c/what_are_the_best_pet_simulator_games_out_right/
2025-12-28 23:49:21,675 - httpx - INFO - HTTP Request: POST https://svip.xty.app/v1/chat/completions "HTTP/1.1 200 OK"
2025-12-28 23:49:21,676 - root - INFO - URL分析完成: https://www.reddit.com/r/CozyGamers/comments/1b2uc8c/what_are_the_best_pet_simulator_games_out_right/, 结果: 安全网站
2025-12-28 23:49:21,677 - root - INFO - 开始检测URL: https://naavik.co/deep-dives/roblox-blox-fruits-brookhaven-adopt-me/
2025-12-28 23:49:21,677 - root - INFO - 开始分析URL: https://naavik.co/deep-dives/roblox-blox-fruits-brookhaven-adopt-me/
2025-12-28 23:49:29,430 - httpx - INFO - HTTP Request: POST https://svip.xty.app/v1/chat/completions "HTTP/1.1 200 OK"
2025-12-28 23:49:29,430 - root - INFO - URL分析完成: https://naavik.co/deep-dives/roblox-blox-fruits-brookhaven-adopt-me/, 结果: 安全网站
2025-12-28 23:49:29,431 - root - INFO - 开始检测URL: https://www.youtube.com/watch?v=raOJPbVqFew
2025-12-28 23:49:29,431 - root - INFO - 开始分析URL: https://www.youtube.com/watch?v=raOJPbVqFew
2025-12-28 23:49:35,581 - httpx - INFO - HTTP Request: POST https://svip.xty.app/v1/chat/completions "HTTP/1.1 200 OK"
2025-12-28 23:49:35,581 - root - INFO - URL分析完成: https://www.youtube.com/watch?v=raOJPbVqFew, 结果: 安全网站
2025-12-28 23:49:35,582 - root - INFO - 开始检测URL: https://en.help.roblox.com/hc/en-us/articles/203313200-Ways-to-Get-Robux
2025-12-28 23:49:35,582 - root - INFO - 开始分析URL: https://en.help.roblox.com/hc/en-us/articles/203313200-Ways-to-Get-Robux
2025-12-28 23:49:44,135 - httpx - INFO - HTTP Request: POST https://svip.xty.app/v1/chat/completions "HTTP/1.1 200 OK"
2025-12-28 23:49:44,137 - root - INFO - URL分析完成: https://en.help.roblox.com/hc/en-us/articles/203313200-Ways-to-Get-Robux, 结果: 安全网站
2025-12-28 23:49:44,137 - root - INFO - 开始检测URL: https://www.youtube.com/watch?v=k_l_ldYX0rU
2025-12-28 23:49:44,137 - root - INFO - 开始分析URL: https://www.youtube.com/watch?v=k_l_ldYX0rU
2025-12-28 23:49:49,499 - httpx - INFO - HTTP Request: POST https://svip.xty.app/v1/chat/completions "HTTP/1.1 200 OK"
2025-12-28 23:49:49,501 - root - INFO - URL分析完成: https://www.youtube.com/watch?v=k_l_ldYX0rU, 结果: 安全网站
2025-12-28 23:49:49,502 - root - INFO - 开始检测URL: https://www.roblox.com/upgrades/robux
2025-12-28 23:49:49,502 - root - INFO - 开始分析URL: https://www.roblox.com/upgrades/robux
2025-12-28 23:49:57,481 - httpx - INFO - HTTP Request: POST https://svip.xty.app/v1/chat/completions "HTTP/1.1 200 OK"
2025-12-28 23:49:57,482 - root - INFO - URL分析完成: https://www.roblox.com/upgrades/robux, 结果: 安全网站
2025-12-28 23:49:57,483 - root - INFO - 开始检测URL: https://www.youtube.com/watch?v=Gb-mi1Yieag
2025-12-28 23:49:57,483 - root - INFO - 开始分析URL: https://www.youtube.com/watch?v=Gb-mi1Yieag
2025-12-28 23:50:05,554 - httpx - INFO - HTTP Request: POST https://svip.xty.app/v1/chat/completions "HTTP/1.1 200 OK"
2025-12-28 23:50:05,556 - root - INFO - URL分析完成: https://www.youtube.com/watch?v=Gb-mi1Yieag, 结果: 安全网站
2025-12-28 23:50:05,557 - root - INFO - 开始检测URL: https://en.help.roblox.com/hc/en-us/articles/115005566223-How-to-Redeem-and-Spend-Your-Gift-Card
2025-12-28 23:50:05,557 - root - INFO - 开始分析URL: https://en.help.roblox.com/hc/en-us/articles/115005566223-How-to-Redeem-and-Spend-Your-Gift-Card
2025-12-28 23:50:10,964 - httpx - INFO - HTTP Request: POST https://svip.xty.app/v1/chat/completions "HTTP/1.1 200 OK"
2025-12-28 23:50:10,965 - root - INFO - URL分析完成: https://en.help.roblox.com/hc/en-us/articles/115005566223-How-to-Redeem-and-Spend-Your-Gift-Card, 结果: 安全网站
2025-12-28 23:50:10,965 - root - INFO - 开始检测URL: https://www.roblox.com/search/communities?keyword=free%20robux
2025-12-28 23:50:10,965 - root - INFO - 开始分析URL: https://www.roblox.com/search/communities?keyword=free%20robux
2025-12-28 23:50:17,877 - httpx - INFO - HTTP Request: POST https://svip.xty.app/v1/chat/completions "HTTP/1.1 200 OK"
2025-12-28 23:50:17,878 - root - INFO - URL分析完成: https://www.roblox.com/search/communities?keyword=free%20robux, 结果: 安全网站
2025-12-28 23:50:17,879 - root - INFO - 开始检测URL: https://play.google.com/store/apps/details?id=com.rbxfree.robuxfreecalc&hl=en_US
2025-12-28 23:50:17,879 - root - INFO - 开始分析URL: https://play.google.com/store/apps/details?id=com.rbxfree.robuxfreecalc&hl=en_US
2025-12-28 23:50:22,602 - httpx - INFO - HTTP Request: POST https://svip.xty.app/v1/chat/completions "HTTP/1.1 200 OK"
2025-12-28 23:50:22,603 - root - INFO - URL分析完成: https://play.google.com/store/apps/details?id=com.rbxfree.robuxfreecalc&hl=en_US, 结果: 安全网站
2025-12-28 23:50:22,604 - root - INFO - 开始检测URL: https://www.reddit.com/r/RobloxHelp/comments/18yidp5/i_got_scammed_for_most_of_my_robux_will_roblox/
2025-12-28 23:50:22,604 - root - INFO - 开始分析URL: https://www.reddit.com/r/RobloxHelp/comments/18yidp5/i_got_scammed_for_most_of_my_robux_will_roblox/
2025-12-28 23:50:30,247 - httpx - INFO - HTTP Request: POST https://svip.xty.app/v1/chat/completions "HTTP/1.1 200 OK"
2025-12-28 23:50:30,250 - root - INFO - URL分析完成: https://www.reddit.com/r/RobloxHelp/comments/18yidp5/i_got_scammed_for_most_of_my_robux_will_roblox/, 结果: 安全网站
2025-12-28 23:50:30,251 - root - INFO - 开始检测URL: https://www.quora.com/Why-did-I-get-random-robux-I-always-had-zero-and-today-I-got-27-robux-I-dont-have-premium-or-anything-what-happened
2025-12-28 23:50:30,251 - root - INFO - 开始分析URL: https://www.quora.com/Why-did-I-get-random-robux-I-always-had-zero-and-today-I-got-27-robux-I-dont-have-premium-or-anything-what-happened
2025-12-28 23:50:36,668 - httpx - INFO - HTTP Request: POST https://svip.xty.app/v1/chat/completions "HTTP/1.1 200 OK"
2025-12-28 23:50:36,668 - root - INFO - URL分析完成: https://www.quora.com/Why-did-I-get-random-robux-I-always-had-zero-and-today-I-got-27-robux-I-dont-have-premium-or-anything-what-happened, 结果: 安全网站
2025-12-28 23:50:36,668 - root - INFO - 开始检测URL: https://www.fortinet.com/resources/cyberglossary/login-credentials
2025-12-28 23:50:36,668 - root - INFO - 开始分析URL: https://www.fortinet.com/resources/cyberglossary/login-credentials
2025-12-28 23:50:42,966 - httpx - INFO - HTTP Request: POST https://svip.xty.app/v1/chat/completions "HTTP/1.1 200 OK"
2025-12-28 23:50:42,967 - root - INFO - URL分析完成: https://www.fortinet.com/resources/cyberglossary/login-credentials, 结果: 安全网站
2025-12-28 23:50:42,968 - root - INFO - 开始检测URL: https://www.loginradius.com/blog/identity/username-and-password-authentication
2025-12-28 23:50:42,968 - root - INFO - 开始分析URL: https://www.loginradius.com/blog/identity/username-and-password-authentication
2025-12-28 23:50:50,576 - httpx - INFO - HTTP Request: POST https://svip.xty.app/v1/chat/completions "HTTP/1.1 200 OK"
2025-12-28 23:50:50,578 - root - INFO - URL分析完成: https://www.loginradius.com/blog/identity/username-and-password-authentication, 结果: 安全网站
2025-12-28 23:50:50,579 - root - INFO - 开始检测URL: https://cloud.google.com/blog/products/identity-security/account-authentication-and-password-management-best-practices
2025-12-28 23:50:50,579 - root - INFO - 开始分析URL: https://cloud.google.com/blog/products/identity-security/account-authentication-and-password-management-best-practices
2025-12-28 23:50:59,599 - httpx - INFO - HTTP Request: POST https://svip.xty.app/v1/chat/completions "HTTP/1.1 200 OK"
2025-12-28 23:50:59,599 - root - INFO - URL分析完成: https://cloud.google.com/blog/products/identity-security/account-authentication-and-password-management-best-practices, 结果: 安全网站
2025-12-28 23:50:59,600 - root - INFO - 开始检测URL: https://auth0.com/blog/username-password-authentication/
2025-12-28 23:50:59,600 - root - INFO - 开始分析URL: https://auth0.com/blog/username-password-authentication/
2025-12-28 23:51:11,905 - httpx - INFO - HTTP Request: POST https://svip.xty.app/v1/chat/completions "HTTP/1.1 200 OK"
2025-12-28 23:51:11,907 - root - INFO - URL分析完成: https://auth0.com/blog/username-password-authentication/, 结果: 安全网站
2025-12-28 23:51:11,908 - root - INFO - 开始检测URL: https://cheatsheetseries.owasp.org/cheatsheets/Authentication_Cheat_Sheet.html
2025-12-28 23:51:11,908 - root - INFO - 开始分析URL: https://cheatsheetseries.owasp.org/cheatsheets/Authentication_Cheat_Sheet.html
2025-12-28 23:51:25,448 - httpx - INFO - HTTP Request: POST https://svip.xty.app/v1/chat/completions "HTTP/1.1 200 OK"
2025-12-28 23:51:25,449 - root - INFO - URL分析完成: https://cheatsheetseries.owasp.org/cheatsheets/Authentication_Cheat_Sheet.html, 结果: 安全网站
2025-12-28 23:51:25,449 - root - INFO - 开始检测URL: https://ironvest.com/blog/login-credentials/
2025-12-28 23:51:25,450 - root - INFO - 开始分析URL: https://ironvest.com/blog/login-credentials/
2025-12-28 23:51:33,759 - httpx - INFO - HTTP Request: POST https://svip.xty.app/v1/chat/completions "HTTP/1.1 200 OK"
2025-12-28 23:51:33,760 - root - INFO - URL分析完成: https://ironvest.com/blog/login-credentials/, 结果: 安全网站
2025-12-28 23:51:33,761 - root - INFO - 开始检测URL: https://www.loginradius.com/blog/identity/best-practices-username-password-authentication
2025-12-28 23:51:33,761 - root - INFO - 开始分析URL: https://www.loginradius.com/blog/identity/best-practices-username-password-authentication
2025-12-28 23:51:40,738 - httpx - INFO - HTTP Request: POST https://svip.xty.app/v1/chat/completions "HTTP/1.1 200 OK"
2025-12-28 23:51:40,739 - root - INFO - URL分析完成: https://www.loginradius.com/blog/identity/best-practices-username-password-authentication, 结果: 安全网站
2025-12-28 23:51:40,739 - root - INFO - 开始检测URL: https://www.reddit.com/r/node/comments/175wxum/what_is_a_solid_way_of_implementing_usernameemail/
2025-12-28 23:51:40,739 - root - INFO - 开始分析URL: https://www.reddit.com/r/node/comments/175wxum/what_is_a_solid_way_of_implementing_usernameemail/
2025-12-28 23:51:47,874 - httpx - INFO - HTTP Request: POST https://svip.xty.app/v1/chat/completions "HTTP/1.1 200 OK"
2025-12-28 23:51:47,874 - root - INFO - URL分析完成: https://www.reddit.com/r/node/comments/175wxum/what_is_a_solid_way_of_implementing_usernameemail/, 结果: 安全网站
2025-12-28 23:51:47,874 - root - INFO - 开始检测URL: https://security.stackexchange.com/questions/272217/best-login-flow-for-username-and-password-authentication
2025-12-28 23:51:47,874 - root - INFO - 开始分析URL: https://security.stackexchange.com/questions/272217/best-login-flow-for-username-and-password-authentication
2025-12-28 23:51:54,628 - httpx - INFO - HTTP Request: POST https://svip.xty.app/v1/chat/completions "HTTP/1.1 200 OK"
2025-12-28 23:51:54,630 - root - INFO - URL分析完成: https://security.stackexchange.com/questions/272217/best-login-flow-for-username-and-password-authentication, 结果: 安全网站
2025-12-28 23:51:54,630 - root - INFO - 开始检测URL: https://security.stackexchange.com/questions/5648/how-do-i-secure-my-login-page
2025-12-28 23:51:54,630 - root - INFO - 开始分析URL: https://security.stackexchange.com/questions/5648/how-do-i-secure-my-login-page
2025-12-28 23:52:01,314 - httpx - INFO - HTTP Request: POST https://svip.xty.app/v1/chat/completions "HTTP/1.1 200 OK"
2025-12-28 23:52:01,315 - root - INFO - URL分析完成: https://security.stackexchange.com/questions/5648/how-do-i-secure-my-login-page, 结果: 安全网站
2025-12-28 23:52:01,316 - root - INFO - 开始检测URL: https://www.sciencedirect.com/topics/computer-science/login-credential
2025-12-28 23:52:01,316 - root - INFO - 开始分析URL: https://www.sciencedirect.com/topics/computer-science/login-credential
2025-12-28 23:52:07,968 - httpx - INFO - HTTP Request: POST https://svip.xty.app/v1/chat/completions "HTTP/1.1 200 OK"
2025-12-28 23:52:07,969 - root - INFO - URL分析完成: https://www.sciencedirect.com/topics/computer-science/login-credential, 结果: 安全网站
2025-12-28 23:52:07,971 - root - INFO - 开始检测URL: https://firebase.google.com/docs/auth/web/password-auth
2025-12-28 23:52:07,971 - root - INFO - 开始分析URL: https://firebase.google.com/docs/auth/web/password-auth
2025-12-28 23:52:15,323 - httpx - INFO - HTTP Request: POST https://svip.xty.app/v1/chat/completions "HTTP/1.1 200 OK"
2025-12-28 23:52:15,324 - root - INFO - URL分析完成: https://firebase.google.com/docs/auth/web/password-auth, 结果: 安全网站
2025-12-28 23:52:15,326 - root - INFO - 开始检测URL: https://www.miniorange.com/blog/password-authentication/
2025-12-28 23:52:15,327 - root - INFO - 开始分析URL: https://www.miniorange.com/blog/password-authentication/
2025-12-28 23:52:30,433 - httpx - INFO - HTTP Request: POST https://svip.xty.app/v1/chat/completions "HTTP/1.1 200 OK"
2025-12-28 23:52:30,435 - root - INFO - URL分析完成: https://www.miniorange.com/blog/password-authentication/, 结果: 安全网站
2025-12-28 23:52:30,436 - root - INFO - 开始检测URL: https://portswigger.net/web-security/authentication/securing
2025-12-28 23:52:30,436 - root - INFO - 开始分析URL: https://portswigger.net/web-security/authentication/securing
2025-12-28 23:52:37,102 - httpx - INFO - HTTP Request: POST https://svip.xty.app/v1/chat/completions "HTTP/1.1 200 OK"
2025-12-28 23:52:37,102 - root - INFO - URL分析完成: https://portswigger.net/web-security/authentication/securing, 结果: 安全网站
2025-12-28 23:52:37,103 - root - INFO - 开始检测URL: https://stackoverflow.com/questions/17958248/the-proper-way-of-implementing-user-login-system
2025-12-28 23:52:37,103 - root - INFO - 开始分析URL: https://stackoverflow.com/questions/17958248/the-proper-way-of-implementing-user-login-system
2025-12-28 23:52:42,812 - httpx - INFO - HTTP Request: POST https://svip.xty.app/v1/chat/completions "HTTP/1.1 200 OK"
2025-12-28 23:52:42,812 - root - INFO - URL分析完成: https://stackoverflow.com/questions/17958248/the-proper-way-of-implementing-user-login-system, 结果: 安全网站
2025-12-28 23:52:42,812 - root - INFO - 开始检测URL: https://help.screensteps.com/a/3528-how-do-i-embed-login-credentials-in-a-url
2025-12-28 23:52:42,812 - root - INFO - 开始分析URL: https://help.screensteps.com/a/3528-how-do-i-embed-login-credentials-in-a-url
2025-12-28 23:52:49,381 - httpx - INFO - HTTP Request: POST https://svip.xty.app/v1/chat/completions "HTTP/1.1 200 OK"
2025-12-28 23:52:49,382 - root - INFO - URL分析完成: https://help.screensteps.com/a/3528-how-do-i-embed-login-credentials-in-a-url, 结果: 安全网站
2025-12-28 23:52:49,383 - root - INFO - 开始检测URL: https://blog.netwrix.com/2023/04/21/secure-credentials-and-protection/
2025-12-28 23:52:49,383 - root - INFO - 开始分析URL: https://blog.netwrix.com/2023/04/21/secure-credentials-and-protection/
2025-12-28 23:52:59,269 - httpx - INFO - HTTP Request: POST https://svip.xty.app/v1/chat/completions "HTTP/1.1 200 OK"
2025-12-28 23:52:59,270 - root - INFO - URL分析完成: https://blog.netwrix.com/2023/04/21/secure-credentials-and-protection/, 结果: 安全网站
2025-12-28 23:52:59,271 - root - INFO - 开始检测URL: https://medium.com/@loginradius/best-practices-for-username-password-authentication-loginradius-blog-3e1c22c4bc05
2025-12-28 23:52:59,271 - root - INFO - 开始分析URL: https://medium.com/@loginradius/best-practices-for-username-password-authentication-loginradius-blog-3e1c22c4bc05
2025-12-28 23:53:08,592 - httpx - INFO - HTTP Request: POST https://svip.xty.app/v1/chat/completions "HTTP/1.1 200 OK"
2025-12-28 23:53:08,593 - root - INFO - URL分析完成: https://medium.com/@loginradius/best-practices-for-username-password-authentication-loginradius-blog-3e1c22c4bc05, 结果: 安全网站
2025-12-28 23:53:08,593 - root - INFO - 开始检测URL: https://www.logintc.com/types-of-authentication/password-authentication/
2025-12-28 23:53:08,593 - root - INFO - 开始分析URL: https://www.logintc.com/types-of-authentication/password-authentication/
2025-12-28 23:53:17,503 - httpx - INFO - HTTP Request: POST https://svip.xty.app/v1/chat/completions "HTTP/1.1 200 OK"
2025-12-28 23:53:17,504 - root - INFO - URL分析完成: https://www.logintc.com/types-of-authentication/password-authentication/, 结果: 安全网站
2025-12-28 23:53:17,505 - root - INFO - 开始检测URL: https://developer.mozilla.org/en-US/docs/Web/HTTP/Guides/Authentication
2025-12-28 23:53:17,505 - root - INFO - 开始分析URL: https://developer.mozilla.org/en-US/docs/Web/HTTP/Guides/Authentication
2025-12-28 23:53:22,728 - httpx - INFO - HTTP Request: POST https://svip.xty.app/v1/chat/completions "HTTP/1.1 200 OK"
2025-12-28 23:53:22,729 - root - INFO - URL分析完成: https://developer.mozilla.org/en-US/docs/Web/HTTP/Guides/Authentication, 结果: 安全网站
2025-12-28 23:53:22,730 - root - INFO - 开始检测URL: https://blog.csdn.net/weixin_42152604/article/details/125974430
2025-12-28 23:53:22,730 - root - INFO - 开始分析URL: https://blog.csdn.net/weixin_42152604/article/details/125974430
2025-12-28 23:53:29,395 - httpx - INFO - HTTP Request: POST https://svip.xty.app/v1/chat/completions "HTTP/1.1 200 OK"
2025-12-28 23:53:29,395 - root - INFO - URL分析完成: https://blog.csdn.net/weixin_42152604/article/details/125974430, 结果: 安全网站
2025-12-28 23:53:29,396 - root - INFO - 开始检测URL: https://inloggen-whatsapp.com/index.php/2025/04/01/whatsapp%E7%BD%91%E9%A1%B5%E7%89%88%E6%80%8E%E4%B9%88%E7%99%BB%E9%99%86%EF%BC%9F/
2025-12-28 23:53:29,396 - root - INFO - 开始分析URL: https://inloggen-whatsapp.com/index.php/2025/04/01/whatsapp%E7%BD%91%E9%A1%B5%E7%89%88%E6%80%8E%E4%B9%88%E7%99%BB%E9%99%86%EF%BC%9F/
2025-12-28 23:53:35,474 - httpx - INFO - HTTP Request: POST https://svip.xty.app/v1/chat/completions "HTTP/1.1 200 OK"
2025-12-28 23:53:35,476 - root - INFO - URL分析完成: https://inloggen-whatsapp.com/index.php/2025/04/01/whatsapp%E7%BD%91%E9%A1%B5%E7%89%88%E6%80%8E%E4%B9%88%E7%99%BB%E9%99%86%EF%BC%9F/, 结果: 钓鱼网站
2025-12-28 23:53:35,476 - root - INFO - 开始检测URL: https://www.starify.cn/a-tip-guide-on-how-to-log-in-to-whatsapp-web-version
2025-12-28 23:53:35,476 - root - INFO - 开始分析URL: https://www.starify.cn/a-tip-guide-on-how-to-log-in-to-whatsapp-web-version
2025-12-28 23:53:42,714 - httpx - INFO - HTTP Request: POST https://svip.xty.app/v1/chat/completions "HTTP/1.1 200 OK"
2025-12-28 23:53:42,715 - root - INFO - URL分析完成: https://www.starify.cn/a-tip-guide-on-how-to-log-in-to-whatsapp-web-version, 结果: 安全网站
2025-12-28 23:53:42,716 - root - INFO - 开始检测URL: https://www.wslapps.com/blogs/36
2025-12-28 23:53:42,716 - root - INFO - 开始分析URL: https://www.wslapps.com/blogs/36
2025-12-28 23:53:55,818 - httpx - INFO - HTTP Request: POST https://svip.xty.app/v1/chat/completions "HTTP/1.1 200 OK"
2025-12-28 23:53:55,819 - root - INFO - URL分析完成: https://www.wslapps.com/blogs/36, 结果: 安全网站
2025-12-28 23:53:55,820 - root - INFO - 开始检测URL: https://www.leadscloud.com/whatsappwangyebandenglu/
2025-12-28 23:53:55,820 - root - INFO - 开始分析URL: https://www.leadscloud.com/whatsappwangyebandenglu/
2025-12-28 23:54:02,056 - httpx - INFO - HTTP Request: POST https://svip.xty.app/v1/chat/completions "HTTP/1.1 200 OK"
2025-12-28 23:54:02,057 - root - INFO - URL分析完成: https://www.leadscloud.com/whatsappwangyebandenglu/, 结果: 钓鱼网站
2025-12-28 23:54:02,057 - root - INFO - 开始检测URL: https://blog.csdn.net/LeadsCloud/article/details/128067696
2025-12-28 23:54:02,057 - root - INFO - 开始分析URL: https://blog.csdn.net/LeadsCloud/article/details/128067696
2025-12-28 23:54:13,593 - httpx - INFO - HTTP Request: POST https://svip.xty.app/v1/chat/completions "HTTP/1.1 200 OK"
2025-12-28 23:54:13,594 - root - INFO - URL分析完成: https://blog.csdn.net/LeadsCloud/article/details/128067696, 结果: 安全网站
2025-12-28 23:54:13,594 - root - INFO - 开始检测URL: https://www.webi-whatsapps.com/blogs/36
2025-12-28 23:54:13,594 - root - INFO - 开始分析URL: https://www.webi-whatsapps.com/blogs/36
2025-12-28 23:54:18,128 - httpx - INFO - HTTP Request: POST https://svip.xty.app/v1/chat/completions "HTTP/1.1 200 OK"
2025-12-28 23:54:18,128 - root - INFO - URL分析完成: https://www.webi-whatsapps.com/blogs/36, 结果: 钓鱼网站
2025-12-28 23:54:18,128 - root - INFO - 开始检测URL: https://chatalog.ai/en/blog/whatsapp-web-desktop-login-tutorial/
2025-12-28 23:54:18,128 - root - INFO - 开始分析URL: https://chatalog.ai/en/blog/whatsapp-web-desktop-login-tutorial/
2025-12-28 23:54:26,628 - httpx - INFO - HTTP Request: POST https://svip.xty.app/v1/chat/completions "HTTP/1.1 200 OK"
2025-12-28 23:54:26,629 - root - INFO - URL分析完成: https://chatalog.ai/en/blog/whatsapp-web-desktop-login-tutorial/, 结果: 安全网站
2025-12-28 23:54:26,629 - root - INFO - 开始检测URL: https://chatmonster.io/zh/blog/whatsapp-web-desktop
2025-12-28 23:54:26,629 - root - INFO - 开始分析URL: https://chatmonster.io/zh/blog/whatsapp-web-desktop
2025-12-28 23:54:35,352 - httpx - INFO - HTTP Request: POST https://svip.xty.app/v1/chat/completions "HTTP/1.1 200 OK"
2025-12-28 23:54:35,354 - root - INFO - URL分析完成: https://chatmonster.io/zh/blog/whatsapp-web-desktop, 结果: 钓鱼网站
2025-12-28 23:54:35,354 - root - INFO - 开始检测URL: https://www.wati.io/blog/whatsapp-%E6%A1%8C%E9%9D%A2%E7%89%88-%E7%B6%B2%E9%A0%81%E7%89%88/
2025-12-28 23:54:35,355 - root - INFO - 开始分析URL: https://www.wati.io/blog/whatsapp-%E6%A1%8C%E9%9D%A2%E7%89%88-%E7%B6%B2%E9%A0%81%E7%89%88/
2025-12-28 23:54:42,036 - httpx - INFO - HTTP Request: POST https://svip.xty.app/v1/chat/completions "HTTP/1.1 200 OK"
2025-12-28 23:54:42,037 - root - INFO - URL分析完成: https://www.wati.io/blog/whatsapp-%E6%A1%8C%E9%9D%A2%E7%89%88-%E7%B6%B2%E9%A0%81%E7%89%88/, 结果: 安全网站
2025-12-28 23:54:42,037 - root - INFO - 开始检测URL: https://www.salesmartly.com/en/blog/docs/whatsapp-web-and-whatsapp-desktop
2025-12-28 23:54:42,037 - root - INFO - 开始分析URL: https://www.salesmartly.com/en/blog/docs/whatsapp-web-and-whatsapp-desktop
2025-12-28 23:54:49,866 - httpx - INFO - HTTP Request: POST https://svip.xty.app/v1/chat/completions "HTTP/1.1 200 OK"
2025-12-28 23:54:49,868 - root - INFO - URL分析完成: https://www.salesmartly.com/en/blog/docs/whatsapp-web-and-whatsapp-desktop, 结果: 钓鱼网站
2025-12-28 23:54:49,871 - root - INFO - 开始检测URL: https://www.adspower.net/blog/whatsapp-web-version-guide
2025-12-28 23:54:49,871 - root - INFO - 开始分析URL: https://www.adspower.net/blog/whatsapp-web-version-guide
2025-12-28 23:54:56,357 - httpx - INFO - HTTP Request: POST https://svip.xty.app/v1/chat/completions "HTTP/1.1 200 OK"
2025-12-28 23:54:56,359 - root - INFO - URL分析完成: https://www.adspower.net/blog/whatsapp-web-version-guide, 结果: 安全网站
2025-12-28 23:54:56,360 - root - INFO - 开始检测URL: https://www.sdzhidian.com/id6595746.html
2025-12-28 23:54:56,360 - root - INFO - 开始分析URL: https://www.sdzhidian.com/id6595746.html
2025-12-28 23:55:05,084 - httpx - INFO - HTTP Request: POST https://svip.xty.app/v1/chat/completions "HTTP/1.1 200 OK"
2025-12-28 23:55:05,085 - root - INFO - URL分析完成: https://www.sdzhidian.com/id6595746.html, 结果: 钓鱼网站
2025-12-28 23:55:05,085 - root - INFO - 开始检测URL: https://chatbot.team/whatsapp/whatsapp-%E7%BD%91%E9%A1%B5%E7%89%88/
2025-12-28 23:55:05,086 - root - INFO - 开始分析URL: https://chatbot.team/whatsapp/whatsapp-%E7%BD%91%E9%A1%B5%E7%89%88/
2025-12-28 23:55:13,757 - httpx - INFO - HTTP Request: POST https://svip.xty.app/v1/chat/completions "HTTP/1.1 200 OK"
2025-12-28 23:55:13,758 - root - INFO - URL分析完成: https://chatbot.team/whatsapp/whatsapp-%E7%BD%91%E9%A1%B5%E7%89%88/, 结果: 钓鱼网站
2025-12-28 23:55:13,759 - root - INFO - 开始检测URL: https://www.xhlbj.cn/shiyongwhatsappwangyebanhediannaobandengludefangfa/
2025-12-28 23:55:13,759 - root - INFO - 开始分析URL: https://www.xhlbj.cn/shiyongwhatsappwangyebanhediannaobandengludefangfa/
2025-12-28 23:55:21,894 - httpx - INFO - HTTP Request: POST https://svip.xty.app/v1/chat/completions "HTTP/1.1 200 OK"
2025-12-28 23:55:21,895 - root - INFO - URL分析完成: https://www.xhlbj.cn/shiyongwhatsappwangyebanhediannaobandengludefangfa/, 结果: 钓鱼网站
2025-12-28 23:55:21,896 - root - INFO - 开始检测URL: https://zhuanlan.zhihu.com/p/675699658
2025-12-28 23:55:21,896 - root - INFO - 开始分析URL: https://zhuanlan.zhihu.com/p/675699658
2025-12-28 23:55:26,866 - httpx - INFO - HTTP Request: POST https://svip.xty.app/v1/chat/completions "HTTP/1.1 200 OK"
2025-12-28 23:55:26,867 - root - INFO - URL分析完成: https://zhuanlan.zhihu.com/p/675699658, 结果: 安全网站
2025-12-28 23:55:26,867 - root - INFO - 开始检测URL: https://sites.google.com/view/whatsappcnwebw/
2025-12-28 23:55:26,867 - root - INFO - 开始分析URL: https://sites.google.com/view/whatsappcnwebw/
2025-12-28 23:55:34,370 - httpx - INFO - HTTP Request: POST https://svip.xty.app/v1/chat/completions "HTTP/1.1 200 OK"
2025-12-28 23:55:34,372 - root - INFO - URL分析完成: https://sites.google.com/view/whatsappcnwebw/, 结果: 钓鱼网站
2025-12-28 23:55:34,373 - root - INFO - 开始检测URL: https://wadesk.io/blog/open-more-whatsapp
2025-12-28 23:55:34,373 - root - INFO - 开始分析URL: https://wadesk.io/blog/open-more-whatsapp
2025-12-28 23:55:44,795 - httpx - INFO - HTTP Request: POST https://svip.xty.app/v1/chat/completions "HTTP/1.1 200 OK"
2025-12-28 23:55:44,798 - root - INFO - URL分析完成: https://wadesk.io/blog/open-more-whatsapp, 结果: 钓鱼网站
2025-12-28 23:55:44,798 - root - INFO - 开始检测URL: https://web.whatasipp.com/
2025-12-28 23:55:44,798 - root - INFO - 开始分析URL: https://web.whatasipp.com/
2025-12-28 23:55:51,972 - httpx - INFO - HTTP Request: POST https://svip.xty.app/v1/chat/completions "HTTP/1.1 200 OK"
2025-12-28 23:55:51,972 - root - INFO - URL分析完成: https://web.whatasipp.com/, 结果: 钓鱼网站
2025-12-28 23:55:51,972 - root - INFO - 开始检测URL: https://blog.csdn.net/cumai3211/article/details/109030338
2025-12-28 23:55:51,972 - root - INFO - 开始分析URL: https://blog.csdn.net/cumai3211/article/details/109030338
2025-12-28 23:55:57,855 - httpx - INFO - HTTP Request: POST https://svip.xty.app/v1/chat/completions "HTTP/1.1 200 OK"
2025-12-28 23:55:57,857 - root - INFO - URL分析完成: https://blog.csdn.net/cumai3211/article/details/109030338, 结果: 安全网站
2025-12-28 23:55:57,858 - root - INFO - 开始检测URL: https://www.roblox.com/games/2753915549/Blox-Fruits
2025-12-28 23:55:57,858 - root - INFO - 开始分析URL: https://www.roblox.com/games/2753915549/Blox-Fruits
2025-12-28 23:56:04,931 - httpx - INFO - HTTP Request: POST https://svip.xty.app/v1/chat/completions "HTTP/1.1 200 OK"
2025-12-28 23:56:04,933 - root - INFO - URL分析完成: https://www.roblox.com/games/2753915549/Blox-Fruits, 结果: 安全网站
2025-12-28 23:56:04,934 - root - INFO - 开始检测URL: https://www.bloxfruitsgame.com/
2025-12-28 23:56:04,934 - root - INFO - 开始分析URL: https://www.bloxfruitsgame.com/
2025-12-28 23:56:11,894 - httpx - INFO - HTTP Request: POST https://svip.xty.app/v1/chat/completions "HTTP/1.1 200 OK"
2025-12-28 23:56:11,895 - root - INFO - URL分析完成: https://www.bloxfruitsgame.com/, 结果: 钓鱼网站
2025-12-28 23:56:11,895 - root - INFO - 开始检测URL: https://www.rolimons.com/game/2753915549
2025-12-28 23:56:11,895 - root - INFO - 开始分析URL: https://www.rolimons.com/game/2753915549
2025-12-28 23:56:21,355 - httpx - INFO - HTTP Request: POST https://svip.xty.app/v1/chat/completions "HTTP/1.1 200 OK"
2025-12-28 23:56:21,357 - root - INFO - URL分析完成: https://www.rolimons.com/game/2753915549, 结果: 安全网站
2025-12-28 23:56:21,358 - root - INFO - 开始检测URL: https://blox-fruits.com/
2025-12-28 23:56:21,358 - root - INFO - 开始分析URL: https://blox-fruits.com/
2025-12-28 23:56:31,405 - httpx - INFO - HTTP Request: POST https://svip.xty.app/v1/chat/completions "HTTP/1.1 200 OK"
2025-12-28 23:56:31,406 - root - INFO - URL分析完成: https://blox-fruits.com/, 结果: 安全网站
2025-12-28 23:56:31,406 - root - INFO - 开始检测URL: https://www.rpgstash.com/blog/blox-fruits-how-to-get-free-fruits
2025-12-28 23:56:31,406 - root - INFO - 开始分析URL: https://www.rpgstash.com/blog/blox-fruits-how-to-get-free-fruits
2025-12-28 23:56:48,356 - httpx - INFO - HTTP Request: POST https://svip.xty.app/v1/chat/completions "HTTP/1.1 200 OK"
2025-12-28 23:56:48,357 - root - INFO - URL分析完成: https://www.rpgstash.com/blog/blox-fruits-how-to-get-free-fruits, 结果: 安全网站
2025-12-28 23:56:48,357 - root - INFO - 开始检测URL: https://www.roblox.com/discover/?Keyword=blox+fruits
2025-12-28 23:56:48,357 - root - INFO - 开始分析URL: https://www.roblox.com/discover/?Keyword=blox+fruits
2025-12-28 23:56:56,893 - httpx - INFO - HTTP Request: POST https://svip.xty.app/v1/chat/completions "HTTP/1.1 200 OK"
2025-12-28 23:56:56,893 - root - INFO - URL分析完成: https://www.roblox.com/discover/?Keyword=blox+fruits, 结果: 安全网站
2025-12-28 23:56:56,893 - root - INFO - 开始检测URL: https://playgama.com/game/blox-fruits
2025-12-28 23:56:56,893 - root - INFO - 开始分析URL: https://playgama.com/game/blox-fruits
2025-12-28 23:57:02,469 - httpx - INFO - HTTP Request: POST https://svip.xty.app/v1/chat/completions "HTTP/1.1 200 OK"
2025-12-28 23:57:02,470 - root - INFO - URL分析完成: https://playgama.com/game/blox-fruits, 结果: 钓鱼网站
2025-12-28 23:57:02,471 - root - INFO - 开始检测URL: https://www.easyfun.gg/cloud-games/blox-fruits.html
2025-12-28 23:57:02,471 - root - INFO - 开始分析URL: https://www.easyfun.gg/cloud-games/blox-fruits.html
2025-12-28 23:57:10,822 - httpx - INFO - HTTP Request: POST https://svip.xty.app/v1/chat/completions "HTTP/1.1 200 OK"
2025-12-28 23:57:10,824 - root - INFO - URL分析完成: https://www.easyfun.gg/cloud-games/blox-fruits.html, 结果: 安全网站
2025-12-28 23:57:10,824 - root - INFO - 开始检测URL: https://blox-fruits.en.softonic.com/roblox/game
2025-12-28 23:57:10,824 - root - INFO - 开始分析URL: https://blox-fruits.en.softonic.com/roblox/game
2025-12-28 23:57:18,393 - httpx - INFO - HTTP Request: POST https://svip.xty.app/v1/chat/completions "HTTP/1.1 200 OK"
2025-12-28 23:57:18,393 - root - INFO - URL分析完成: https://blox-fruits.en.softonic.com/roblox/game, 结果: 钓鱼网站
2025-12-28 23:57:18,394 - root - INFO - 开始检测URL: https://www.thegamer.com/roblox-blox-fruits-beginner-tips-tricks-play-guide/
2025-12-28 23:57:18,394 - root - INFO - 开始分析URL: https://www.thegamer.com/roblox-blox-fruits-beginner-tips-tricks-play-guide/
2025-12-28 23:57:25,076 - httpx - INFO - HTTP Request: POST https://svip.xty.app/v1/chat/completions "HTTP/1.1 200 OK"
2025-12-28 23:57:25,077 - root - INFO - URL分析完成: https://www.thegamer.com/roblox-blox-fruits-beginner-tips-tricks-play-guide/, 结果: 安全网站
2025-12-28 23:57:25,078 - root - INFO - 开始检测URL: https://gamerant.com/blox-fruits-codes/
2025-12-28 23:57:25,078 - root - INFO - 开始分析URL: https://gamerant.com/blox-fruits-codes/
2025-12-28 23:57:32,759 - httpx - INFO - HTTP Request: POST https://svip.xty.app/v1/chat/completions "HTTP/1.1 200 OK"
2025-12-28 23:57:32,760 - root - INFO - URL分析完成: https://gamerant.com/blox-fruits-codes/, 结果: 安全网站
2025-12-28 23:57:32,761 - root - INFO - 开始检测URL: https://sportsrant.indiatimes.com/gaming/blox-fruits-roblox-free-fruit-event-guide-how-to-get-free-fruits-every-hour-677952.html
2025-12-28 23:57:32,761 - root - INFO - 开始分析URL: https://sportsrant.indiatimes.com/gaming/blox-fruits-roblox-free-fruit-event-guide-how-to-get-free-fruits-every-hour-677952.html
2025-12-28 23:57:38,422 - httpx - INFO - HTTP Request: POST https://svip.xty.app/v1/chat/completions "HTTP/1.1 200 OK"
2025-12-28 23:57:38,424 - root - INFO - URL分析完成: https://sportsrant.indiatimes.com/gaming/blox-fruits-roblox-free-fruit-event-guide-how-to-get-free-fruits-every-hour-677952.html, 结果: 安全网站
2025-12-28 23:57:38,425 - root - INFO - 开始检测URL: https://www.gamespot.com/articles/roblox-blox-fruits-leveling-guide/1100-6536550/
2025-12-28 23:57:38,426 - root - INFO - 开始分析URL: https://www.gamespot.com/articles/roblox-blox-fruits-leveling-guide/1100-6536550/
2025-12-28 23:57:46,126 - httpx - INFO - HTTP Request: POST https://svip.xty.app/v1/chat/completions "HTTP/1.1 200 OK"
2025-12-28 23:57:46,127 - root - INFO - URL分析完成: https://www.gamespot.com/articles/roblox-blox-fruits-leveling-guide/1100-6536550/, 结果: 安全网站
2025-12-28 23:57:46,128 - root - INFO - 开始检测URL: https://playgama.com/blog/game-faqs/what-activities-can-you-do-in-blox-fruits/
2025-12-28 23:57:46,129 - root - INFO - 开始分析URL: https://playgama.com/blog/game-faqs/what-activities-can-you-do-in-blox-fruits/
2025-12-28 23:57:51,930 - httpx - INFO - HTTP Request: POST https://svip.xty.app/v1/chat/completions "HTTP/1.1 200 OK"
2025-12-28 23:57:51,932 - root - INFO - URL分析完成: https://playgama.com/blog/game-faqs/what-activities-can-you-do-in-blox-fruits/, 结果: 安全网站
2025-12-28 23:57:51,933 - root - INFO - 使用缓存的检测结果: https://www.reddit.com/r/roblox/comments/1dz4uqs/games_like_blox_fruits_without_the_grinding/
2025-12-28 23:57:51,933 - root - INFO - 开始检测URL: https://blox-fruits.fandom.com/f/p/4400000000000124206
2025-12-28 23:57:51,933 - root - INFO - 开始分析URL: https://blox-fruits.fandom.com/f/p/4400000000000124206
2025-12-28 23:58:02,700 - httpx - INFO - HTTP Request: POST https://svip.xty.app/v1/chat/completions "HTTP/1.1 200 OK"
2025-12-28 23:58:02,701 - root - INFO - URL分析完成: https://blox-fruits.fandom.com/f/p/4400000000000124206, 结果: 安全网站
2025-12-28 23:58:02,701 - root - INFO - 开始检测URL: https://guidebros.com/roblox/blox-fruits/
2025-12-28 23:58:02,701 - root - INFO - 开始分析URL: https://guidebros.com/roblox/blox-fruits/
2025-12-28 23:58:13,285 - httpx - INFO - HTTP Request: POST https://svip.xty.app/v1/chat/completions "HTTP/1.1 200 OK"
2025-12-28 23:58:13,287 - root - INFO - URL分析完成: https://guidebros.com/roblox/blox-fruits/, 结果: 安全网站
2025-12-28 23:58:13,288 - root - INFO - 开始检测URL: https://playgama.com/blog/game-faqs/how-can-i-get-free-fruits-in-blox-fruits/
2025-12-28 23:58:13,288 - root - INFO - 开始分析URL: https://playgama.com/blog/game-faqs/how-can-i-get-free-fruits-in-blox-fruits/
2025-12-28 23:58:22,403 - httpx - INFO - HTTP Request: POST https://svip.xty.app/v1/chat/completions "HTTP/1.1 200 OK"
2025-12-28 23:58:22,404 - root - INFO - URL分析完成: https://playgama.com/blog/game-faqs/how-can-i-get-free-fruits-in-blox-fruits/, 结果: 钓鱼网站
2025-12-28 23:58:22,405 - root - INFO - 开始检测URL: https://www.rpgstash.com/blog/blox-fruits-beginners-guide
2025-12-28 23:58:22,405 - root - INFO - 开始分析URL: https://www.rpgstash.com/blog/blox-fruits-beginners-guide
2025-12-28 23:58:28,114 - httpx - INFO - HTTP Request: POST https://svip.xty.app/v1/chat/completions "HTTP/1.1 200 OK"
2025-12-28 23:58:28,116 - root - INFO - URL分析完成: https://www.rpgstash.com/blog/blox-fruits-beginners-guide, 结果: 安全网站
2025-12-28 23:58:28,117 - root - INFO - 开始检测URL: https://tops.games/game/blox-fruits
2025-12-28 23:58:28,117 - root - INFO - 开始分析URL: https://tops.games/game/blox-fruits
2025-12-28 23:58:36,705 - httpx - INFO - HTTP Request: POST https://svip.xty.app/v1/chat/completions "HTTP/1.1 200 OK"
2025-12-28 23:58:36,707 - root - INFO - URL分析完成: https://tops.games/game/blox-fruits, 结果: 安全网站
2025-12-28 23:58:36,708 - root - INFO - 开始检测URL: https://robinhood.com/us/en/support/my-account-and-login/
2025-12-28 23:58:36,708 - root - INFO - 开始分析URL: https://robinhood.com/us/en/support/my-account-and-login/
2025-12-28 23:58:43,982 - httpx - INFO - HTTP Request: POST https://svip.xty.app/v1/chat/completions "HTTP/1.1 200 OK"
2025-12-28 23:58:43,983 - root - INFO - URL分析完成: https://robinhood.com/us/en/support/my-account-and-login/, 结果: 安全网站
2025-12-28 23:58:43,984 - root - INFO - 开始检测URL: https://robinhood.com/us/en/support/articles/i-cant-log-in/
2025-12-28 23:58:43,984 - root - INFO - 开始分析URL: https://robinhood.com/us/en/support/articles/i-cant-log-in/
2025-12-28 23:58:50,576 - httpx - INFO - HTTP Request: POST https://svip.xty.app/v1/chat/completions "HTTP/1.1 200 OK"
2025-12-28 23:58:50,577 - root - INFO - URL分析完成: https://robinhood.com/us/en/support/articles/i-cant-log-in/, 结果: 安全网站
2025-12-28 23:58:50,578 - root - INFO - 开始检测URL: https://robinhood.com/login/
2025-12-28 23:58:50,578 - root - INFO - 开始分析URL: https://robinhood.com/login/
2025-12-28 23:58:58,002 - httpx - INFO - HTTP Request: POST https://svip.xty.app/v1/chat/completions "HTTP/1.1 200 OK"
2025-12-28 23:58:58,004 - root - INFO - URL分析完成: https://robinhood.com/login/, 结果: 安全网站
2025-12-28 23:58:58,005 - root - INFO - 开始检测URL: https://www.youtube.com/watch?v=-BCmWA6K2QQ
2025-12-28 23:58:58,005 - root - INFO - 开始分析URL: https://www.youtube.com/watch?v=-BCmWA6K2QQ
2025-12-28 23:59:03,799 - httpx - INFO - HTTP Request: POST https://svip.xty.app/v1/chat/completions "HTTP/1.1 200 OK"
2025-12-28 23:59:03,800 - root - INFO - URL分析完成: https://www.youtube.com/watch?v=-BCmWA6K2QQ, 结果: 安全网站
2025-12-28 23:59:03,802 - root - INFO - 开始检测URL: https://robinhood.com/us/en/support/articles/verifying-its-you/
2025-12-28 23:59:03,802 - root - INFO - 开始分析URL: https://robinhood.com/us/en/support/articles/verifying-its-you/
2025-12-28 23:59:10,807 - httpx - INFO - HTTP Request: POST https://svip.xty.app/v1/chat/completions "HTTP/1.1 200 OK"
2025-12-28 23:59:10,809 - root - INFO - URL分析完成: https://robinhood.com/us/en/support/articles/verifying-its-you/, 结果: 安全网站
2025-12-28 23:59:10,810 - root - INFO - 开始检测URL: https://www.justanswer.com/computer/g91k1-want-login-robinhood-account-lost-email.html
2025-12-28 23:59:10,810 - root - INFO - 开始分析URL: https://www.justanswer.com/computer/g91k1-want-login-robinhood-account-lost-email.html
2025-12-28 23:59:19,683 - httpx - INFO - HTTP Request: POST https://svip.xty.app/v1/chat/completions "HTTP/1.1 200 OK"
2025-12-28 23:59:19,684 - root - INFO - URL分析完成: https://www.justanswer.com/computer/g91k1-want-login-robinhood-account-lost-email.html, 结果: 安全网站
2025-12-28 23:59:19,684 - root - INFO - 开始检测URL: https://robinhood.com/us/en/support/articles/change-your-password/
2025-12-28 23:59:19,684 - root - INFO - 开始分析URL: https://robinhood.com/us/en/support/articles/change-your-password/
2025-12-28 23:59:27,078 - httpx - INFO - HTTP Request: POST https://svip.xty.app/v1/chat/completions "HTTP/1.1 200 OK"
2025-12-28 23:59:27,080 - root - INFO - URL分析完成: https://robinhood.com/us/en/support/articles/change-your-password/, 结果: 安全网站
2025-12-28 23:59:27,081 - root - INFO - 开始检测URL: https://robinhood.com/us/en/support/my-account-and-login/your-information/
2025-12-28 23:59:27,081 - root - INFO - 开始分析URL: https://robinhood.com/us/en/support/my-account-and-login/your-information/
2025-12-28 23:59:34,423 - httpx - INFO - HTTP Request: POST https://svip.xty.app/v1/chat/completions "HTTP/1.1 200 OK"
2025-12-28 23:59:34,425 - root - INFO - URL分析完成: https://robinhood.com/us/en/support/my-account-and-login/your-information/, 结果: 安全网站
2025-12-28 23:59:34,426 - root - INFO - 开始检测URL: https://robinhood.com/us/en/support/articles/sign-in-with-a-new-device/
2025-12-28 23:59:34,426 - root - INFO - 开始分析URL: https://robinhood.com/us/en/support/articles/sign-in-with-a-new-device/
2025-12-28 23:59:41,370 - httpx - INFO - HTTP Request: POST https://svip.xty.app/v1/chat/completions "HTTP/1.1 200 OK"
2025-12-28 23:59:41,372 - root - INFO - URL分析完成: https://robinhood.com/us/en/support/articles/sign-in-with-a-new-device/, 结果: 安全网站
2025-12-28 23:59:41,373 - root - INFO - 开始检测URL: https://robi-b-hood--us.pages.dev/
2025-12-28 23:59:41,373 - root - INFO - 开始分析URL: https://robi-b-hood--us.pages.dev/
2025-12-28 23:59:47,271 - httpx - INFO - HTTP Request: POST https://svip.xty.app/v1/chat/completions "HTTP/1.1 200 OK"
2025-12-28 23:59:47,272 - root - INFO - URL分析完成: https://robi-b-hood--us.pages.dev/, 结果: 钓鱼网站
2025-12-28 23:59:47,274 - root - INFO - 开始检测URL: https://sites.google.com/robenhoud.com/robinhood-login/home
2025-12-28 23:59:47,274 - root - INFO - 开始分析URL: https://sites.google.com/robenhoud.com/robinhood-login/home
2025-12-28 23:59:55,137 - httpx - INFO - HTTP Request: POST https://svip.xty.app/v1/chat/completions "HTTP/1.1 200 OK"
2025-12-28 23:59:55,139 - root - INFO - URL分析完成: https://sites.google.com/robenhoud.com/robinhood-login/home, 结果: 钓鱼网站
2025-12-28 23:59:55,140 - root - INFO - 开始检测URL: https://robinhood.com/forgot_password
2025-12-28 23:59:55,140 - root - INFO - 开始分析URL: https://robinhood.com/forgot_password
2025-12-29 00:00:02,042 - httpx - INFO - HTTP Request: POST https://svip.xty.app/v1/chat/completions "HTTP/1.1 200 OK"
2025-12-29 00:00:02,042 - root - INFO - URL分析完成: https://robinhood.com/forgot_password, 结果: 安全网站
2025-12-29 00:00:02,043 - root - INFO - 开始检测URL: https://us-robenihood-app.gitbook.io/help/
2025-12-29 00:00:02,043 - root - INFO - 开始分析URL: https://us-robenihood-app.gitbook.io/help/
2025-12-29 00:00:08,459 - httpx - INFO - HTTP Request: POST https://svip.xty.app/v1/chat/completions "HTTP/1.1 200 OK"
2025-12-29 00:00:08,460 - root - INFO - URL分析完成: https://us-robenihood-app.gitbook.io/help/, 结果: 钓鱼网站
2025-12-29 00:00:08,460 - root - INFO - 开始检测URL: https://www-robiihud-com.pages.dev/
2025-12-29 00:00:08,461 - root - INFO - 开始分析URL: https://www-robiihud-com.pages.dev/
2025-12-29 00:00:19,698 - openai._base_client - INFO - Retrying request to /chat/completions in 0.999174 seconds
2025-12-29 00:00:25,716 - openai._base_client - INFO - Retrying request to /chat/completions in 1.732373 seconds
2025-12-29 00:00:32,460 - root - ERROR - 调用GPT-4o API失败: Request timed out.
2025-12-29 00:00:32,460 - root - WARNING - 未获取到有效的模型响应
2025-12-29 00:00:32,460 - root - INFO - 开始检测URL: https://www.justanswer.com/computer/gzbym-can-t-login-robinhood-account-i-m-going-crazy-it-s.html
2025-12-29 00:00:32,460 - root - INFO - 开始分析URL: https://www.justanswer.com/computer/gzbym-can-t-login-robinhood-account-i-m-going-crazy-it-s.html
2025-12-29 00:00:43,895 - openai._base_client - INFO - Retrying request to /chat/completions in 0.783187 seconds
2025-12-29 00:00:49,696 - openai._base_client - INFO - Retrying request to /chat/completions in 1.511280 seconds
2025-12-29 00:00:56,230 - root - ERROR - 调用GPT-4o API失败: Request timed out.
2025-12-29 00:00:56,230 - root - WARNING - 未获取到有效的模型响应
2025-12-29 00:00:56,230 - root - INFO - 开始检测URL: https://robinhudlogin.jigsy.com/
2025-12-29 00:00:56,230 - root - INFO - 开始分析URL: https://robinhudlogin.jigsy.com/
2025-12-29 00:01:07,425 - openai._base_client - INFO - Retrying request to /chat/completions in 0.952111 seconds
2025-12-29 00:01:14,094 - httpx - INFO - HTTP Request: POST https://svip.xty.app/v1/chat/completions "HTTP/1.1 200 OK"
2025-12-29 00:01:14,096 - root - INFO - URL分析完成: https://robinhudlogin.jigsy.com/, 结果: 钓鱼网站
2025-12-29 00:01:14,096 - root - INFO - 开始检测URL: https://reoonbinhofgin.webflow.io/
2025-12-29 00:01:14,096 - root - INFO - 开始分析URL: https://reoonbinhofgin.webflow.io/
2025-12-29 00:01:21,977 - httpx - INFO - HTTP Request: POST https://svip.xty.app/v1/chat/completions "HTTP/1.1 200 OK"
2025-12-29 00:01:21,978 - root - INFO - URL分析完成: https://reoonbinhofgin.webflow.io/, 结果: 钓鱼网站
2025-12-29 00:01:21,979 - root - INFO - 开始检测URL: https://sites.google.com/robenhoud.com/robinhood-logins/home
2025-12-29 00:01:21,979 - root - INFO - 开始分析URL: https://sites.google.com/robenhoud.com/robinhood-logins/home
2025-12-29 00:01:29,555 - httpx - INFO - HTTP Request: POST https://svip.xty.app/v1/chat/completions "HTTP/1.1 200 OK"
2025-12-29 00:01:29,555 - root - INFO - URL分析完成: https://sites.google.com/robenhoud.com/robinhood-logins/home, 结果: 钓鱼网站
2025-12-29 00:01:29,556 - root - INFO - 开始检测URL: https://www.justanswer.com/software/rgtyc-email-remembered-account-robinhood.html
2025-12-29 00:01:29,556 - root - INFO - 开始分析URL: https://www.justanswer.com/software/rgtyc-email-remembered-account-robinhood.html
2025-12-29 00:01:37,524 - httpx - INFO - HTTP Request: POST https://svip.xty.app/v1/chat/completions "HTTP/1.1 200 OK"
2025-12-29 00:01:37,526 - root - INFO - URL分析完成: https://www.justanswer.com/software/rgtyc-email-remembered-account-robinhood.html, 结果: 钓鱼网站
2025-12-29 00:01:37,527 - root - INFO - 开始检测URL: https://www.reddit.com/r/investing/comments/1klo83f/cant_log_in_to_robinhood/
2025-12-29 00:01:37,527 - root - INFO - 开始分析URL: https://www.reddit.com/r/investing/comments/1klo83f/cant_log_in_to_robinhood/
2025-12-29 00:01:44,321 - httpx - INFO - HTTP Request: POST https://svip.xty.app/v1/chat/completions "HTTP/1.1 200 OK"
2025-12-29 00:01:44,323 - root - INFO - URL分析完成: https://www.reddit.com/r/investing/comments/1klo83f/cant_log_in_to_robinhood/, 结果: 安全网站
2025-12-29 00:01:44,324 - root - INFO - 开始检测URL: https://nid.naver.com/nidlogin.login?svctype=262144&locale=en_us
2025-12-29 00:01:44,324 - root - INFO - 开始分析URL: https://nid.naver.com/nidlogin.login?svctype=262144&locale=en_us
2025-12-29 00:01:50,235 - httpx - INFO - HTTP Request: POST https://svip.xty.app/v1/chat/completions "HTTP/1.1 200 OK"
2025-12-29 00:01:50,237 - root - INFO - URL分析完成: https://nid.naver.com/nidlogin.login?svctype=262144&locale=en_us, 结果: 安全网站
2025-12-29 00:01:50,238 - root - INFO - 开始检测URL: https://help.naver.com/service/5640/contents/21452?lang=en&osType=COMMONOS
2025-12-29 00:01:50,238 - root - INFO - 开始分析URL: https://help.naver.com/service/5640/contents/21452?lang=en&osType=COMMONOS
2025-12-29 00:01:56,481 - httpx - INFO - HTTP Request: POST https://svip.xty.app/v1/chat/completions "HTTP/1.1 200 OK"
2025-12-29 00:01:56,482 - root - INFO - URL分析完成: https://help.naver.com/service/5640/contents/21452?lang=en&osType=COMMONOS, 结果: 安全网站
2025-12-29 00:01:56,483 - root - INFO - 开始检测URL: https://help.naver.com/service/5640/contents/20782?osType=PC&lang=en
2025-12-29 00:01:56,483 - root - INFO - 开始分析URL: https://help.naver.com/service/5640/contents/20782?osType=PC&lang=en
2025-12-29 00:02:02,740 - httpx - INFO - HTTP Request: POST https://svip.xty.app/v1/chat/completions "HTTP/1.1 200 OK"
2025-12-29 00:02:02,741 - root - INFO - URL分析完成: https://help.naver.com/service/5640/contents/20782?osType=PC&lang=en, 结果: 安全网站
2025-12-29 00:02:02,742 - root - INFO - 开始检测URL: https://help.naver.com/service/5640/category/6249?lang=en
2025-12-29 00:02:02,742 - root - INFO - 开始分析URL: https://help.naver.com/service/5640/category/6249?lang=en
2025-12-29 00:02:10,719 - httpx - INFO - HTTP Request: POST https://svip.xty.app/v1/chat/completions "HTTP/1.1 200 OK"
2025-12-29 00:02:10,720 - root - INFO - URL分析完成: https://help.naver.com/service/5640/category/6249?lang=en, 结果: 安全网站
2025-12-29 00:02:10,720 - root - INFO - 开始检测URL: https://inquivix.com/naver-account/
2025-12-29 00:02:10,721 - root - INFO - 开始分析URL: https://inquivix.com/naver-account/
2025-12-29 00:02:24,200 - httpx - INFO - HTTP Request: POST https://svip.xty.app/v1/chat/completions "HTTP/1.1 200 OK"
2025-12-29 00:02:24,201 - root - INFO - URL分析完成: https://inquivix.com/naver-account/, 结果: 钓鱼网站
2025-12-29 00:02:24,202 - root - INFO - 开始检测URL: https://help.naver.com/service/5640/contents/21448?lang=en
2025-12-29 00:02:24,202 - root - INFO - 开始分析URL: https://help.naver.com/service/5640/contents/21448?lang=en
2025-12-29 00:02:30,764 - httpx - INFO - HTTP Request: POST https://svip.xty.app/v1/chat/completions "HTTP/1.1 200 OK"
2025-12-29 00:02:30,766 - root - INFO - URL分析完成: https://help.naver.com/service/5640/contents/21448?lang=en, 结果: 安全网站
2025-12-29 00:02:30,767 - root - INFO - 开始检测URL: https://help.naver.com/service/5640/category/5983?lang=en
2025-12-29 00:02:30,767 - root - INFO - 开始分析URL: https://help.naver.com/service/5640/category/5983?lang=en
2025-12-29 00:02:36,764 - httpx - INFO - HTTP Request: POST https://svip.xty.app/v1/chat/completions "HTTP/1.1 200 OK"
2025-12-29 00:02:36,765 - root - INFO - URL分析完成: https://help.naver.com/service/5640/category/5983?lang=en, 结果: 安全网站
2025-12-29 00:02:36,765 - root - INFO - 开始检测URL: https://hereplace.me/how-to-sign-up-for-naver-account/
2025-12-29 00:02:36,765 - root - INFO - 开始分析URL: https://hereplace.me/how-to-sign-up-for-naver-account/
2025-12-29 00:02:48,514 - httpx - INFO - HTTP Request: POST https://svip.xty.app/v1/chat/completions "HTTP/1.1 200 OK"
2025-12-29 00:02:48,515 - root - INFO - URL分析完成: https://hereplace.me/how-to-sign-up-for-naver-account/, 结果: 钓鱼网站
2025-12-29 00:02:48,515 - root - INFO - 开始检测URL: https://10mag.com/verify-naver-account-and-set-up-naver-pay-for-foreigners/
2025-12-29 00:02:48,515 - root - INFO - 开始分析URL: https://10mag.com/verify-naver-account-and-set-up-naver-pay-for-foreigners/
2025-12-29 00:02:56,557 - httpx - INFO - HTTP Request: POST https://svip.xty.app/v1/chat/completions "HTTP/1.1 200 OK"
2025-12-29 00:02:56,558 - root - INFO - URL分析完成: https://10mag.com/verify-naver-account-and-set-up-naver-pay-for-foreigners/, 结果: 钓鱼网站
2025-12-29 00:02:56,559 - root - INFO - 开始检测URL: https://help.naver.com/service/5640/category/5989?lang=en
2025-12-29 00:02:56,559 - root - INFO - 开始分析URL: https://help.naver.com/service/5640/category/5989?lang=en
2025-12-29 00:03:05,370 - httpx - INFO - HTTP Request: POST https://svip.xty.app/v1/chat/completions "HTTP/1.1 200 OK"
2025-12-29 00:03:05,371 - root - INFO - URL分析完成: https://help.naver.com/service/5640/category/5989?lang=en, 结果: 安全网站
2025-12-29 00:03:05,372 - root - INFO - 开始检测URL: https://nid.naver.com/user2/joinGlobal.nhn?lang=en_US&m=init
2025-12-29 00:03:05,373 - root - INFO - 开始分析URL: https://nid.naver.com/user2/joinGlobal.nhn?lang=en_US&m=init
2025-12-29 00:03:12,808 - httpx - INFO - HTTP Request: POST https://svip.xty.app/v1/chat/completions "HTTP/1.1 200 OK"
2025-12-29 00:03:12,810 - root - INFO - URL分析完成: https://nid.naver.com/user2/joinGlobal.nhn?lang=en_US&m=init, 结果: 安全网站
2025-12-29 00:03:12,810 - root - INFO - 开始检测URL: https://help.naver.com/service/5640/contents/20312?lang=en
2025-12-29 00:03:12,811 - root - INFO - 开始分析URL: https://help.naver.com/service/5640/contents/20312?lang=en
2025-12-29 00:03:22,414 - httpx - INFO - HTTP Request: POST https://svip.xty.app/v1/chat/completions "HTTP/1.1 200 OK"
2025-12-29 00:03:22,416 - root - INFO - URL分析完成: https://help.naver.com/service/5640/contents/20312?lang=en, 结果: 安全网站
2025-12-29 00:03:22,417 - root - INFO - 开始检测URL: https://www.reddit.com/r/korea/comments/p97myr/naver_sign_up_problem/
2025-12-29 00:03:22,417 - root - INFO - 开始分析URL: https://www.reddit.com/r/korea/comments/p97myr/naver_sign_up_problem/
2025-12-29 00:03:32,644 - httpx - INFO - HTTP Request: POST https://svip.xty.app/v1/chat/completions "HTTP/1.1 200 OK"
2025-12-29 00:03:32,644 - root - INFO - URL分析完成: https://www.reddit.com/r/korea/comments/p97myr/naver_sign_up_problem/, 结果: 安全网站
2025-12-29 00:03:32,644 - root - INFO - 开始检测URL: https://recruit.navercorp.com/mem/login.do
2025-12-29 00:03:32,644 - root - INFO - 开始分析URL: https://recruit.navercorp.com/mem/login.do
2025-12-29 00:03:40,046 - httpx - INFO - HTTP Request: POST https://svip.xty.app/v1/chat/completions "HTTP/1.1 200 OK"
2025-12-29 00:03:40,046 - root - INFO - URL分析完成: https://recruit.navercorp.com/mem/login.do, 结果: 安全网站
2025-12-29 00:03:40,046 - root - INFO - 开始检测URL: https://www.reddit.com/r/Korean/comments/1c39h5l/help_me_figure_out_this_login_code_for_my_naver/
2025-12-29 00:03:40,046 - root - INFO - 开始分析URL: https://www.reddit.com/r/Korean/comments/1c39h5l/help_me_figure_out_this_login_code_for_my_naver/
2025-12-29 00:03:50,651 - httpx - INFO - HTTP Request: POST https://svip.xty.app/v1/chat/completions "HTTP/1.1 200 OK"
2025-12-29 00:03:50,652 - root - INFO - URL分析完成: https://www.reddit.com/r/Korean/comments/1c39h5l/help_me_figure_out_this_login_code_for_my_naver/, 结果: 安全网站
2025-12-29 00:03:50,653 - root - INFO - 开始检测URL: https://help.naver.com/service/5640/contents/20786?lang=en
2025-12-29 00:03:50,653 - root - INFO - 开始分析URL: https://help.naver.com/service/5640/contents/20786?lang=en
2025-12-29 00:03:56,657 - httpx - INFO - HTTP Request: POST https://svip.xty.app/v1/chat/completions "HTTP/1.1 200 OK"
2025-12-29 00:03:56,659 - root - INFO - URL分析完成: https://help.naver.com/service/5640/contents/20786?lang=en, 结果: 安全网站
2025-12-29 00:03:56,660 - root - INFO - 开始检测URL: https://nid.naver.com/signin/v3/finalize
2025-12-29 00:03:56,660 - root - INFO - 开始分析URL: https://nid.naver.com/signin/v3/finalize
2025-12-29 00:04:01,831 - httpx - INFO - HTTP Request: POST https://svip.xty.app/v1/chat/completions "HTTP/1.1 200 OK"
2025-12-29 00:04:01,833 - root - INFO - URL分析完成: https://nid.naver.com/signin/v3/finalize, 结果: 安全网站
2025-12-29 00:04:01,834 - root - INFO - 开始检测URL: https://10mag.com/how-to-create-a-naver-account-and-best-ways-to-use-it/
2025-12-29 00:04:01,834 - root - INFO - 开始分析URL: https://10mag.com/how-to-create-a-naver-account-and-best-ways-to-use-it/
2025-12-29 00:04:08,045 - httpx - INFO - HTTP Request: POST https://svip.xty.app/v1/chat/completions "HTTP/1.1 200 OK"
2025-12-29 00:04:08,048 - root - INFO - URL分析完成: https://10mag.com/how-to-create-a-naver-account-and-best-ways-to-use-it/, 结果: 钓鱼网站
2025-12-29 00:04:08,049 - root - INFO - 开始检测URL: https://help.naver.com/index.help?lang=en
2025-12-29 00:04:08,049 - root - INFO - 开始分析URL: https://help.naver.com/index.help?lang=en
2025-12-29 00:04:15,707 - httpx - INFO - HTTP Request: POST https://svip.xty.app/v1/chat/completions "HTTP/1.1 200 OK"
2025-12-29 00:04:15,709 - root - INFO - URL分析完成: https://help.naver.com/index.help?lang=en, 结果: 安全网站
2025-12-29 00:04:15,710 - root - INFO - 开始检测URL: https://help.naver.com/service/5640/contents/20315?lang=en
2025-12-29 00:04:15,710 - root - INFO - 开始分析URL: https://help.naver.com/service/5640/contents/20315?lang=en
2025-12-29 00:04:22,183 - httpx - INFO - HTTP Request: POST https://svip.xty.app/v1/chat/completions "HTTP/1.1 200 OK"
2025-12-29 00:04:22,184 - root - INFO - URL分析完成: https://help.naver.com/service/5640/contents/20315?lang=en, 结果: 安全网站
2025-12-29 00:04:22,186 - root - INFO - 开始检测URL: https://gazprombank.investments/
2025-12-29 00:04:22,186 - root - INFO - 开始分析URL: https://gazprombank.investments/
2025-12-29 00:04:31,420 - httpx - INFO - HTTP Request: POST https://svip.xty.app/v1/chat/completions "HTTP/1.1 200 OK"
2025-12-29 00:04:31,422 - root - INFO - URL分析完成: https://gazprombank.investments/, 结果: 钓鱼网站
2025-12-29 00:04:31,423 - root - INFO - 开始检测URL: https://finuslugi.ru/navigator/investirovat/stat_kak_zarabotat_na_narodnykh_obligaciyakh_gazprom_neft
2025-12-29 00:04:31,423 - root - INFO - 开始分析URL: https://finuslugi.ru/navigator/investirovat/stat_kak_zarabotat_na_narodnykh_obligaciyakh_gazprom_neft
2025-12-29 00:04:41,160 - httpx - INFO - HTTP Request: POST https://svip.xty.app/v1/chat/completions "HTTP/1.1 200 OK"
2025-12-29 00:04:41,162 - root - INFO - URL分析完成: https://finuslugi.ru/navigator/investirovat/stat_kak_zarabotat_na_narodnykh_obligaciyakh_gazprom_neft, 结果: 钓鱼网站
2025-12-29 00:04:41,164 - root - INFO - 开始检测URL: https://ya.ru/neurum/c/ekonomika-i-finansi/q/kak_zarabotat_na_akciyah_gazprom_04c29af7
2025-12-29 00:04:41,164 - root - INFO - 开始分析URL: https://ya.ru/neurum/c/ekonomika-i-finansi/q/kak_zarabotat_na_akciyah_gazprom_04c29af7
2025-12-29 00:04:48,357 - httpx - INFO - HTTP Request: POST https://svip.xty.app/v1/chat/completions "HTTP/1.1 200 OK"
2025-12-29 00:04:48,359 - root - INFO - URL分析完成: https://ya.ru/neurum/c/ekonomika-i-finansi/q/kak_zarabotat_na_akciyah_gazprom_04c29af7, 结果: 安全网站
2025-12-29 00:04:48,360 - root - INFO - 开始检测URL: https://www.tbank.ru/invest/social/profile/ivan_klyakhin/1e9a2e10-820f-4318-901c-a99a7ed208e1/
2025-12-29 00:04:48,360 - root - INFO - 开始分析URL: https://www.tbank.ru/invest/social/profile/ivan_klyakhin/1e9a2e10-820f-4318-901c-a99a7ed208e1/
2025-12-29 00:04:56,877 - httpx - INFO - HTTP Request: POST https://svip.xty.app/v1/chat/completions "HTTP/1.1 200 OK"
2025-12-29 00:04:56,877 - root - INFO - URL分析完成: https://www.tbank.ru/invest/social/profile/ivan_klyakhin/1e9a2e10-820f-4318-901c-a99a7ed208e1/, 结果: 安全网站
2025-12-29 00:04:56,877 - root - INFO - 开始检测URL: https://equity.today/akcii-gazproma.html
2025-12-29 00:04:56,877 - root - INFO - 开始分析URL: https://equity.today/akcii-gazproma.html
2025-12-29 00:05:04,831 - httpx - INFO - HTTP Request: POST https://svip.xty.app/v1/chat/completions "HTTP/1.1 200 OK"
2025-12-29 00:05:04,833 - root - INFO - URL分析完成: https://equity.today/akcii-gazproma.html, 结果: 安全网站
2025-12-29 00:05:04,834 - root - INFO - 开始检测URL: https://www.ricom.ru/pages/uslugi/kupit-akcii-gazprom-gazp/
2025-12-29 00:05:04,834 - root - INFO - 开始分析URL: https://www.ricom.ru/pages/uslugi/kupit-akcii-gazprom-gazp/
2025-12-29 00:05:16,246 - httpx - INFO - HTTP Request: POST https://svip.xty.app/v1/chat/completions "HTTP/1.1 200 OK"
2025-12-29 00:05:16,248 - root - INFO - URL分析完成: https://www.ricom.ru/pages/uslugi/kupit-akcii-gazprom-gazp/, 结果: 钓鱼网站
2025-12-29 00:05:16,249 - root - INFO - 开始检测URL: https://www.sravni.ru/enciklopediya/info/akcii-gazproma-kak-mozhno-poluchat-pribyl-s-ikh-pomoshhju/
2025-12-29 00:05:16,249 - root - INFO - 开始分析URL: https://www.sravni.ru/enciklopediya/info/akcii-gazproma-kak-mozhno-poluchat-pribyl-s-ikh-pomoshhju/
2025-12-29 00:05:31,111 - httpx - INFO - HTTP Request: POST https://svip.xty.app/v1/chat/completions "HTTP/1.1 200 OK"
2025-12-29 00:05:31,112 - root - INFO - URL分析完成: https://www.sravni.ru/enciklopediya/info/akcii-gazproma-kak-mozhno-poluchat-pribyl-s-ikh-pomoshhju/, 结果: 钓鱼网站
2025-12-29 00:05:31,112 - root - INFO - 开始检测URL: https://investholding.gazprom.ru/frodsters/
2025-12-29 00:05:31,112 - root - INFO - 开始分析URL: https://investholding.gazprom.ru/frodsters/
2025-12-29 00:06:08,947 - httpx - INFO - HTTP Request: POST https://svip.xty.app/v1/chat/completions "HTTP/1.1 200 OK"
2025-12-29 00:06:08,948 - root - INFO - URL分析完成: https://investholding.gazprom.ru/frodsters/, 结果: 钓鱼网站
2025-12-29 00:06:08,948 - root - INFO - 开始检测URL: https://invlab.ru/investicii/gde-i-kak-kupit-akcii-gazproma/
2025-12-29 00:06:08,949 - root - INFO - 开始分析URL: https://invlab.ru/investicii/gde-i-kak-kupit-akcii-gazproma/
2025-12-29 00:06:19,787 - httpx - INFO - HTTP Request: POST https://svip.xty.app/v1/chat/completions "HTTP/1.1 200 OK"
2025-12-29 00:06:19,787 - root - INFO - URL分析完成: https://invlab.ru/investicii/gde-i-kak-kupit-akcii-gazproma/, 结果: 安全网站
2025-12-29 00:06:19,788 - root - INFO - 开始检测URL: https://internetboss.ru/investicii-v-akcii-gazproma/
2025-12-29 00:06:19,788 - root - INFO - 开始分析URL: https://internetboss.ru/investicii-v-akcii-gazproma/
2025-12-29 00:06:32,028 - httpx - INFO - HTTP Request: POST https://svip.xty.app/v1/chat/completions "HTTP/1.1 200 OK"
2025-12-29 00:06:32,029 - root - INFO - URL分析完成: https://internetboss.ru/investicii-v-akcii-gazproma/, 结果: 安全网站
2025-12-29 00:06:32,030 - root - INFO - 开始检测URL: https://bcs-express.ru/novosti-i-analitika/chastnye-investory-vykhodiat-iz-gazproma-kak-na-etom-zarabotat
2025-12-29 00:06:32,030 - root - INFO - 开始分析URL: https://bcs-express.ru/novosti-i-analitika/chastnye-investory-vykhodiat-iz-gazproma-kak-na-etom-zarabotat
2025-12-29 00:06:39,515 - httpx - INFO - HTTP Request: POST https://svip.xty.app/v1/chat/completions "HTTP/1.1 200 OK"
2025-12-29 00:06:39,517 - root - INFO - URL分析完成: https://bcs-express.ru/novosti-i-analitika/chastnye-investory-vykhodiat-iz-gazproma-kak-na-etom-zarabotat, 结果: 安全网站
2025-12-29 00:06:39,518 - root - INFO - 开始检测URL: https://kz-gaz.web.app/
2025-12-29 00:06:39,518 - root - INFO - 开始分析URL: https://kz-gaz.web.app/
2025-12-29 00:06:47,770 - httpx - INFO - HTTP Request: POST https://svip.xty.app/v1/chat/completions "HTTP/1.1 200 OK"
2025-12-29 00:06:47,772 - root - INFO - URL分析完成: https://kz-gaz.web.app/, 结果: 钓鱼网站
2025-12-29 00:06:47,772 - root - INFO - 开始检测URL: https://sergeytereshkin.ru/blog/kuda-investiruet-gazprom-
2025-12-29 00:06:47,774 - root - INFO - 开始分析URL: https://sergeytereshkin.ru/blog/kuda-investiruet-gazprom-
2025-12-29 00:06:57,835 - httpx - INFO - HTTP Request: POST https://svip.xty.app/v1/chat/completions "HTTP/1.1 200 OK"
2025-12-29 00:06:57,836 - root - INFO - URL分析完成: https://sergeytereshkin.ru/blog/kuda-investiruet-gazprom-, 结果: 钓鱼网站
2025-12-29 00:06:57,837 - root - INFO - 开始检测URL: https://bankstoday.net/last-articles/aktsii-gazproma-dlya-obychnogo-grazhdanina-mozhno-li-na-nih-zarabotat
2025-12-29 00:06:57,837 - root - INFO - 开始分析URL: https://bankstoday.net/last-articles/aktsii-gazproma-dlya-obychnogo-grazhdanina-mozhno-li-na-nih-zarabotat
2025-12-29 00:07:07,184 - httpx - INFO - HTTP Request: POST https://svip.xty.app/v1/chat/completions "HTTP/1.1 200 OK"
2025-12-29 00:07:07,186 - root - INFO - URL分析完成: https://bankstoday.net/last-articles/aktsii-gazproma-dlya-obychnogo-grazhdanina-mozhno-li-na-nih-zarabotat, 结果: 安全网站
2025-12-29 00:07:07,186 - root - INFO - 开始检测URL: https://ya.ru/neurum/c/ekonomika-i-finansi/q/kak_zarabotat_na_akciyah_gazproma_obychnomu_682589f1
2025-12-29 00:07:07,186 - root - INFO - 开始分析URL: https://ya.ru/neurum/c/ekonomika-i-finansi/q/kak_zarabotat_na_akciyah_gazproma_obychnomu_682589f1
2025-12-29 00:07:16,430 - httpx - INFO - HTTP Request: POST https://svip.xty.app/v1/chat/completions "HTTP/1.1 200 OK"
2025-12-29 00:07:16,431 - root - INFO - URL分析完成: https://ya.ru/neurum/c/ekonomika-i-finansi/q/kak_zarabotat_na_akciyah_gazproma_obychnomu_682589f1, 结果: 安全网站
2025-12-29 00:07:16,432 - root - INFO - 开始检测URL: https://www.tbank.ru/invest/social/profile/PREMIUM_FREE/73c3a6c8-4117-402f-84c7-f35ad0ba8348/
2025-12-29 00:07:16,432 - root - INFO - 开始分析URL: https://www.tbank.ru/invest/social/profile/PREMIUM_FREE/73c3a6c8-4117-402f-84c7-f35ad0ba8348/
2025-12-29 00:07:24,072 - httpx - INFO - HTTP Request: POST https://svip.xty.app/v1/chat/completions "HTTP/1.1 200 OK"
2025-12-29 00:07:24,074 - root - INFO - URL分析完成: https://www.tbank.ru/invest/social/profile/PREMIUM_FREE/73c3a6c8-4117-402f-84c7-f35ad0ba8348/, 结果: 安全网站
2025-12-29 00:07:24,076 - root - INFO - 开始检测URL: https://www.sravni.ru/brokery/info/gazprom-investicii/
2025-12-29 00:07:24,076 - root - INFO - 开始分析URL: https://www.sravni.ru/brokery/info/gazprom-investicii/
2025-12-29 00:07:32,599 - httpx - INFO - HTTP Request: POST https://svip.xty.app/v1/chat/completions "HTTP/1.1 200 OK"
2025-12-29 00:07:32,601 - root - INFO - URL分析完成: https://www.sravni.ru/brokery/info/gazprom-investicii/, 结果: 钓鱼网站
2025-12-29 00:07:32,602 - root - INFO - 开始检测URL: https://www.banki.ru/wikibank/kak_kupit_aktsii_gazproma_fizicheskomu_litsu/
2025-12-29 00:07:32,602 - root - INFO - 开始分析URL: https://www.banki.ru/wikibank/kak_kupit_aktsii_gazproma_fizicheskomu_litsu/
2025-12-29 00:07:42,535 - httpx - INFO - HTTP Request: POST https://svip.xty.app/v1/chat/completions "HTTP/1.1 200 OK"
2025-12-29 00:07:42,535 - root - INFO - URL分析完成: https://www.banki.ru/wikibank/kak_kupit_aktsii_gazproma_fizicheskomu_litsu/, 结果: 安全网站
2025-12-29 00:07:42,535 - root - INFO - 开始检测URL: https://www.gazprombank.ru/personal/brokerage_service/investments/
2025-12-29 00:07:42,535 - root - INFO - 开始分析URL: https://www.gazprombank.ru/personal/brokerage_service/investments/
2025-12-29 00:07:50,807 - httpx - INFO - HTTP Request: POST https://svip.xty.app/v1/chat/completions "HTTP/1.1 200 OK"
2025-12-29 00:07:50,810 - root - INFO - URL分析完成: https://www.gazprombank.ru/personal/brokerage_service/investments/, 结果: 钓鱼网站
2025-12-29 00:07:50,811 - root - INFO - 开始检测URL: https://zigzag-24.ru/blog/investitsii-dlya-nachinayuschih-s-chego-nachat-poshagovaya-instruktsiya-gazprom/
2025-12-29 00:07:50,811 - root - INFO - 开始分析URL: https://zigzag-24.ru/blog/investitsii-dlya-nachinayuschih-s-chego-nachat-poshagovaya-instruktsiya-gazprom/
2025-12-29 00:07:59,526 - httpx - INFO - HTTP Request: POST https://svip.xty.app/v1/chat/completions "HTTP/1.1 200 OK"
2025-12-29 00:07:59,527 - root - INFO - URL分析完成: https://zigzag-24.ru/blog/investitsii-dlya-nachinayuschih-s-chego-nachat-poshagovaya-instruktsiya-gazprom/, 结果: 钓鱼网站
2025-12-29 00:07:59,528 - root - INFO - 开始检测URL: https://help.aliyun.com/zh/chatapp/user-guide/whatsapp/
2025-12-29 00:07:59,528 - root - INFO - 开始分析URL: https://help.aliyun.com/zh/chatapp/user-guide/whatsapp/
2025-12-29 00:08:06,035 - httpx - INFO - HTTP Request: POST https://svip.xty.app/v1/chat/completions "HTTP/1.1 200 OK"
2025-12-29 00:08:06,035 - root - INFO - URL分析完成: https://help.aliyun.com/zh/chatapp/user-guide/whatsapp/, 结果: 安全网站
2025-12-29 00:08:06,036 - root - INFO - 开始检测URL: https://zhuanlan.zhihu.com/p/652183958
2025-12-29 00:08:06,036 - root - INFO - 开始分析URL: https://zhuanlan.zhihu.com/p/652183958
2025-12-29 00:08:17,550 - httpx - INFO - HTTP Request: POST https://svip.xty.app/v1/chat/completions "HTTP/1.1 200 OK"
2025-12-29 00:08:17,551 - root - INFO - URL分析完成: https://zhuanlan.zhihu.com/p/652183958, 结果: 安全网站
2025-12-29 00:08:17,552 - root - INFO - 开始检测URL: https://www.cnblogs.com/over140/p/8683171.html
2025-12-29 00:08:17,553 - root - INFO - 开始分析URL: https://www.cnblogs.com/over140/p/8683171.html
2025-12-29 00:08:23,632 - httpx - INFO - HTTP Request: POST https://svip.xty.app/v1/chat/completions "HTTP/1.1 200 OK"
2025-12-29 00:08:23,633 - root - INFO - URL分析完成: https://www.cnblogs.com/over140/p/8683171.html, 结果: 钓鱼网站
2025-12-29 00:08:23,633 - root - INFO - 开始检测URL: https://blog.csdn.net/wanliaixie/article/details/138254846
2025-12-29 00:08:23,633 - root - INFO - 开始分析URL: https://blog.csdn.net/wanliaixie/article/details/138254846
2025-12-29 00:08:30,622 - httpx - INFO - HTTP Request: POST https://svip.xty.app/v1/chat/completions "HTTP/1.1 200 OK"
2025-12-29 00:08:30,624 - root - INFO - URL分析完成: https://blog.csdn.net/wanliaixie/article/details/138254846, 结果: 安全网站
2025-12-29 00:08:30,625 - root - INFO - 开始检测URL: https://blog.whatsapp.com/whats-app-web?lang=en
2025-12-29 00:08:30,625 - root - INFO - 开始分析URL: https://blog.whatsapp.com/whats-app-web?lang=en
2025-12-29 00:08:37,133 - httpx - INFO - HTTP Request: POST https://svip.xty.app/v1/chat/completions "HTTP/1.1 200 OK"
2025-12-29 00:08:37,135 - root - INFO - URL分析完成: https://blog.whatsapp.com/whats-app-web?lang=en, 结果: 安全网站
2025-12-29 00:08:37,136 - root - INFO - 开始检测URL: https://blog.csdn.net/LeadsCloud/article/details/133141226
2025-12-29 00:08:37,137 - root - INFO - 开始分析URL: https://blog.csdn.net/LeadsCloud/article/details/133141226
2025-12-29 00:08:42,807 - httpx - INFO - HTTP Request: POST https://svip.xty.app/v1/chat/completions "HTTP/1.1 200 OK"
2025-12-29 00:08:42,809 - root - INFO - URL分析完成: https://blog.csdn.net/LeadsCloud/article/details/133141226, 结果: 安全网站
2025-12-29 00:08:42,810 - root - INFO - 开始检测URL: https://zhuanlan.zhihu.com/p/657964873
2025-12-29 00:08:42,811 - root - INFO - 开始分析URL: https://zhuanlan.zhihu.com/p/657964873
2025-12-29 00:08:50,469 - httpx - INFO - HTTP Request: POST https://svip.xty.app/v1/chat/completions "HTTP/1.1 200 OK"
2025-12-29 00:08:50,470 - root - INFO - URL分析完成: https://zhuanlan.zhihu.com/p/657964873, 结果: 安全网站
2025-12-29 00:08:50,470 - root - INFO - 开始检测URL: https://blog.csdn.net/qq_36662478/article/details/125028558
2025-12-29 00:08:50,471 - root - INFO - 开始分析URL: https://blog.csdn.net/qq_36662478/article/details/125028558
2025-12-29 00:08:57,032 - httpx - INFO - HTTP Request: POST https://svip.xty.app/v1/chat/completions "HTTP/1.1 200 OK"
2025-12-29 00:08:57,032 - root - INFO - URL分析完成: https://blog.csdn.net/qq_36662478/article/details/125028558, 结果: 安全网站
2025-12-29 00:08:57,032 - root - INFO - 开始检测URL: https://en.wikipedia.org/wiki/WhatsApp
2025-12-29 00:08:57,032 - root - INFO - 开始分析URL: https://en.wikipedia.org/wiki/WhatsApp
2025-12-29 00:09:05,662 - httpx - INFO - HTTP Request: POST https://svip.xty.app/v1/chat/completions "HTTP/1.1 200 OK"
2025-12-29 00:09:05,663 - root - INFO - URL分析完成: https://en.wikipedia.org/wiki/WhatsApp, 结果: 安全网站
2025-12-29 00:09:05,663 - root - INFO - 开始检测URL: https://m.kchuhai.com/report/view-62937.html
2025-12-29 00:09:05,663 - root - INFO - 开始分析URL: https://m.kchuhai.com/report/view-62937.html
2025-12-29 00:09:11,544 - httpx - INFO - HTTP Request: POST https://svip.xty.app/v1/chat/completions "HTTP/1.1 200 OK"
2025-12-29 00:09:11,546 - root - INFO - URL分析完成: https://m.kchuhai.com/report/view-62937.html, 结果: 安全网站
2025-12-29 00:09:11,547 - root - INFO - 开始检测URL: https://www.acx-whatsepp.com/
2025-12-29 00:09:11,547 - root - INFO - 开始分析URL: https://www.acx-whatsepp.com/
2025-12-29 00:09:20,264 - httpx - INFO - HTTP Request: POST https://svip.xty.app/v1/chat/completions "HTTP/1.1 200 OK"
2025-12-29 00:09:20,265 - root - INFO - URL分析完成: https://www.acx-whatsepp.com/, 结果: 钓鱼网站
2025-12-29 00:09:20,265 - root - INFO - 开始检测URL: https://www.amz123.com/ask/0v5skC2G
2025-12-29 00:09:20,265 - root - INFO - 开始分析URL: https://www.amz123.com/ask/0v5skC2G
2025-12-29 00:09:34,188 - httpx - INFO - HTTP Request: POST https://svip.xty.app/v1/chat/completions "HTTP/1.1 200 OK"
2025-12-29 00:09:34,189 - root - INFO - URL分析完成: https://www.amz123.com/ask/0v5skC2G, 结果: 钓鱼网站
2025-12-29 00:09:34,190 - root - INFO - 开始检测URL: https://www.szlogic.net/en/learn/website-base/whatsapp-register/
2025-12-29 00:09:34,190 - root - INFO - 开始分析URL: https://www.szlogic.net/en/learn/website-base/whatsapp-register/
2025-12-29 00:09:45,343 - httpx - INFO - HTTP Request: POST https://svip.xty.app/v1/chat/completions "HTTP/1.1 200 OK"
2025-12-29 00:09:45,345 - root - INFO - URL分析完成: https://www.szlogic.net/en/learn/website-base/whatsapp-register/, 结果: 安全网站
2025-12-29 00:09:45,346 - root - INFO - 开始检测URL: https://faq.whatsapp.com/5913398998672934/?locale=zh_CN
2025-12-29 00:09:45,346 - root - INFO - 开始分析URL: https://faq.whatsapp.com/5913398998672934/?locale=zh_CN
2025-12-29 00:09:51,917 - httpx - INFO - HTTP Request: POST https://svip.xty.app/v1/chat/completions "HTTP/1.1 200 OK"
2025-12-29 00:09:51,918 - root - INFO - URL分析完成: https://faq.whatsapp.com/5913398998672934/?locale=zh_CN, 结果: 安全网站
2025-12-29 00:09:51,919 - root - INFO - 开始检测URL: https://blog.csdn.net/Smart721/article/details/132564207
2025-12-29 00:09:51,919 - root - INFO - 开始分析URL: https://blog.csdn.net/Smart721/article/details/132564207
2025-12-29 00:10:02,521 - httpx - INFO - HTTP Request: POST https://svip.xty.app/v1/chat/completions "HTTP/1.1 200 OK"
2025-12-29 00:10:02,522 - root - INFO - URL分析完成: https://blog.csdn.net/Smart721/article/details/132564207, 结果: 安全网站
2025-12-29 00:10:02,523 - root - INFO - 开始检测URL: https://baike.baidu.com/item/WhatsApp%20Messenger/7592753
2025-12-29 00:10:02,523 - root - INFO - 开始分析URL: https://baike.baidu.com/item/WhatsApp%20Messenger/7592753
2025-12-29 00:10:07,862 - httpx - INFO - HTTP Request: POST https://svip.xty.app/v1/chat/completions "HTTP/1.1 200 OK"
2025-12-29 00:10:07,864 - root - INFO - URL分析完成: https://baike.baidu.com/item/WhatsApp%20Messenger/7592753, 结果: 安全网站
2025-12-29 00:10:07,865 - root - INFO - 开始检测URL: https://zhuanlan.zhihu.com/p/16214811447
2025-12-29 00:10:07,865 - root - INFO - 开始分析URL: https://zhuanlan.zhihu.com/p/16214811447
2025-12-29 00:10:13,282 - httpx - INFO - HTTP Request: POST https://svip.xty.app/v1/chat/completions "HTTP/1.1 200 OK"
2025-12-29 00:10:13,282 - root - INFO - URL分析完成: https://zhuanlan.zhihu.com/p/16214811447, 结果: 安全网站
2025-12-29 00:10:13,283 - root - INFO - 开始检测URL: https://zhuanlan.zhihu.com/p/644541442
2025-12-29 00:10:13,283 - root - INFO - 开始分析URL: https://zhuanlan.zhihu.com/p/644541442
2025-12-29 00:10:20,465 - httpx - INFO - HTTP Request: POST https://svip.xty.app/v1/chat/completions "HTTP/1.1 200 OK"
2025-12-29 00:10:20,466 - root - INFO - URL分析完成: https://zhuanlan.zhihu.com/p/644541442, 结果: 安全网站
2025-12-29 00:10:20,466 - root - INFO - 开始检测URL: https://www.whatsapp.com/?lang=en/
2025-12-29 00:10:20,466 - root - INFO - 开始分析URL: https://www.whatsapp.com/?lang=en/
2025-12-29 00:10:28,601 - httpx - INFO - HTTP Request: POST https://svip.xty.app/v1/chat/completions "HTTP/1.1 200 OK"
2025-12-29 00:10:28,604 - root - INFO - URL分析完成: https://www.whatsapp.com/?lang=en/, 结果: 安全网站
2025-12-29 00:10:28,605 - root - INFO - 开始检测URL: https://blog.csdn.net/azusa123_/article/details/129665843
2025-12-29 00:10:28,605 - root - INFO - 开始分析URL: https://blog.csdn.net/azusa123_/article/details/129665843
2025-12-29 00:10:37,001 - httpx - INFO - HTTP Request: POST https://svip.xty.app/v1/chat/completions "HTTP/1.1 200 OK"
2025-12-29 00:10:37,002 - root - INFO - URL分析完成: https://blog.csdn.net/azusa123_/article/details/129665843, 结果: 安全网站
2025-12-29 00:10:37,003 - root - INFO - 开始检测URL: https://web.whatsapp.com/
2025-12-29 00:10:37,003 - root - INFO - 开始分析URL: https://web.whatsapp.com/
2025-12-29 00:10:44,669 - httpx - INFO - HTTP Request: POST https://svip.xty.app/v1/chat/completions "HTTP/1.1 200 OK"
2025-12-29 00:10:44,670 - root - INFO - URL分析完成: https://web.whatsapp.com/, 结果: 安全网站
2025-12-29 00:10:44,670 - root - INFO - 开始检测URL: https://wwebjs.dev/
2025-12-29 00:10:44,670 - root - INFO - 开始分析URL: https://wwebjs.dev/
2025-12-29 00:10:53,767 - httpx - INFO - HTTP Request: POST https://svip.xty.app/v1/chat/completions "HTTP/1.1 200 OK"
2025-12-29 00:10:53,769 - root - INFO - URL分析完成: https://wwebjs.dev/, 结果: 安全网站
2025-12-29 00:10:53,770 - root - INFO - 开始检测URL: https://www.whatsapp.com/
2025-12-29 00:10:53,770 - root - INFO - 开始分析URL: https://www.whatsapp.com/
2025-12-29 00:10:59,068 - httpx - INFO - HTTP Request: POST https://svip.xty.app/v1/chat/completions "HTTP/1.1 200 OK"
2025-12-29 00:10:59,070 - root - INFO - URL分析完成: https://www.whatsapp.com/, 结果: 安全网站
2025-12-29 00:10:59,071 - root - INFO - 开始检测URL: https://wawplus.com/
2025-12-29 00:10:59,071 - root - INFO - 开始分析URL: https://wawplus.com/
2025-12-29 00:11:06,028 - httpx - INFO - HTTP Request: POST https://svip.xty.app/v1/chat/completions "HTTP/1.1 200 OK"
2025-12-29 00:11:06,030 - root - INFO - URL分析完成: https://wawplus.com/, 结果: 钓鱼网站
2025-12-29 00:11:06,031 - root - INFO - 开始检测URL: https://learn.microsoft.com/en-us/answers/questions/2360793/whatsapp-web-sign-in
2025-12-29 00:11:06,031 - root - INFO - 开始分析URL: https://learn.microsoft.com/en-us/answers/questions/2360793/whatsapp-web-sign-in
2025-12-29 00:11:16,833 - httpx - INFO - HTTP Request: POST https://svip.xty.app/v1/chat/completions "HTTP/1.1 200 OK"
2025-12-29 00:11:16,835 - root - INFO - URL分析完成: https://learn.microsoft.com/en-us/answers/questions/2360793/whatsapp-web-sign-in, 结果: 安全网站
2025-12-29 00:11:16,837 - root - INFO - 开始检测URL: https://sites.google.com/view/webwhatsapp-comlink/
2025-12-29 00:11:16,837 - root - INFO - 开始分析URL: https://sites.google.com/view/webwhatsapp-comlink/
2025-12-29 00:11:27,412 - httpx - INFO - HTTP Request: POST https://svip.xty.app/v1/chat/completions "HTTP/1.1 200 OK"
2025-12-29 00:11:27,413 - root - INFO - URL分析完成: https://sites.google.com/view/webwhatsapp-comlink/, 结果: 钓鱼网站
2025-12-29 00:11:27,414 - root - INFO - 开始检测URL: https://www.androidauthority.com/whatsapp-web-3076775/
2025-12-29 00:11:27,414 - root - INFO - 开始分析URL: https://www.androidauthority.com/whatsapp-web-3076775/
2025-12-29 00:11:34,960 - httpx - INFO - HTTP Request: POST https://svip.xty.app/v1/chat/completions "HTTP/1.1 200 OK"
2025-12-29 00:11:34,961 - root - INFO - URL分析完成: https://www.androidauthority.com/whatsapp-web-3076775/, 结果: 安全网站
2025-12-29 00:11:34,962 - root - INFO - 开始检测URL: https://sblglobal.com/en/whatsapp-web/
2025-12-29 00:11:34,963 - root - INFO - 开始分析URL: https://sblglobal.com/en/whatsapp-web/
2025-12-29 00:11:41,740 - httpx - INFO - HTTP Request: POST https://svip.xty.app/v1/chat/completions "HTTP/1.1 200 OK"
2025-12-29 00:11:41,742 - root - INFO - URL分析完成: https://sblglobal.com/en/whatsapp-web/, 结果: 钓鱼网站
2025-12-29 00:11:41,743 - root - INFO - 开始检测URL: https://apps.microsoft.com/detail/9nksqgp7f2nh?hl=en-US&gl=US
2025-12-29 00:11:41,743 - root - INFO - 开始分析URL: https://apps.microsoft.com/detail/9nksqgp7f2nh?hl=en-US&gl=US
2025-12-29 00:11:48,107 - httpx - INFO - HTTP Request: POST https://svip.xty.app/v1/chat/completions "HTTP/1.1 200 OK"
2025-12-29 00:11:48,109 - root - INFO - URL分析完成: https://apps.microsoft.com/detail/9nksqgp7f2nh?hl=en-US&gl=US, 结果: 安全网站
2025-12-29 00:11:48,109 - root - INFO - 开始检测URL: https://apps.apple.com/us/app/whatsapp-messenger/id310633997
2025-12-29 00:11:48,109 - root - INFO - 开始分析URL: https://apps.apple.com/us/app/whatsapp-messenger/id310633997
2025-12-29 00:11:54,135 - httpx - INFO - HTTP Request: POST https://svip.xty.app/v1/chat/completions "HTTP/1.1 200 OK"
2025-12-29 00:11:54,137 - root - INFO - URL分析完成: https://apps.apple.com/us/app/whatsapp-messenger/id310633997, 结果: 安全网站
2025-12-29 00:11:54,138 - root - INFO - 开始检测URL: https://github.com/SuperTimo99/WhatsApp
2025-12-29 00:11:54,138 - root - INFO - 开始分析URL: https://github.com/SuperTimo99/WhatsApp
2025-12-29 00:12:12,928 - httpx - INFO - HTTP Request: POST https://svip.xty.app/v1/chat/completions "HTTP/1.1 200 OK"
2025-12-29 00:12:12,929 - root - INFO - URL分析完成: https://github.com/SuperTimo99/WhatsApp, 结果: 安全网站
2025-12-29 00:12:12,929 - root - INFO - 开始检测URL: https://github.com/SuperTimo99/WhatsApp/blob/master/README.md
2025-12-29 00:12:12,929 - root - INFO - 开始分析URL: https://github.com/SuperTimo99/WhatsApp/blob/master/README.md
2025-12-29 00:12:24,585 - httpx - INFO - HTTP Request: POST https://svip.xty.app/v1/chat/completions "HTTP/1.1 200 OK"
2025-12-29 00:12:24,586 - root - INFO - URL分析完成: https://github.com/SuperTimo99/WhatsApp/blob/master/README.md, 结果: 安全网站
2025-12-29 00:12:24,587 - root - INFO - 开始检测URL: https://web.whatsap.com/
2025-12-29 00:12:24,588 - root - INFO - 开始分析URL: https://web.whatsap.com/
2025-12-29 00:12:37,704 - httpx - INFO - HTTP Request: POST https://svip.xty.app/v1/chat/completions "HTTP/1.1 200 OK"
2025-12-29 00:12:37,705 - root - INFO - URL分析完成: https://web.whatsap.com/, 结果: 安全网站
2025-12-29 00:12:37,706 - root - INFO - 开始检测URL: https://exploit-collector.rssing.com/chan-69772403/all_p452.html
2025-12-29 00:12:37,706 - root - INFO - 开始分析URL: https://exploit-collector.rssing.com/chan-69772403/all_p452.html
2025-12-29 00:12:48,568 - httpx - INFO - HTTP Request: POST https://svip.xty.app/v1/chat/completions "HTTP/1.1 200 OK"
2025-12-29 00:12:48,570 - root - INFO - URL分析完成: https://exploit-collector.rssing.com/chan-69772403/all_p452.html, 结果: 钓鱼网站
2025-12-29 00:12:48,571 - root - INFO - 使用缓存的检测结果: https://en.wikipedia.org/wiki/WhatsApp
2025-12-29 00:12:48,571 - root - INFO - 开始检测URL: https://www.lokman.org/category/hong-kong/
2025-12-29 00:12:48,571 - root - INFO - 开始分析URL: https://www.lokman.org/category/hong-kong/
2025-12-29 00:12:58,406 - httpx - INFO - HTTP Request: POST https://svip.xty.app/v1/chat/completions "HTTP/1.1 200 OK"
2025-12-29 00:12:58,408 - root - INFO - URL分析完成: https://www.lokman.org/category/hong-kong/, 结果: 安全网站
2025-12-29 00:12:58,409 - root - INFO - 开始检测URL: https://www.socialmediatoday.com/content/aa12aparsaeoe0aecsc34a14saoe-aaa12eyeeuaecy
2025-12-29 00:12:58,409 - root - INFO - 开始分析URL: https://www.socialmediatoday.com/content/aa12aparsaeoe0aecsc34a14saoe-aaa12eyeeuaecy
2025-12-29 00:13:09,661 - httpx - INFO - HTTP Request: POST https://svip.xty.app/v1/chat/completions "HTTP/1.1 200 OK"
2025-12-29 00:13:09,662 - root - INFO - URL分析完成: https://www.socialmediatoday.com/content/aa12aparsaeoe0aecsc34a14saoe-aaa12eyeeuaecy, 结果: 钓鱼网站
2025-12-29 00:13:09,663 - root - INFO - 开始检测URL: https://play.google.com/store/apps/details?id=com.whatsapp&hl=en_US
2025-12-29 00:13:09,663 - root - INFO - 开始分析URL: https://play.google.com/store/apps/details?id=com.whatsapp&hl=en_US
2025-12-29 00:13:18,951 - httpx - INFO - HTTP Request: POST https://svip.xty.app/v1/chat/completions "HTTP/1.1 200 OK"
2025-12-29 00:13:18,952 - root - INFO - URL分析完成: https://play.google.com/store/apps/details?id=com.whatsapp&hl=en_US, 结果: 安全网站
2025-12-29 00:13:18,952 - root - INFO - 开始检测URL: https://www.socialmediatoday.com/content/e34ae1csafeye-reccsc12coeeyeeuaeeueeuf
2025-12-29 00:13:18,953 - root - INFO - 开始分析URL: https://www.socialmediatoday.com/content/e34ae1csafeye-reccsc12coeeyeeuaeeueeuf
2025-12-29 00:13:25,924 - httpx - INFO - HTTP Request: POST https://svip.xty.app/v1/chat/completions "HTTP/1.1 200 OK"
2025-12-29 00:13:25,926 - root - INFO - URL分析完成: https://www.socialmediatoday.com/content/e34ae1csafeye-reccsc12coeeyeeuaeeueeuf, 结果: 钓鱼网站
2025-12-29 00:13:25,933 - root - INFO - 开始检测URL: https://www.socialmediatoday.com/content/aearaayzcaeaeaeaoc-ccp
2025-12-29 00:13:25,933 - root - INFO - 开始分析URL: https://www.socialmediatoday.com/content/aearaayzcaeaeaeaoc-ccp
2025-12-29 00:13:34,818 - httpx - INFO - HTTP Request: POST https://svip.xty.app/v1/chat/completions "HTTP/1.1 200 OK"
2025-12-29 00:13:34,820 - root - INFO - URL分析完成: https://www.socialmediatoday.com/content/aearaayzcaeaeaeaoc-ccp, 结果: 钓鱼网站
2025-12-29 00:13:34,821 - root - INFO - 使用缓存的检测结果: https://helpx.adobe.com/acrobat/using/validating-digital-signatures.html
2025-12-29 00:13:34,821 - root - INFO - 使用缓存的检测结果: https://helpx.adobe.com/acrobat/using/create-verify-pdf-accessibility.html
2025-12-29 00:13:34,821 - root - INFO - 使用缓存的检测结果: https://xodo.com/validate-pdfa
2025-12-29 00:13:34,821 - root - INFO - 使用缓存的检测结果: https://www.pdf2go.com/validate-pdfa
2025-12-29 00:13:34,822 - root - INFO - 使用缓存的检测结果: https://helpx.adobe.com/acrobat/desktop/e-sign-documents/manage-digital-signatures/certify-pdfs.html
2025-12-29 00:13:34,822 - root - INFO - 开始检测URL: https://www.pdfen.com/pdf-a-validator
2025-12-29 00:13:34,822 - root - INFO - 开始分析URL: https://www.pdfen.com/pdf-a-validator
2025-12-29 00:13:42,710 - httpx - INFO - HTTP Request: POST https://svip.xty.app/v1/chat/completions "HTTP/1.1 200 OK"
2025-12-29 00:13:42,711 - root - INFO - URL分析完成: https://www.pdfen.com/pdf-a-validator, 结果: 钓鱼网站
2025-12-29 00:13:42,711 - root - INFO - 开始检测URL: https://avepdf.com/pdfa-validation
2025-12-29 00:13:42,711 - root - INFO - 开始分析URL: https://avepdf.com/pdfa-validation
2025-12-29 00:13:50,192 - httpx - INFO - HTTP Request: POST https://svip.xty.app/v1/chat/completions "HTTP/1.1 200 OK"
2025-12-29 00:13:50,194 - root - INFO - URL分析完成: https://avepdf.com/pdfa-validation, 结果: 安全网站
2025-12-29 00:13:50,195 - root - INFO - 使用缓存的检测结果: https://www.pdfforge.org/online/en/validate-pdfa
2025-12-29 00:13:50,195 - root - INFO - 开始检测URL: https://stackoverflow.com/questions/569129/how-can-i-test-a-pdf-document-if-it-is-pdf-a-compliant
2025-12-29 00:13:50,195 - root - INFO - 开始分析URL: https://stackoverflow.com/questions/569129/how-can-i-test-a-pdf-document-if-it-is-pdf-a-compliant
2025-12-29 00:13:55,035 - httpx - INFO - HTTP Request: POST https://svip.xty.app/v1/chat/completions "HTTP/1.1 200 OK"
2025-12-29 00:13:55,035 - root - INFO - URL分析完成: https://stackoverflow.com/questions/569129/how-can-i-test-a-pdf-document-if-it-is-pdf-a-compliant, 结果: 安全网站
2025-12-29 00:13:55,035 - root - INFO - 开始检测URL: https://pdfix.net/solutions/pdf-validation/
2025-12-29 00:13:55,035 - root - INFO - 开始分析URL: https://pdfix.net/solutions/pdf-validation/
2025-12-29 00:14:02,820 - httpx - INFO - HTTP Request: POST https://svip.xty.app/v1/chat/completions "HTTP/1.1 200 OK"
2025-12-29 00:14:02,822 - root - INFO - URL分析完成: https://pdfix.net/solutions/pdf-validation/, 结果: 安全网站
2025-12-29 00:14:02,824 - root - INFO - 开始检测URL: https://www.reddit.com/r/pdf/comments/1eehkj4/how_to_check_the_authenticity_of_a_pdf_document/
2025-12-29 00:14:02,824 - root - INFO - 开始分析URL: https://www.reddit.com/r/pdf/comments/1eehkj4/how_to_check_the_authenticity_of_a_pdf_document/
2025-12-29 00:14:09,447 - httpx - INFO - HTTP Request: POST https://svip.xty.app/v1/chat/completions "HTTP/1.1 200 OK"
2025-12-29 00:14:09,449 - root - INFO - URL分析完成: https://www.reddit.com/r/pdf/comments/1eehkj4/how_to_check_the_authenticity_of_a_pdf_document/, 结果: 安全网站
2025-12-29 00:14:09,449 - root - INFO - 开始检测URL: https://pdf.wondershare.com/pdf-knowledge/pdfa-validator.html
2025-12-29 00:14:09,449 - root - INFO - 开始分析URL: https://pdf.wondershare.com/pdf-knowledge/pdfa-validator.html
2025-12-29 00:14:24,060 - httpx - INFO - HTTP Request: POST https://svip.xty.app/v1/chat/completions "HTTP/1.1 200 OK"
2025-12-29 00:14:24,061 - root - INFO - URL分析完成: https://pdf.wondershare.com/pdf-knowledge/pdfa-validator.html, 结果: 安全网站
2025-12-29 00:14:24,061 - root - INFO - 使用缓存的检测结果: https://helpx.adobe.com/africa/acrobat/using/validating-digital-signatures.html
2025-12-29 00:14:24,061 - root - INFO - 开始检测URL: https://www.govinfo.gov/about/authentication
2025-12-29 00:14:24,061 - root - INFO - 开始分析URL: https://www.govinfo.gov/about/authentication
2025-12-29 00:14:31,777 - httpx - INFO - HTTP Request: POST https://svip.xty.app/v1/chat/completions "HTTP/1.1 200 OK"
2025-12-29 00:14:31,779 - root - INFO - URL分析完成: https://www.govinfo.gov/about/authentication, 结果: 安全网站
2025-12-29 00:14:31,780 - root - INFO - 开始检测URL: https://superuser.com/questions/773343/validate-verify-pdf-files-integrity
2025-12-29 00:14:31,780 - root - INFO - 开始分析URL: https://superuser.com/questions/773343/validate-verify-pdf-files-integrity
2025-12-29 00:14:36,760 - httpx - INFO - HTTP Request: POST https://svip.xty.app/v1/chat/completions "HTTP/1.1 200 OK"
2025-12-29 00:14:36,761 - root - INFO - URL分析完成: https://superuser.com/questions/773343/validate-verify-pdf-files-integrity, 结果: 安全网站
2025-12-29 00:14:36,761 - root - INFO - 开始检测URL: https://allyant.com/commonlook-accessibility-suite/cl-pdf-validator/
2025-12-29 00:14:36,762 - root - INFO - 开始分析URL: https://allyant.com/commonlook-accessibility-suite/cl-pdf-validator/
2025-12-29 00:14:46,774 - httpx - INFO - HTTP Request: POST https://svip.xty.app/v1/chat/completions "HTTP/1.1 200 OK"
2025-12-29 00:14:46,776 - root - INFO - URL分析完成: https://allyant.com/commonlook-accessibility-suite/cl-pdf-validator/, 结果: 安全网站
2025-12-29 00:14:46,776 - root - INFO - 使用缓存的检测结果: https://www.unisg.ch/fileadmin/user_upload/HSG_ROOT/_Kernauftritt_HSG/Universitaet/Bibliothek/Free_Flow/Anleitung_PruefenUndKonvertieren_PDFa_ENG.pdf
2025-12-29 00:14:46,776 - root - INFO - 开始检测URL: https://www.adobe.com/in/acrobat/roc/blog/validate-digital-signatures-emudhra.html
2025-12-29 00:14:46,777 - root - INFO - 开始分析URL: https://www.adobe.com/in/acrobat/roc/blog/validate-digital-signatures-emudhra.html
2025-12-29 00:15:26,286 - httpx - INFO - HTTP Request: POST https://svip.xty.app/v1/chat/completions "HTTP/1.1 200 OK"
2025-12-29 00:15:26,287 - root - INFO - URL分析完成: https://www.adobe.com/in/acrobat/roc/blog/validate-digital-signatures-emudhra.html, 结果: 安全网站
2025-12-29 00:15:26,287 - root - INFO - 使用缓存的检测结果: https://www.dochub.com/en/main-features/digital-signatures-validation
2025-12-29 00:15:26,287 - root - INFO - 开始检测URL: https://online.visual-paradigm.com/online-pdf-editor/pdfa-validator/
2025-12-29 00:15:26,287 - root - INFO - 开始分析URL: https://online.visual-paradigm.com/online-pdf-editor/pdfa-validator/
2025-12-29 00:15:34,944 - httpx - INFO - HTTP Request: POST https://svip.xty.app/v1/chat/completions "HTTP/1.1 200 OK"
2025-12-29 00:15:34,945 - root - INFO - URL分析完成: https://online.visual-paradigm.com/online-pdf-editor/pdfa-validator/, 结果: 安全网站
2025-12-29 00:15:34,946 - root - INFO - 开始检测URL: https://www.afr.com/company/asx/tls
2025-12-29 00:15:34,946 - root - INFO - 开始分析URL: https://www.afr.com/company/asx/tls
2025-12-29 00:15:43,232 - httpx - INFO - HTTP Request: POST https://svip.xty.app/v1/chat/completions "HTTP/1.1 200 OK"
2025-12-29 00:15:43,232 - root - INFO - URL分析完成: https://www.afr.com/company/asx/tls, 结果: 安全网站
2025-12-29 00:15:43,233 - root - INFO - 开始检测URL: https://www.telecomtv.com/content/private-networks/telecomtv-s-top-10-stories-2025-part-2-54572/amp/
2025-12-29 00:15:43,233 - root - INFO - 开始分析URL: https://www.telecomtv.com/content/private-networks/telecomtv-s-top-10-stories-2025-part-2-54572/amp/
2025-12-29 00:15:53,444 - httpx - INFO - HTTP Request: POST https://svip.xty.app/v1/chat/completions "HTTP/1.1 200 OK"
2025-12-29 00:15:53,446 - root - INFO - URL分析完成: https://www.telecomtv.com/content/private-networks/telecomtv-s-top-10-stories-2025-part-2-54572/amp/, 结果: 安全网站
2025-12-29 00:15:53,447 - root - INFO - 开始检测URL: https://www.telstra.com.au/connected
2025-12-29 00:15:53,447 - root - INFO - 开始分析URL: https://www.telstra.com.au/connected
2025-12-29 00:15:59,040 - httpx - INFO - HTTP Request: POST https://svip.xty.app/v1/chat/completions "HTTP/1.1 200 OK"
2025-12-29 00:15:59,042 - root - INFO - URL分析完成: https://www.telstra.com.au/connected, 结果: 安全网站
2025-12-29 00:15:59,043 - root - INFO - 开始检测URL: https://www.telstra.com.au/business-enterprise/news-research
2025-12-29 00:15:59,044 - root - INFO - 开始分析URL: https://www.telstra.com.au/business-enterprise/news-research
2025-12-29 00:16:07,189 - httpx - INFO - HTTP Request: POST https://svip.xty.app/v1/chat/completions "HTTP/1.1 200 OK"
2025-12-29 00:16:07,190 - root - INFO - URL分析完成: https://www.telstra.com.au/business-enterprise/news-research, 结果: 安全网站
2025-12-29 00:16:07,190 - root - INFO - 开始检测URL: https://www.theguardian.com/business/telstra
2025-12-29 00:16:07,190 - root - INFO - 开始分析URL: https://www.theguardian.com/business/telstra
2025-12-29 00:16:17,034 - httpx - INFO - HTTP Request: POST https://svip.xty.app/v1/chat/completions "HTTP/1.1 200 OK"
2025-12-29 00:16:17,036 - root - INFO - URL分析完成: https://www.theguardian.com/business/telstra, 结果: 安全网站
2025-12-29 00:16:17,037 - root - INFO - 开始检测URL: https://www.tcs.com/what-we-do/services/network-solutions-and-services/case-study/telstra-transforms-network-infrastructure-boost-connectivity
2025-12-29 00:16:17,037 - root - INFO - 开始分析URL: https://www.tcs.com/what-we-do/services/network-solutions-and-services/case-study/telstra-transforms-network-infrastructure-boost-connectivity
2025-12-29 00:16:27,887 - httpx - INFO - HTTP Request: POST https://svip.xty.app/v1/chat/completions "HTTP/1.1 200 OK"
2025-12-29 00:16:27,889 - root - INFO - URL分析完成: https://www.tcs.com/what-we-do/services/network-solutions-and-services/case-study/telstra-transforms-network-infrastructure-boost-connectivity, 结果: 安全网站
2025-12-29 00:16:27,890 - root - INFO - 开始检测URL: https://www.telstra.com.au/connected/news
2025-12-29 00:16:27,890 - root - INFO - 开始分析URL: https://www.telstra.com.au/connected/news
2025-12-29 00:17:30,563 - httpx - INFO - HTTP Request: POST https://svip.xty.app/v1/chat/completions "HTTP/1.1 200 OK"
2025-12-29 00:17:30,565 - root - INFO - URL分析完成: https://www.telstra.com.au/connected/news, 结果: 安全网站
2025-12-29 00:17:30,566 - root - INFO - 开始检测URL: https://www.capacitymedia.com/telstra
2025-12-29 00:17:30,566 - root - INFO - 开始分析URL: https://www.capacitymedia.com/telstra
2025-12-29 00:17:36,668 - httpx - INFO - HTTP Request: POST https://svip.xty.app/v1/chat/completions "HTTP/1.1 200 OK"
2025-12-29 00:17:36,670 - root - INFO - URL分析完成: https://www.capacitymedia.com/telstra, 结果: 安全网站
2025-12-29 00:17:36,670 - root - INFO - 开始检测URL: https://www.telstrainternational.com/en/news-research/articles
2025-12-29 00:17:36,671 - root - INFO - 开始分析URL: https://www.telstrainternational.com/en/news-research/articles
2025-12-29 00:17:44,430 - httpx - INFO - HTTP Request: POST https://svip.xty.app/v1/chat/completions "HTTP/1.1 200 OK"
2025-12-29 00:17:44,430 - root - INFO - URL分析完成: https://www.telstrainternational.com/en/news-research/articles, 结果: 安全网站
2025-12-29 00:17:44,431 - root - INFO - 开始检测URL: https://www.telstrainternational.com/en/news-research/articles/telstra-international-unveils-vision-for-network-of-the-future
2025-12-29 00:17:44,431 - root - INFO - 开始分析URL: https://www.telstrainternational.com/en/news-research/articles/telstra-international-unveils-vision-for-network-of-the-future
2025-12-29 00:17:52,852 - httpx - INFO - HTTP Request: POST https://svip.xty.app/v1/chat/completions "HTTP/1.1 200 OK"
2025-12-29 00:17:52,854 - root - INFO - URL分析完成: https://www.telstrainternational.com/en/news-research/articles/telstra-international-unveils-vision-for-network-of-the-future, 结果: 安全网站
2025-12-29 00:17:52,855 - root - INFO - 开始检测URL: https://totaltele.com/telstra-international-unveils-vision-for-its-network-of-the-future/
2025-12-29 00:17:52,855 - root - INFO - 开始分析URL: https://totaltele.com/telstra-international-unveils-vision-for-its-network-of-the-future/
2025-12-29 00:18:06,889 - httpx - INFO - HTTP Request: POST https://svip.xty.app/v1/chat/completions "HTTP/1.1 200 OK"
2025-12-29 00:18:06,891 - root - INFO - URL分析完成: https://totaltele.com/telstra-international-unveils-vision-for-its-network-of-the-future/, 结果: 安全网站
2025-12-29 00:18:06,893 - root - INFO - 开始检测URL: https://www.telstrahealth.com/blog/
2025-12-29 00:18:06,893 - root - INFO - 开始分析URL: https://www.telstrahealth.com/blog/
2025-12-29 00:18:20,935 - openai._base_client - INFO - Retrying request to /chat/completions in 0.758778 seconds
2025-12-29 00:18:28,082 - httpx - INFO - HTTP Request: POST https://svip.xty.app/v1/chat/completions "HTTP/1.1 200 OK"
2025-12-29 00:18:28,082 - root - INFO - URL分析完成: https://www.telstrahealth.com/blog/, 结果: 安全网站
2025-12-29 00:18:28,082 - root - INFO - 开始检测URL: https://www.tikr.com/blog/is-telstras-connected-future-strategy-delivering-enough-momentum
2025-12-29 00:18:28,082 - root - INFO - 开始分析URL: https://www.tikr.com/blog/is-telstras-connected-future-strategy-delivering-enough-momentum
2025-12-29 00:18:37,599 - httpx - INFO - HTTP Request: POST https://svip.xty.app/v1/chat/completions "HTTP/1.1 200 OK"
2025-12-29 00:18:37,601 - root - INFO - URL分析完成: https://www.tikr.com/blog/is-telstras-connected-future-strategy-delivering-enough-momentum, 结果: 安全网站
2025-12-29 00:18:37,602 - root - INFO - 开始检测URL: https://www.gartner.com/reviews/market/unified-communications-as-a-service/vendor/telstra
2025-12-29 00:18:37,602 - root - INFO - 开始分析URL: https://www.gartner.com/reviews/market/unified-communications-as-a-service/vendor/telstra
2025-12-29 00:18:46,859 - httpx - INFO - HTTP Request: POST https://svip.xty.app/v1/chat/completions "HTTP/1.1 200 OK"
2025-12-29 00:18:46,861 - root - INFO - URL分析完成: https://www.gartner.com/reviews/market/unified-communications-as-a-service/vendor/telstra, 结果: 安全网站
2025-12-29 00:18:46,862 - root - INFO - 开始检测URL: https://spectrum.ieee.org/tag/telstra
2025-12-29 00:18:46,862 - root - INFO - 开始分析URL: https://spectrum.ieee.org/tag/telstra
2025-12-29 00:18:55,725 - httpx - INFO - HTTP Request: POST https://svip.xty.app/v1/chat/completions "HTTP/1.1 200 OK"
2025-12-29 00:18:55,727 - root - INFO - URL分析完成: https://spectrum.ieee.org/tag/telstra, 结果: 安全网站
2025-12-29 00:18:55,727 - root - INFO - 开始检测URL: https://telecom.economictimes.indiatimes.com/tag/telstra
2025-12-29 00:18:55,727 - root - INFO - 开始分析URL: https://telecom.economictimes.indiatimes.com/tag/telstra
2025-12-29 00:19:04,236 - httpx - INFO - HTTP Request: POST https://svip.xty.app/v1/chat/completions "HTTP/1.1 200 OK"
2025-12-29 00:19:04,238 - root - INFO - URL分析完成: https://telecom.economictimes.indiatimes.com/tag/telstra, 结果: 安全网站
2025-12-29 00:19:04,239 - root - INFO - 开始检测URL: https://www.ericsson.com/en/cases/2025/telstra-5g-network-slicing-for-australian-enterprises
2025-12-29 00:19:04,240 - root - INFO - 开始分析URL: https://www.ericsson.com/en/cases/2025/telstra-5g-network-slicing-for-australian-enterprises
2025-12-29 00:19:11,724 - httpx - INFO - HTTP Request: POST https://svip.xty.app/v1/chat/completions "HTTP/1.1 200 OK"
2025-12-29 00:19:11,725 - root - INFO - URL分析完成: https://www.ericsson.com/en/cases/2025/telstra-5g-network-slicing-for-australian-enterprises, 结果: 安全网站
2025-12-29 00:19:11,725 - root - INFO - 开始检测URL: https://www.lightreading.com/finance/telstra-hikes-profit-by-a-third-but-stumbles-in-mobile-race
2025-12-29 00:19:11,725 - root - INFO - 开始分析URL: https://www.lightreading.com/finance/telstra-hikes-profit-by-a-third-but-stumbles-in-mobile-race
2025-12-29 00:19:20,355 - httpx - INFO - HTTP Request: POST https://svip.xty.app/v1/chat/completions "HTTP/1.1 200 OK"
2025-12-29 00:19:20,357 - root - INFO - URL分析完成: https://www.lightreading.com/finance/telstra-hikes-profit-by-a-third-but-stumbles-in-mobile-race, 结果: 安全网站
2025-12-29 00:19:20,357 - root - INFO - 使用缓存的检测结果: https://helpx.adobe.com/acrobat/using/create-verify-pdf-accessibility.html
2025-12-29 00:19:20,358 - root - INFO - 使用缓存的检测结果: https://helpx.adobe.com/acrobat/using/validating-digital-signatures.html
2025-12-29 00:19:20,358 - root - INFO - 使用缓存的检测结果: https://www.pdfen.com/pdf-a-validator
2025-12-29 00:19:20,358 - root - INFO - 使用缓存的检测结果: https://www.pdfforge.org/online/en/validate-pdfa
2025-12-29 00:19:20,358 - root - INFO - 使用缓存的检测结果: https://helpx.adobe.com/acrobat/desktop/e-sign-documents/manage-digital-signatures/certify-pdfs.html
2025-12-29 00:19:20,358 - root - INFO - 使用缓存的检测结果: https://pdf.wondershare.com/pdf-knowledge/pdfa-validator.html
2025-12-29 00:19:20,358 - root - INFO - 使用缓存的检测结果: https://www.pdf2go.com/validate-pdfa
2025-12-29 00:19:20,358 - root - INFO - 使用缓存的检测结果: https://stackoverflow.com/questions/569129/how-can-i-test-a-pdf-document-if-it-is-pdf-a-compliant
2025-12-29 00:19:20,358 - root - INFO - 使用缓存的检测结果: https://pdfix.net/solutions/pdf-validation/
2025-12-29 00:19:20,358 - root - INFO - 使用缓存的检测结果: https://avepdf.com/pdfa-validation
2025-12-29 00:19:20,358 - root - INFO - 使用缓存的检测结果: https://xodo.com/validate-pdfa
2025-12-29 00:19:20,358 - root - INFO - 使用缓存的检测结果: https://helpx.adobe.com/africa/acrobat/using/validating-digital-signatures.html
2025-12-29 00:19:20,358 - root - INFO - 开始检测URL: https://pdfa.org/pdfa-online-verification-service/
2025-12-29 00:19:20,359 - root - INFO - 开始分析URL: https://pdfa.org/pdfa-online-verification-service/
2025-12-29 00:19:28,732 - httpx - INFO - HTTP Request: POST https://svip.xty.app/v1/chat/completions "HTTP/1.1 200 OK"
2025-12-29 00:19:28,734 - root - INFO - URL分析完成: https://pdfa.org/pdfa-online-verification-service/, 结果: 安全网站
2025-12-29 00:19:28,735 - root - INFO - 使用缓存的检测结果: https://superuser.com/questions/773343/validate-verify-pdf-files-integrity
2025-12-29 00:19:28,735 - root - INFO - 使用缓存的检测结果: https://online.visual-paradigm.com/online-pdf-editor/pdfa-validator/
2025-12-29 00:19:28,735 - root - INFO - 使用缓存的检测结果: https://www.unisg.ch/fileadmin/user_upload/HSG_ROOT/_Kernauftritt_HSG/Universitaet/Bibliothek/Free_Flow/Anleitung_PruefenUndKonvertieren_PDFa_ENG.pdf
2025-12-29 00:19:28,735 - root - INFO - 开始检测URL: https://www.pdf-online.com/osa/validate.aspx
2025-12-29 00:19:28,735 - root - INFO - 开始分析URL: https://www.pdf-online.com/osa/validate.aspx
2025-12-29 00:19:34,837 - httpx - INFO - HTTP Request: POST https://svip.xty.app/v1/chat/completions "HTTP/1.1 200 OK"
2025-12-29 00:19:34,839 - root - INFO - URL分析完成: https://www.pdf-online.com/osa/validate.aspx, 结果: 钓鱼网站
2025-12-29 00:19:34,840 - root - INFO - 开始检测URL: https://answers.acrobatusers.com/How-check-pdf-conformance-Adobe-acrobat-pro-q33226.aspx
2025-12-29 00:19:34,840 - root - INFO - 开始分析URL: https://answers.acrobatusers.com/How-check-pdf-conformance-Adobe-acrobat-pro-q33226.aspx
2025-12-29 00:19:44,170 - openai._base_client - INFO - Retrying request to /chat/completions in 0.814648 seconds
2025-12-29 00:19:54,172 - httpx - INFO - HTTP Request: POST https://svip.xty.app/v1/chat/completions "HTTP/1.1 200 OK"
2025-12-29 00:19:54,174 - root - INFO - URL分析完成: https://answers.acrobatusers.com/How-check-pdf-conformance-Adobe-acrobat-pro-q33226.aspx, 结果: 安全网站
2025-12-29 00:19:54,174 - root - INFO - 开始检测URL: https://xodo.com/blog/how-to-validate-pdfa
2025-12-29 00:19:54,174 - root - INFO - 开始分析URL: https://xodo.com/blog/how-to-validate-pdfa
2025-12-29 00:20:05,439 - httpx - INFO - HTTP Request: POST https://svip.xty.app/v1/chat/completions "HTTP/1.1 200 OK"
2025-12-29 00:20:05,440 - root - INFO - URL分析完成: https://xodo.com/blog/how-to-validate-pdfa, 结果: 安全网站
2025-12-29 00:20:05,440 - root - INFO - 开始检测URL: https://verapdf.org/
2025-12-29 00:20:05,440 - root - INFO - 开始分析URL: https://verapdf.org/
2025-12-29 00:20:12,585 - httpx - INFO - HTTP Request: POST https://svip.xty.app/v1/chat/completions "HTTP/1.1 200 OK"
2025-12-29 00:20:12,587 - root - INFO - URL分析完成: https://verapdf.org/, 结果: 安全网站
2025-12-29 00:20:12,595 - root - INFO - 数据已保存到: .\result_20251228230500.json
2025-12-29 00:20:12,595 - root - INFO - 结果已保存到: .\result_20251228230500.json，共 24 个条目
2025-12-29 00:20:12,605 - root - INFO - 数据已保存到: .\phishing_cache.json
2025-12-29 00:20:12,605 - root - INFO - 缓存已更新: .\phishing_cache.json，共 434 个条目
2025-12-29 00:20:12,605 - root - INFO - 处理完成，共处理 24 个新项目
2025-12-29 00:20:12,606 - root - INFO - ==== PINISH流程执行完成 ====
