url,url_hash
https://www.foxnews.com/us/burger-king-employee-killed-in-florida-shooting,89fdfa4c54864374df0d10942a3ae143
https://www.vice.com/en/article/why-are-some-people-saying-dylann-roof-was-given-special-treatment-when-he-was-arrested-623/,f8a742376debf76f06d20f6f5ec9d41e
https://www.ajc.com/news/national/cops-got-burger-king-meal-for-charleston-shooting-suspect-after-arrest/HnxwiiQT1V4zQVIh6wZ5MP/,bf84880f040769cf84b6497f20830ed5
https://www.mirror.co.uk/news/world-news/cops-bought-dylann-roof-burger-5936727,4f8884edd5845db9940414f76377e0fc
https://www.dailymail.co.uk/news/article-3135477/amp/Cops-treated-Dylann-Roof-free-Burger-King-meal-Charleston-church-shooter-complained-feeling-hungry-reveals-police-chief.html,80c396f4fb4ff100576f547fb58db339
https://www.dailymail.co.uk/news/article-3135477/Cops-treated-Dylann-Roof-free-Burger-King-meal-Charleston-church-shooter-complained-feeling-hungry-reveals-police-chief.html,706f866f030ff8b9faf49f877a6fd9b0
https://www.businessinsider.com/chick-fil-a-opening-sunday-rumors-false-ny-bill-explained-2023-12,436ce01fccdd63775b67edb1ccb02694
https://www.businessinsider.com/chick-fil-a-closes-on-sunday-why-2019-7,82ce6c070e0393ddda762fc19e955dd7
https://www.aol.com/lifestyle/real-reason-why-chick-fil-105608472.html,3aafdee72b031d7a8dea3219a90abbae
https://247wallst.com/food/2024/12/08/why-is-chick-fil-a-closed-on-sundays-and-how-does-that-affect-their-business/,1f1f8a061da38f58a7ab11ef5d9cd68b
https://menu-chickfila.com/why-is-chick-fil-a-closed-on-sundays/,acc9b3afea61d9d72e9d13f3b213c8fb
https://www.facebook.com/groups/indivisiblealbuquerque/posts/4278067992333718/,0d913f1115045abb8cc28e5b70bee850
https://www.naplesnews.com/story/news/2023/12/20/chickfila-sunday-new-york-state-closure-bill-religion-fast-food/71982113007,84f921ad0b1f8abe79637ea25d71f64a
https://www.businessinsider.com/gun-violence-mass-shootings-thoughts-prayers-cliche-politics-sympathy-condolences-2021-5,2ed4003cda34141531063661721d7eac
https://www.aol.com/america-cant-become-mass-shootings-161847872.html,5667c1995cc92d89b5a9a9af4c92aedc
https://web.archive.org/web/20151005065906/http:/www.usatoday.com/story/news/politics/2015/10/02/11-mass-shootings-11-speeches-how-obama-has-responded/73177526/,bd1e016de64c5c7f67a0936961d38d37
https://www.benzinga.com/news/19/08/14203024/read-former-president-obamas-response-to-recent-mass-shootings,6bebcd4f8b2bad50150b24064e6dd92d
https://www.usatoday.com/story/news/politics/2025/08/28/obama-minneapolis-shooting-numb/85866495007/,97f3cd8516534f18add32e9ab8c83148
https://slate.com/news-and-politics/2015/10/barack-obama-statement-on-oregon-umpqua-community-college-shooting.html,c4920ed9cff6910899ae39a300ba0318
https://global.zjgxinyuan.com/blog/chanel-trans-90271/,6da99858afd741fb360c8feb059c4044
https://mall.cybersonics-inc.com/guide/chanel-west-coast-was-a-boy-69083/,6da2a617ef2557bcb0205d0f92378fbd
https://confidentials.com/body/bruce-to-caitlyn-a-shapeshifter-tale,aa6d6207cf789634960e500d908e29d3
https://www.usatoday.com/story/life/people/2015/01/15/bruce-jenner-cover-photoshop-transphobia-on-display/21810895,9a2f84ac96069f78d45a720e8bac4540
https://www.intouchweekly.com/posts/chanel-west-coast-was-a-guy-rumors-155147,52cc8fca14e91ab0fca21e14075399f0
https://www.washingtonexaminer.com/opinion/2264577/obama-repeats-18-school-shootings-in-2018-lie/,c41ed6e006cac44af02cebd326692345
https://web.archive.org/web/20210305235633/https:/www.washingtonpost.com/news/fact-checker/wp/2015/12/03/obamas-inconsistent-claim-on-the-frequency-of-mass-shootings-in-the-u-s-compared-to-other-countries/,f236b9ea04dfb31cc1052644e0c7da90
https://www.usatoday.com/story/news/politics/2016/06/12/14-mass-shootings-14-speeches-how-obama-has-responded/85798652/,40f1d853b9148ad25c9827192de211c7
https://eu.jacksonville.com/story/news/2016/07/08/fact-check-have-more-mass-shootings-occurred-under-obama-than-his-predecessors/12926006007,a408672b55ad21cdc2ac5e6c6b2eb126
https://www.indy100.com/news/the-cops-who-arrested-dylann-roof-bought-him-some-burger-king-7271516,22b7446323d11ffd93dad231148d1ed5
https://www.oxfordlearnersdictionaries.com/definition/english/said_1,48590fea753196332f0778c341f9f751
https://www.fox13news.com/news/married-couple-arrested-property-fraud-thanks-hillsborough-countys-alert-system,1dd95392d78af2d3a25b9becb35b12de
https://www.clickorlando.com/news/investigators/2023/06/27/real-estate-investor-claims-brevard-county-deputy-falsely-arrested-him-for-burglary/,512550dc24c31362cdcdb25312f13e0b
https://www.collinsdictionary.com/dictionary/english/a,189c1ed7f591717bd777691f416545c2
https://www.wlns.com/news/local-news/spring-arbor-couple-jailed-in-mexico-daughter-says,2f1d106f4827c2ac37225c2d1dd56e67
https://www.politico.com/live-updates/2024/10/01/vance-walz-vp-debate-tonight/vances-past-trump-comments-00182072,0c4b3954e16b119106a46f4a7a21d74a
https://www.theatlantic.com/politics/archive/2024/10/trump-military-generals-hitler/680327/,29290d7cbb44fbf9a4fa91d2f9f75c28
https://www.reuters.com/world/us/trump-i-have-not-read-hitlers-mein-kampf-2023-12-20,877f62ec05b4f0f5d5e2d86eaf6cf482
https://www.washingtonpost.com/politics/2023/12/19/trump-denies-mein-kampf-hitler,566781f3ecf943436c26bbb2d3eec79e
https://news.yahoo.com/unapologetic-donald-trump-says-exact-023144594.html,9563de8d8d832540479b9fbc80f2d5bb
https://www.the-independent.com/news/world/americas/us-politics/trump-hitler-comparison-joe-biden-b2467342.html,b7d0abc18955a0d277c93bfbe3ed75c0
https://www.vice.com/en/article/history-of-red-solo-cup/,2d8bb59173b09111f6e732bd91213b7a
https://www.smithsonianmag.com/smart-news/red-party-cup-american-icon-solo-cup-180961603/,e4fc6f6b95cf17c83cc4d2ad23e43a97
https://www.azsolo.com/,a818f4adfaa8b546c16e0949faa8888f
https://www.politifact.com/article/2015/nov/13/political-group-takes-aim-ben-carsons-past-statem2/,e706a6ca95e834cec7b20b4cf652a467
https://www.the-independent.com/news/world/americas/us-politics/ben-carson-says-abortion-should-be-outlawed-even-in-cases-of-rape-and-incest-a6708411.html,9510db7623be9fc9b2170d87a363ad0d
https://www.dailykos.com/stories/2015/10/25/1438987/-Ben-Carson-Rape-victims-demanding-abortions-are-like-slave-owners,9f65021566568b2c70d906106bcd73ac
https://www.dailymotion.com/video/x9s74hg,e40b12fdace24175d35b1bb6e13f96c7
https://www.independent.co.uk/news/world/americas/anonymous-threatens-to-expose-identities-of-1-000-ku-klux-klan-members-a6713471.html,eb8b4ffe01df4cb19444f4960df38404
https://www.vice.com/en/article/anonymous-hackers-officially-dox-hundreds-of-alleged-kkk-members/,ae51f5cee1fca6f565e8618f399bc42a
https://www.zhihu.com/question/389783186,09241c96cbca572bdb33f6e04dea6128
https://mashable.com/archive/anonymous-hoods-off-kkk,27484c3d52aaf00b2b4632a77b20dab9
https://www.express.co.uk/news/world/625884/Drug-lord-El-Chapo-declares-war-ISIS,46cc9bae9f2303e7dff65b91a72adc80
https://www.nasa.gov/image-of-the-day/,be646b96cd2a8395c6553d5274861691
https://www.space.com/31118-earth-darkness-hoax-debunked.html?cmpid=514648,4afdecae419181d7a4202ddfa2765b56
https://earthsky.org/earth/days-of-darkness-nasa-blackout-warning-november-2017,b254ebe53b70affc4959c6ad9d8ddc35
https://www.al.com/news/2015/10/nasa_says_earth_will_be_plunge.html,406f285f69c3c56407af3aaaceeada6d
https://apnews.com/hub/syria,5654e38ccf5c8ef94a868c537345f85d
https://finance.yahoo.com/news/steve-jobs-never-knew-biological-190411719.html,489e389bd7211e9c92017ccaa626ffc1
https://www.jpost.com/jewish-world/judaism/comment-the-jewish-side-of-steve-jobs,657ea08a64aea2da76d9bdedd53a6d2d
https://www.businessinsider.com/isis-message-tashfeen-malik-posted-on-facebook-during-attack-2015-12,7a449fb08a4ede165e50b2a5e23c4c66
https://economictimes.indiatimes.com/topic/tashfeen-malik,c0bd5911baec0af652791e254ad5ca36
https://economictimes.indiatimes.com/news/international/world-news/california-woman-shooter-tashfeen-malik-was-radicalised-operative-reports/articleshow/50104298.cms,c9f79391bb20be4156d2412269301681
https://www.thedailybeast.com/report-female-shooter-swore-allegiance-to-isis?jwsource=cl,073e4dbb8aa78b2678f0120e8c6c5b46
http://blog.godreports.com/2015/12/who-is-tashfeen-malik-the-black-widow-of-san-bernardino-shootings/,327f82a26d1eeed63b2817c99b648c47
https://www.the-independent.com/news/world/americas/el-chapo-reports-mexican-drug-leader-joaquin-guzman-declared-war-on-isis-proven-false-a6768861.html,577f1aa71746c93170e9f5490096c2f3
https://www.washingtontimes.com/news/2015/dec/10/joaquin-guzman-el-chapo-threatens-isis-my-men-will/,f7c9ac5fd38417a3c0d336c02843b7cc
https://www.collinsdictionary.com/dictionary/english/said,9a188f3ef113bd562007a940d7362251
https://www.fbi.gov/news/RSS,75336168716f832a3845ef8da5bdc7b2
https://www.mirror.co.uk/news/world-news/worlds-biggest-drug-kingpin-el-6989805?ICID=,0ba3cd8246da6ed3d579e251dcb7dcff
https://www.imdb.com/news/ni58958709/,6bc8e431a3f025f3e6662ec68b560a4c
https://www.thethings.com/james-earl-jones-death-rumors-hoax/,7f1b8866a748bf66ba9c9b1b1bd1d771
https://www.goerie.com/story/entertainment/columns/2015/09/10/jones-won-t-take-death/24940387007/,4c18a6cee182f8785ff71ffdbac2377c
https://wgntv.com/news/james-earl-jones-is-not-dead-just-the-latest-victim-of-an-internet-hoax/,6cadae93b408feb6a4b08b1ce4bd955d
https://www.yahoo.com/entertainment/articles/celebrities-were-victim-viral-death-205603760.html,b8ddbadb78a647fbb8894922ab0520e4
https://www.pennlive.com/entertainment/2016/06/celebrity_hoax_death_fake_jack_black.html,8c665dcc2457ac40f2c27644991df8d9
https://www.imdb.com/news/ni58958709,1887c15105e0f75d0313f7418f2c1d4e
https://www.thethings.com/james-earl-jones-death-rumors-hoax,1fda652e5eac6b80addda6e79127431b
https://web.archive.org/web/20230301191714/https:/lansingdaily.com/world/homeless-couple-found-living-in-walmart-attic-with-hot-plate-meth-lab-and-42%E2%80%B3-led-tv/,66a25ef9bf355a4af552bf995336296a
https://www.studocu.com/en-us/document/fayetteville-technical-community-college/basic-anat-physiology/homeless-na/52168122,f957baf32aab6a8e14e4f7ad5b57b2d4
https://www.theodysseyonline.com/couple-lived-walmart-years,25b448c110e96d0f45cd0f0653164de8
https://www.reuters.com/article/fact-check/claims-about-a-homeless-couple-living-in-a-walmart-attic-stem-from-debunked-webs-idUSL1N35A21B/,ecc27c23032448a1236e935468cbc144
https://www.independent.co.uk/arts-entertainment/tv/news/piers-morgan-jay-z-beyonce-jaguar-wright-b2626556.html,f7fb5bc00462e57dc5d7240401051507
https://www.mirror.co.uk/3am/celebrity-news/beyonce-jay-z-trying-buy-6030277,3ff01a71f5ed7c92baae193aef2f8dd2
https://www.cbsnews.com/colorado/news/mcdonalds-play-areas-pot-smoking-centers/,2a53af9044e5d8ab0b562e1e4b3e5845
https://komonews.com/news/offbeat/pot-smokers-prefer-mcdonalds,2ccb8711344642979ab5a13377876957
https://katv.com/news/offbeat/pot-smokers-prefer-mcdonalds,b91395d0763f76459edff5326f45fec4
https://www.vice.com/en/article/mcdonalds-play-places-weed-lounges/,0d4260f2d5a8b91b185aaa0ac3172400
https://www.mirror.co.uk/news/weird-news/mcdonalds-plan-cannabis-smoking-section-6626052,0c9a78669319c5b0f4ec6c212eac699e
https://www.oregonlive.com/today/2018/04/no_mcdonalds_in_colorado_is_no.html,77e8e15fd24971f7f6aa2e12286a0a58
https://nationalpost.com/pmn/news-pmn/not-real-news-mcdonalds-not-adding-pot-smoking-centres,d6697cf05d51f9bd0de6bbb673bcd3c3
https://stacker.com/stories/louisiana/where-refugees-louisiana-are-arriving,cf705de1aaf95b0f9385a227afc1350c
https://web.archive.org/web/20151119163315/https:/www.washingtonpost.com/news/worldviews/wp/2015/11/18/france-says-it-will-take-30000-syrian-refugees-while-u-s-republicans-would-turn-them-away/,7cbfa28a762eea3631825f66d580e4e4
https://www.nola.com/news/politics/article_4d2d9faa-990d-5579-b94d-3a094e863229.html,c3cd7d2e8f1ffd81a107f4fb687b4f69
https://www.unodc.org/documents/data-and-analysis/tip/2021/GLOTiP_2020_15jan_web.pdf,4994266b6aca6e2168d12a6faeb7debe
"https://telegrafi.com/en/Steve-Jobs'-father-was-also-a-refugee-from-Syria,-here-is-an-interesting-story-about-his-life/",a878b816de922627c6bfafc0496be5e9
https://telegrafi.com/en/edhe-babai-i-steve-jobs-ishte-refugjat-nga-siria-ja-rrefimi-interesant-per-jeten-e-tij/,20579992699d6a13eee711c665ecbc4e
https://economictimes.com/opinion/just-in-jest/the-half-syrian-steve-jobs-seriously/articleshow/116183019.cms,6dc006d8800435e715941e7b394431eb
https://www.the-independent.com/news/people/refugee-crisis-steve-jobs-was-a-syrian-migrant-s-child-too-tech-community-observes-10489651.html,fbc06d16d19f169179619375ec13dc12
https://www.usatoday.com/story/tech/columnist/baig/2015/11/16/steve-jobs-biological-father-syrian-migrant-some-note/75899450,11f65c741a8e07d48e31d26be5cfb7c3
https://www.politifact.com/factchecks/2019/apr/25/viral-image/no-border-guards-didnt-seize-guns-and-ammunition-m/,d2c8654d4c15be42160629b439ee5671
https://www.renegadetribune.com/greeks-find-container-with-aid-for-refugees-filled-with-weapons-and-ammunition,978cc8419ed6dccb631fce26a60c11d6
https://www.smithsonianmag.com/smart-news/scientists-finally-identified-this-glowing-transparent-mystery-mollusk-after-nearly-25-years-of-puzzling-180985510/,5623110900a4d61d03c360d05d1a270b
https://telegrafi.com/en/nje-krijese-aliene-u-pa-ne-nje-plazh-ne-kaliforni/,20843ae625d79d5d845697d2746d911d
https://telegrafi.com/en/It's-an-alien.-Mysterious-footage-sparks-speculation-in-California./?noamp=mobile,d2b52b04653a614ea9c63d682a334c21
https://www.upi.com/Odd_News/2025/07/29/mysterious-figure-Compton-California/4101753812444/,60af5bed21cc475abe6405507739d599
https://ouramerica.abc7.com/post/compton-alien-surveillance-video-prompts-online-speculation-extraterrestrial-sighting-outside-home/17246972/,8a82c7261ad8bea9d74ab0aceba7d762
https://urbanlegend.fandom.com/wiki/Fresno_Nightcrawler,0ecdb51305739cdda320bb6de635946b
https://www.yahoo.com/lifestyle/origins-fresno-nightcrawler-pants-shaped-141002370.html,b3bdabe5d1831901f0e0eab073a54108
https://www.yahoo.com/news/donald-trumps-capture-reportedly-worth-205905543.html,47b26503e4acbc0ea51b5c1feb9105ee
https://www.dictionary.com/browse/seventy,c6ce8a1eba8b53aabfc71fd166ba67a8
https://www.collinsdictionary.com/us/dictionary/english/seventy,4dd1c20f49696ac6e0d03fadc31de308
https://www.businessinsider.com/kim-davis-eye-of-the-tiger-jail-2015-9,36accaf1d303b9a1ed62b0291f6c7dd4
https://www.cbsnews.com/news/survivor-slams-kim-davis-for-using-eye-of-the-tiger/,6b63a33ebdadbce786cd1e88dc969915
https://www.usatoday.com/story/news/nation-now/2015/09/09/survivor-frontman-frankie-sullivan-slams-kim-davis-eye-tiger/71926710,3838954aae8c85527f5a031bd906f16f
https://www.billboard.com/music/rock/survivor-kentucky-county-clerk-kim-davis-eye-tiger-rally-6686080,4b47bca2d045a6e0ba44581fefab0ccb
https://www.thedailybeast.com/eye-of-the-tiger-band-slams-kim-davis,b261218906fa44dce56cf6ec1f6e8517
https://www.politifact.com/factchecks/2025/sep/23/donald-trump/president-donald-trump-said-theres-no-downside-to/,a411fe01e27f4b3a06b196b810885360
https://www.chicagotribune.com/1986/02/15/8-states-ban-tylenol-capsules/,3ae900b0c260d266275cb58c3eec2cd1
http://twittertrails.wellesley.edu/~trails/stories/investigate.php?id=328538805,fd0ec0f826399070d1ec07d536036274
https://www.cbsnews.com/news/starbucks-minimalist-holiday-cup-war-on-christmas,ea21f55687b45c2d7c58f9c9af042aff
https://www.tastingtable.com/1155114/the-time-starbucks-red-cups-stirred-up-a-world-of-controversy,e11a3135f8dd948611aa1ea50136077c
https://www.businessinsider.in/thelife/calm-down-rumors-about-kfc-mutant-chickens-are-not-real/articleshow/31186341.cms,f9dc415bb23f615ec95592cd397adf99
https://www.businessinsider.com/kfc-mutant-chicken-rumors-are-not-real-2016-2,abd53353b15a91b6e0fe25e26f1d8833
https://www.businessinsider.in/Calm-Down-Rumors-About-KFC-Mutant-Chickens-Are-Not-Real/articleshow/31186341.cms,4545e8a30a058734d771e8adfa86f883
https://www.businessinsider.in/kfc-just-proved-rumors-of-its-mutant-chickens-are-not-real/articleshow/50853615.cms,47e5540f3c1d5258a0d3c6c56892bc06
https://www.vice.com/en/article/kfc-has-shot-down-a-lawsuit-claiming-it-breeds-mutant-chickens/,26c77c6253fe7862fa7a05d557fa2f85
https://fortune.com/2016/02/04/kfc-mutant-chickens-china/,73a64718d03ebf104d09d6fbb0c1d84a
https://karc2.karnataka.gov.in/pdf/6th_report_of_karc2_en.pdf,6cbd9dc35abc476466419c873c306076
"http://cpor.org/ia/Pollan,Michael%282006%29Omnivore'sDilemma.docx",d0d13318b39f3a959763d17a44e5349d
https://www.tastingtable.com/1943034/kfc-name-myth-lab-grown-mutant-chickens,ae2a361bfd7471d2f1c88d2fb6963aa8
http://www.cchla.ufpb.br/pgle/?page_id=8,884420b2f23c8f0d6e57c729c29c475a
http://www.homeworkgain.com/wp-content/uploads/edd/2019/07/20190305023736business_ethics_a_stakeholder_and_issues_management_approach_6th_edition-1-1.pdf,466a17527e99d044913219b640e365ca
https://www.express.co.uk/celebrity-news/1636303/sylvester-stallone-fortune-net-worth-homeless-dog-rocky-script-millionaire-celebrity-spt,a1c30c8a9aa17d72333054805bb81f20
https://www.cbr.com/sylvester-stallone-dog-rocky-repurchased-15000,ce5821776a91f0e6bc8e27efb0f2c2da
https://www.cbsnews.com/news/obama-responds-to-san-bernardino-shooting/,7b25301e74216fd575500b1bad265731
https://www.collinsdictionary.com/us/english-language-learning/former,ff17ec0649ca3974cad5ea84be4bca8b
https://www.thesaurus.com/browse/former,bc939d6ff20ebbcc3958bc35df1ca22a
https://www.aljazeera.com/news/2015/12/4/obama-us-gun-violence-has-no-parallel-in-the-world,ac492879c8d9b6a15467c6906e5ef1fa
https://www.cnbc.com/2015/06/18/obama-this-type-of-mass-violence-doesnt-happen-in-other-advanced-countries.html,641045e20579b3100dc9eff436e80cd0
https://web.archive.org/web/20240127135911/https:/www.huffpost.com/entry/supreme-court-urged-rule-trump-ineligible-president-again-over-jan_n_65b500afe4b0d407294f429a,2fa38c721ef7a869624dc7d40403193f
https://www.yahoo.com/entertainment/white-house-press-secretary-trump-comments-disqualify-him-185622270.html,8114b21a212b270ac800a30d37af2a78
https://abc7news.com/post/kfc-refutes-customers-claim-that-he-was-served-fried-rat-with-chicken-tenders/790292/,3d8e6ec3add70646b8950f7ed129bbfc
https://abc11.com/post/kfc-refutes-customers-claim-that-he-was-served-fried-rat-with-chicken-tenders/790292/,11ad4d2ac9697ea3abfd5e0d9d666101
https://indianexpress.com/article/trending/days-after-rat-fry-goes-viral-kfc-calls-a-hoax/,2410a59df1dc9dde15346f793a5cc947
https://abc7news.com/kfc-kentucky-fried-chicken-california-watts/790292,3c6f007377795dbf803f9a94ccb49c30
https://local12.com/news/local/a-kfc-customer-claims-he-got-a-fried-rat-kfc-dna-tests-prove-it39s-chicken,52b1dd4cdaaa2f3470c5c3d6817f5dcb
https://pmc.ncbi.nlm.nih.gov/articles/PMC5851501/,65d78db0e566c7034f31085586f231d2
https://www.usnews.com/news/articles/2017-01-09/plumber-whose-decaled-truck-went-to-syria-settles-lawsuit,052f083ed2d47d271515db9c98c87405
https://www.fox9.com/news/texas-plumber-sues-after-truck-sold-to-terrorists,fbb14e932f2d3039e8a126feec783c1a
https://www.khou.com/article/news/local/plumber-sues-for-1-million-after-truck-ends-up-with-isis/285-53670048,058df95a70f9f5342d1197b3b2f188c7
https://www.foxnews.com/politics/press-apologizes-to-jindal-for-tweet-on-syria-policy,2acd8b9015853865c5f490c0f9486d2b
https://www.britannica.com/place/Louisiana-state,ce5676597dd1302f5fa4b17beffe438d
https://indianexpress.com/article/explained/explained-global/donald-trump-disqualified-election-ballots-president-9087789/,44198511a73da411887d673387315bf1
https://economictimes.indiatimes.com/topic/trump-disqualification,a35d7cdf51d7fa1f3624c5be23f45fb9
https://gazettengr.com/donald-trump-cant-be-disqualified-from-running-for-u-s-president-supreme-court/?tztc=1,bfb54b376c480d0e9b259a450db55fc1
https://www.politico.com/live-updates/2024/11/08/congress/trump-rejects-pompeo-haley-for-cabinet-00188619,1ec7cb79ba0e63247d0f02de56e8ef61
https://www.foxnews.com/world/feds-warn-of-bogus-batch-of-syrian-passports-amid-report-isis-can-print-them,91fd03c9429f8c38cc7e8f5abfe2fc52
https://www.ndtv.com/world-news/bombers-fake-passport-roils-the-migrant-issue-1244635,0fece37331278b1fe44d513e89dedc83
https://www.independent.co.uk/news/uk/home-news/thousands-of-immigrants-travelling-with-fake-passports-failing-to-be-stopped-by-authorities-as-threat-of-extremists-entering-uk-intensifies-9688145.html,a41aceda49b17ec570d27c9f54628bcf
https://pmc.ncbi.nlm.nih.gov/articles/PMC11429070/,a3cb9ed47103c3fdea2b83cac180261b
https://www.jacksonville.com/story/news/2016/07/08/fact-check-have-more-mass-shootings-occurred-under-obama-than-his-predecessors/12926006007,1ab01968aec9d4b75b36b9b1c5d54089
https://www.fox5ny.com/news/hoax-letter-claimed-drug-lord-el-chapo-threatened-war-on-isis,0237859eef542094fa47adb1427ece52
https://www.independent.co.uk/news/world/americas/el-chapo-reports-mexican-drug-leader-joaquin-guzman-declared-war-on-isis-proven-false-a6768861.html,b699e345e26fe098015c378d61a47fb8
https://www.fox4news.com/news/el-chapo-threat-of-war-on-isis-a-hoax,3b9cd449edea15725c3837342a336606
https://www.britannica.com/place/Mexico/Daily-life-and-social-customs,19e714c280ba13eb90191831f261771e
https://www.forbes.com/sites/doliaestevez/2015/12/10/drug-kingpin-el-chapo-guzman-reportedly-threatens-to-retaliate-against-isis/,4dcb8fbb00aa6ef32dcddf7ca3f2b30f
https://www.reuters.com/investigations/inside-cias-secret-fight-against-mexicos-drug-cartels-2025-09-10/,656a0bdcb006261ddcef2f3b23aebd09
https://apnews.com/article/mexico-joaquin-el-chapo-guzman-ba6371384d76f942c04201d588f7c6fc,4fbc0870a32b8b2de85ce40d9e1e1710
https://www.thestreet.com/restaurants/chick-fil-a-makes-a-major-announcement-for-columbus-day-2025,df1332e4ed01400122d6f318a29c8da1
https://www.businessinsider.in/politics/world/news/the-rumors-are-false-new-york-isnt-forcing-chick-fil-a-to-open-on-sundays/articleshow/106362470.cms,9b80469d11d4215240a2a627f0bbd082
https://fortune.com/2023/12/22/new-york-bill-force-chick-fil-a-break-long-standing-policy-close-sundays/,1d6fe008d6413e6c9ccdf7dec6f1740e
https://www.aol.com/article/2015/07/30/people-in-china-develop-phobia-of-escalators-after-fatal-acciden/21216073,2f5c5fa1285c9b01dc94fb37798e530f
https://www.businessinsider.com/mcdonalds-minimum-wage-workers-organizing-union-pay-fight-for-15-2021-2,4b549a9ce3bfe9b95fa9a9e8b4d80ef3
https://www.businessinsider.com/fast-food-workers-will-strike-for-15-minimum-wage-2021-1,5ae8f67fa0b5f4807814ec2ccd2af0fd
https://www.businessinsider.com/mcdonalds-worker-minimum-wage-15-congress-starvation-wages-2021-7,cda86275424af405520ac07f1226d023
https://www.npr.org/2025/03/20/nx-s1-5334417/ben-jerrys-ceo-removed-unilever-lawsuit-activism,0306f23711ca42fee86a94f938a56242
https://www.the-independent.com/news/world/europe/paris-attacks-the-truth-behind-viral-story-of-zouheir-the-muslim-hero-security-guard-who-stopped-suicide-bomber-at-stade-de-france-a6737981.html,8d7d6fe8d5f274c9550a388d6d7cdecb
https://www.britannica.com/event/Paris-attacks-of-2015,db044961a142f67d34a15569a24e3eae
https://web.archive.org/web/20151115003141/http:/www.nytimes.com/2015/11/15/world/europe/paris-terrorist-attacks.html,fa4e1e21d7adae8d5300d290e69e810d
https://web.archive.org/web/20151116030634/http:/www.telegraph.co.uk/news/worldnews/europe/france/11996678/Paris-terror-attacks-victims-isil-suspects-Syria-arrests-live.html,6ae4651b839a9b54364665cdd2975925
https://web.archive.org/web/20190515060240/https:/www.theguardian.com/world/live/2015/nov/15/paris-attacker-named-investigation-continues-live-updates,ef6e098178329663c34b846cbf34fbae
https://www.business-standard.com/article/pti-stories/quick-thinking-averted-massacre-at-paris-attacks-stadium-115111700184_1.html,25ba11d0f7f24ecc7c5dae858f0bc55a
https://www.yahoo.com/news/paris-attacks-muslim-guard-stade-de-france-suicide-bomber-171955539.html,eecf24bcb3f988aa3398d5bf6c82251a
https://www.dailymail.co.uk/news/article-3337928/Hero-guard-saved-France-baby-faced-bomber-football-stadium-stopping-sneaking-turnstile-detonating-vest-thousands-fans-President-Hollande.html,83878f5eb9b160ca27877f79ef4050cc
https://www.space.com/31118-earth-darkness-hoax-debunked.html,733c53095348575fa97b640c9ba12357
https://www.jacksonville.com/story/news/2015/10/13/fact-check-fake-news-site-leaving-many-dark/15683747007/,4143cd5bfeb0ce6d75d712cb98055480
https://time.com/7322340/government-shutdown-immigrants-healthcare/,3094c81550d9dc947fc415eacbed8e5c
https://www.aol.com/articles/fact-focus-democrats-did-not-183033456.html,b37ae65e339b5d3b8de0e578bda36784
https://www.aol.com/articles/gop-falsely-ties-shutdown-democrats-174717236.html,27cdd023ea8718e54ee40a422f267ae1
https://www.usnews.com/news/us/articles/2025-10-01/fact-focus-democrats-did-not-shut-down-the-government-to-give-health-care-to-illegal-immigrants,82fc025201d979fbad03d1de95d77bfc
https://apnews.com/article/fact-check-government-shutdown-health-care-immigrant-11b3ec0066407a17b407bc8e43962fd9,6bbeb2b6f66bc9741ffaa170485f500e
https://www.oregonlive.com/nation/2025/10/no-democrats-didnt-shut-down-the-government-to-give-health-care-to-illegal-immigrants-fact-check.html,bbebfe58c8ce99a92788e5e4adb9dc99
https://www.aol.com/articles/democrats-shut-down-government-over-110011255.html,d1c7f8ddbffffbabc5e1568eacd71ff7
https://www.newsweek.com/donald-trump-doubles-down-impossible-drug-price-cuts-2108365,7d076875a2a4445c3a1194fceb53b404
https://www.yahoo.com/news/articles/trump-promises-drug-prices-down-201500814.html,b8c3a6632a7b8375a63da7eb4fc04097
https://www.usnews.com/news/us/articles/2025-08-04/fact-focus-trump-says-hes-cut-drug-prices-by-up-to-1-500-thats-not-possible,9bead93afddd5f4e1b2567f763287f64
https://apnews.com/article/fact-check-trump-prescription-drug-prices-drop-b3e5bf8a98310de45e39d3911d112979,b2b58c6868bab91f992bfe561a130afc
https://economictimes.indiatimes.com/news/international/global-trends/us-news-trumps-most-favored-nation-drug-pricing-policy-and-how-will-it-reduce-costs-slash-prescription-drug-prices-by-30-to-80-percent/articleshow/121109365.cms?from=mdr,42ad02ed3d681f71f9ce9ae123231d66
https://economictimes.indiatimes.com/topic/tylenol-pregnancy-autism,86401a246dc0643268f9b0023c09ff3e
https://wtop.com/health-fitness/2025/09/trump-links-autism-to-acetaminophen-use-during-pregnancy-despite-decades-of-evidence-its-safe/,97d9ebfeff271e3a0d9f40ea4d54ad43
https://ktvz.com/health/cnn-health/2025/09/22/fda-will-advise-doctors-about-link-between-autism-acetaminophen-use-during-pregnancy-trump-says/,3aee58b3a51f0ffb2e9593b7b875b63f
https://www.aol.com/articles/fact-focus-look-false-misleading-212538012.html,c6aebff8daa0d0ad59a0a5b9f776336e
https://www.britannica.com/news/305494/0847ee76eedecbd5e9baa6888b567d66,34a88c5339d28aeab21eef9ce7243b82
https://economictimes.indiatimes.com/news/international/us/trump-warns-pregnant-women-to-avoid-tylenol-over-autism-fears-but-tylenol-maker-insists-its-completely-safe-heres-what-moms-need-to-know-now/articleshow/124058446.cms,ef0dde0613787857ab24f5cbb488d0a1
https://apnews.com/hub/donald-trump,26d95d95c64b0ed7b4044964d7e63f8c
https://www.reuters.com/business/healthcare-pharmaceuticals/trump-expected-link-autism-with-tylenol-experts-say-more-research-needed-2025-09-22/,99de22c99cf0d2f1e85a45b553c526b6
https://nationalpost.com/news/world/trump-administration-autism,3d3e1f28931b6d125b8b42a0f129b78e
https://kesq.com/health/cnn-health/2025/09/04/mass-shootings-and-antidepressants-are-not-linked-experts-respond-to-robert-f-kennedy-jr-s-suggestions/,8f3bc62e99bc932ab63ea410a3a9bc51
https://keyt.com/health/cnn-health/2025/09/04/mass-shootings-and-antidepressants-are-not-linked-experts-respond-to-robert-f-kennedy-jr-s-suggestions/,5019f3cb110133d767ffb56644ec587b
https://www.jezebel.com/rfk-jr-suggests-antidepressants-could-be-the-reason-for-mass-shootings-ignores-guns,aa22bc4c86dff9963dc1cbeb1d9f760d
https://nextshark.com/rfk-jr-links-video-games-antidepressants-to-us-mass-shootings,50fde4bcb495014242bf6383d01fe927
https://www.kcrw.com/news/shows/npr/npr-story/nx-s1-5533191,a8bccb51e15dea2eda73c88e63dd1f81
https://www.start.umd.edu/news/start-in-the-news/no-there-not-epidemic-shootings-trans-people,25ee0fef301a55bfc4d94ea933dea863
https://www.reuters.com/article/fact-check/majority-of-us-mass-shooters-are-cis-men-not-transgender-or-non-binary-people-idUSL1N363273/,7cf65a6e1b662f87e6f76ed3b6d197d7
https://apnews.com/article/fact-check-transgender-nashville-shooting-misinformation-cd62492d066d41e820c138256570978c,100b625d511280ec89669c144d115243
https://www.usatoday.com/story/news/nation/2025/08/29/shooting-minnesota-school-transgender-online-untruths/85876291007/,d7e59d842f50fc25a57b998c5143d247
https://www.reuters.com/article/fact-check/majority-of-us-mass-shooters-are-cis-men-not-transgender-or-non-binary-people-idUSL1N363273,a57130e0c652953dac4b2d30311b798f
https://www.reuters.com/article/fact-check/most-mass-school-shootings-are-not-carried-out-by-transgender-people-2024-09-06,a5cb2179b131cd48faf15e9ea161a0f9
https://www.aol.com/majority-dems-gerrymandering-never-acceptable-141205887.html,bad051f2287f56199f4ee3776c39ea48
https://ballotpedia.org/Party_control_of_California_state_government,5679074d74cbfddf7ed71dc58f955115
https://www.poynter.org/fact-checking/2025/washington-dc-homicide-rate-worst-on-earth,ba9da934f828b25bc3b33ea1e018dfcf
https://www.politifact.com/factchecks/2025/aug/12/donald-trump/washington-dc-homicide-rate-international,85bb643318f7626fd61cee109b81d4c8
https://fortune.com/2025/10/14/america-going-broke-jpmorgan-david-kelly-debt-tariffs/,aa5d5e8b7942a2652554673d77d1c39c
https://fortune.com/2025/08/17/trump-tariffs-pay-national-debt-interest/,11ed967cf3ad8f2640fd9024e8cd3108
https://fortune.com/2025/09/22/trumps-tariff-bringing-very-significant-revenue-national-debt-taxes/,5ca16f2f2e41a9d8c26f32ad37dbd864
https://timesofindia.indiatimes.com/business/international-business/trumps-tariff-treasure-us-taking-in-so-much-money-but-where-is-it-going/articleshow/123145823.cms,c96b94958374ed33d57873d1afe316b0
https://thehill.com/business/5253952-trump-pitch-to-use-tariffs-to-pay-down-debt-a-chancy-bet/,91efadf7cb124b34c52a7c47105fa1d4
https://www.cnbc.com/2025/04/03/trump-tariffs-goals-deficit-jobs.html,ae4e530c5ea7a4f0c27c810c0c49acf9
https://www.reuters.com/world/us/trumps-tariffs-could-reduce-us-deficit-by-4-trillion-cbo-estimates-2025-08-22/,bb297cf12060bbec0961fbbf3346ade5
https://www.usnews.com/news/us/articles/2025-06-04/trumps-tariffs-would-cut-us-deficits-by-2-8t-over-10-years-and-shrink-the-economy-cbo-says,caca43a6dff9e4f1a4ffa984e3f581c8
https://apnews.com/article/cbo-trump-tariffs-cut-deficits-shrink-economy-18a07a73b72a31a164b15835dd34fd61,7bf01fc8c7235da7f63da30bc55c1673
https://indianexpress.com/article/world/trump-demands-harvard-disclose-names-countries-of-foreign-students-10028451/,357349c82ff717eb0b4cc6af4b0971c6
https://www.cnbc.com/2025/05/22/trump-harvard-students-international.html,0b699d21434b4c3c72042e8d25a6876c
https://www.reuters.com/world/us/trump-blocks-harvards-ability-enroll-international-students-nyt-reports-2025-05-22/,8e3f7b4e399c29707fcd207068179319
https://www.npr.org/2025/04/14/nx-s1-5364829/trump-administration-freezes-funds-after-harvard-rejects-dei-demands,b0174676016d12450c3b0cd4a56a14e9
https://www.cnn.com/2025/05/22/us/harvard-university-trump-international-students,5fa8e1f580dd05ac2b0a96302ee9c0b9
https://www.aljazeera.com/news/2025/5/22/trump-blocks-harvards-ability-to-enroll-international-students-nyt-report,0f190e3b8ccd21b478d3f31eada39e1c
https://www.aljazeera.com/news/2025/5/29/is-harvard-refusing-to-tell-trump-admin-who-its-international-students-are,29ee8ed8097539a2faabb8bae85da096
https://www.independent.co.uk/news/uk/home-news/keir-starmer-downing-street-russia-friedrich-merz-false-b2749483.html,0195f7ddd1d6d834bd23cf7c3a7ad670
https://www.aljazeera.com/news/2025/5/14/factcheck-was-cocaine-on-the-table-in-macron-video-with-starmer-merz,a291c667d58bc72665f58cd16beea0fa
https://www.reuters.com/fact-check/paper-tissue-not-cocaine-table-starmer-macron-merz-head-kyiv-2025-05-14/,1c83354c73bc817f0638035b97514cf1
https://www.reuters.com/world/europe/european-leaders-head-kyiv-show-support-after-putins-parade-2025-05-09/,2e6a14a632e1571b3241a49039700380
https://newsweek.com/ukraine-macron-cocaine-kyiv-claims-2070760,ac0ac8fe0e122e476802074bbc775eab
https://www.poynter.org/fact-checking/2025/united-states-only-country-mail-voting/,f3b5e83052b2a1251382011727033598
https://www.politifact.com/factchecks/2025/aug/18/donald-trump/mail-voting-elections-Trump-Russia-Ukraine/,f65e405dd865ab6b59c853755e7d67a6
https://time.com/7310391/trump-mail-in-ballots-midterms-votes/,a8d7f0a6521681fb0541e759b64733f3
https://www.hindustantimes.com/world-news/us-news/what-are-mail-in-ballots-here-are-the-countries-that-use-this-voting-method-101755539398873.html,01bb979be7b52a77fdd7d63efce3d676
https://www.wral.com/story/fact-check-trump-said-the-us-is-the-only-country-that-uses-mail-in-voting/22144002/,e55bae3ccf282f502f9a54891afc2745
https://www.wral.com/story/fact-check-trump-falsely-claims-us-is-only-country-that-uses-mail-in-voting/22122541/,27751aa5262356578a958137f5777df5
https://abc17news.com/news/2025/08/18/fact-check-trump-falsely-claims-us-is-only-country-that-uses-mail-in-voting/,89e5b329eef1ca2bb09757343565ba96
https://www.aol.com/news/assessing-claims-mail-voting-electoral-185004556.html,5f46430419959d508d4cdeaaa46b60d7
https://www.washingtontimes.com/news/2024/feb/6/senates-illegal-alien-amnesty-bill-will-crush-this/,4b6264a79ddf94dd809dc9a7007dcf94
https://mashable.com/article/nyt-connections-hint-answer-today-october-14-2025,37d323f056883d4ad1f3b283c86ab7fd
https://www.abc10.com/article/news/local/california/californias-self-defense-bill-causes-controversy/103-b162d8f9-376d-40f1-9502-355370d653c1,ab3a46f8b50dea0aa236dd6c2f1a58c5
https://www.abc10.com/article/news/politics/california-self-defense-bill-pulled-due-misleading-information/103-078c5b64-f8c8-4cad-9f55-413310a8cd3c,efc6f6ce11420a3919d48067f125aff3
https://www.poynter.org/fact-checking/2025/fema-sent-59-million-luxury-hotels-new-york-immigrants/,82034f2fecaa7aecc2a760e0c4028a7f
https://thepostmillennial.com/breaking-dhs-pulls-59-million-fema-payment-to-nyc-luxury-hotels-to-house-illegal-immigrants,0ec7e1495d7976551fcdbdd0a319be73
https://www.politico.com/news/2025/02/14/fema-contradicts-trump-disaster-aid-migrants-00203975,bf21d60a5aa03ec27535950e44ca2de8
https://www.politifact.com/factchecks/2025/feb/14/elon-musk/fema-did-not-give-disaster-relief-money-to-new-yor/,5be9d5fbcceb6aee1fb42ab68671dbbe
https://nypost.com/2025/02/10/us-news/fema-sent-59m-last-week-to-luxury-nyc-hotels-to-house-illegal-migrants-elon-musk-says/,0f550cb72dca69ab904b4ce015aa1c3a
https://www.yahoo.com/news/fema-says-halting-payments-migrant-225906497.html,3ff96fe24ec944df7e55942e5f69a230
https://www.usnews.com/news/us/articles/2025-02-12/fact-focus-fema-funding-to-new-york-city-to-assist-migrants-is-misrepresented,02e54b00e51cfafc4718aeb3fd94ce9c
https://www.poynter.org/fact-checking/2025/fema-sent-59-million-luxury-hotels-new-york-immigrants,e4b6d3a157b0387c0643f11fe2827277
https://economictimes.indiatimes.com/news/international/us/is-this-a-new-scandal-elon-musk-says-social-security-database-lists-millions-of-centenarians-between-ages-of-100-and-159-with-the-death-field-set-to-false/printarticle/118362714.cms,989d2dd092369a70cb3f03540ec26eca
https://economictimes.indiatimes.com/news/international/us/is-this-a-new-scandal-elon-musk-says-social-security-database-lists-millions-of-centenarians-between-ages-of-100-and-159-with-the-death-field-set-to-false/articleshow/118362714.cms,498550870cef35ce856d25117d220b89
https://economictimes.indiatimes.com/news/international/us/is-this-a-new-scandal-elon-musk-says-social-security-database-lists-millions-of-centenarians-between-ages-of-100-and-159-with-the-death-field-set-to-false/articleshow/118362714.cms?from=mdr,71406f3cf1794564c051c580215bd098
https://www.poynter.org/fact-checking/2025/social-security-fraud-discovered-doge/,abb9ddf90a1f7675d7a400672ccf55ed
https://www.aol.com/many-people-over-100-receive-124704429.html,dcd0b96cd06b6fe62e854f6487cadf02
https://www.12news.com/article/news/nation-world/trump-musk-fraud-claims/507-a6333163-3ae9-456b-bbef-e26f1f2ca959,55690c9d8156332975acfb57bfe0563d
https://www.politifact.com/factchecks/2025/jan/21/donald-trump/donald-trumps-false-claim-that-the-us-is-the-only/,43264f7c4dc5936ddceee6c1a72c4fdd
https://apnews.com/article/fact-check-trump-birthright-citizenship-supreme-court-b66a99ba8b22ddb0f3e24a129440126f,ed460bfe56480aad549220dca1030169
https://www.npr.org/2025/01/23/nx-s1-5270572/birthright-citizenship-trump-executive-order,a84de14df754fcadaa7fe993a74e340f
https://www.aljazeera.com/news/2025/2/6/which-countries-other-than-the-us-offer-birthright-citizenship,6db9a219ee64ce6654f9cff1d0ecb73c
https://worldpopulationreview.com/country-rankings/countries-with-birthright-citizenship,0fbf5102aba8e145c897c5395207c5c0
https://www.poynter.org/fact-checking/2025/california-water-policy-empty-fire-hydants-dry/,6daaece852fbe2dce977fa48f7498adf
https://www.aljazeera.com/news/2025/1/13/why-fire-hydrants-and-water-supply-failed-during-los-angeles-wildfires,09cd2594d148ff7c68cd281dfd17da18
https://www.aljazeera.com/news/2025/1/12/fact-check-la-fires-drive-falsehoods-including-by-trump-about-water-use,bb87c00c28b04cc33d9a371bf2cf6c32
https://apnews.com/article/wildfire-california-climate-603512236222f82c77901db1039e959f,799717e66599ba9840f6909ec8a0641a
https://nypost.com/2025/01/09/us-news/gov-newsom-passes-the-buck-to-local-folks-when-asked-about-hydrants-running-out-of-water-during-pacific-palisades-fire/,b6f762bc6fa117616d705357fbea61f8
https://www.politifact.com/factchecks/2024/oct/31/facebook-posts/formatting-error-in-michigan-doesnt-mean-voters-ca/,c1609c77bb9666f8407e09294747e4fa
https://www.mlive.com/politics/2024/11/formatting-errors-prompt-false-claims-of-voter-fraud-in-michigan.html?outputType=amp,4c564a0a65a4d195d8afeeef92a48227
https://apnews.com/events-united-states-presidential-election-bed4c8227cb248678fec438e653f1aa1,cdadec9a47fc9f480ec4fa0863d85354
https://www.reuters.com/fact-check/michigan-data-report-shows-format-error-not-election-fraud-2024-11-08,6230400a564e526fada6718fe21fd1fe
https://www.usatoday.com/story/news/factcheck/2024/11/12/michigan-extra-votes-formatting-error-fact-check/76208010007,66020cc3c026cafe4dea83080e55e2c1
https://www.politifact.com/factchecks/2024/oct/11/facebook-posts/no-migrants-dont-receive-3500-debit-cards,125cb4bd173901214a13b4eadb2e67db
https://www.cbsnews.com/news/sham-news-site-false-claim-kamala-harris-car-accident/,8b9b3732b54c5db86840df48065423be
https://www.cbsnews.com/news/bogus-story-kamala-harris-paralyzed-teen-russia-disinformation-microsoft/,e3be3ccd1c9a2b58b5cf612f5fe4bdea
https://fortune.com/2024/09/17/microsoft-fake-kamala-run-video-russian-troll-farm/,c390175085deef54305bff21258ef2ba
https://tribune.com.pk/story/2493714/kamala-harris-accused-of-hit-and-run-in-viral-hoax,37fa1312823cfe83e0a14e60c3302466
https://www.logicallyfacts.com/en/fact-check/hit-and-run-allegations-against-kamala-harris-originate-from-a-dubious-website,580cd6a309d967f80e4651862db115ab
https://apnews.com/article/russia-disinformation-foreign-influence-election-microsoft-7f802f9f4a0efe206fdaad29516b1f7f,abb5f94adfe8ba3d6f8f8933251a62d7
https://www.reuters.com/world/us/fake-kamala-hit-and-run-story-is-work-russian-propaganda-group-microsoft-says-2024-09-17/,016ff5d4db2866dd3c3a2ccd8d664f6a
https://www.politifact.com/factchecks/2024/sep/05/tweets/no-proof-kamala-harris-injured-a-person-in-2011-ca,d79a9a318a8dee0461ac556f0863616e
https://www.reuters.com/fact-check/kamala-harris-hit-and-run-story-stems-unreliable-website-2024-09-20,f56aafe2e260c7f788cdabe867de0460
https://www.yahoo.com/news/reports-implicating-kamala-harris-2011-233400447.html,8a25b8db351f7b68edfae95badd30a4f
https://www.dhcs.ca.gov/Get-Medi-Cal/Pages/coverage-for-all.aspx,b0db2d9e02acda53998d646159668861
https://www.politifact.com/factchecks/2024/mar/15/instagram-posts/a-california-loan-program-for-first-time-homebuyer,ffea7d514419a74462d2770941d37b71
https://www.cbsnews.com/sanfrancisco/news/cash-not-drugs-program-would-give-san-francisco-residents-up-to-100-weekly-for-staying-clean/,3965019ec5c6b6219d3d99de80fb268a
https://san.com/cc/san-francisco-pursues-plan-to-give-drug-free-welfare-participants-100-per-week/,7f9fb4b35631b730adbca4d52e9d3f09
https://www.ktvu.com/news/san-francisco-welfare-recipients-money-sober,115af722779ea2278dece4ae71332be5
https://www.espn.com/olympics/story/_/id/40707847/olympic-boxing-controversy-imane-khelif-lin-yu-ting-gender-sports,39f87032497c0ee90e8ea642f8b784eb
https://apnews.com/article/olympics-2024-lqbtq-transgender-boxing-ec1b367c5f09a9b4bc59bf684a713c24,247e7cfc6e0571a363533bbfd9e7ef85
https://www.espn.com/olympics/story/_/id/40697100/boxer-faced-gender-questions-wins-rival-quits-fight,8e6ae525d6632a925ce6d90005195177
https://www.espn.com/olympics/story/_/id/40819583/imane-khelif-files-complaint-due-abuse-gender-paris-olympics,14b44ba069b60431521eac89ed99ed94
https://www.12news.com/article/news/verify/olympics-verify/algerian-boxer-imane-khelif-gender-identity-controversy-fact-check/536-4de08f05-1af5-4da7-971e-38fed8bcef19,d33a923bc7804b9e58a304cdd8fe4f00
https://www.politifact.com/factchecks/2024/jun/21/instagram-posts/claim-misrepresents-california-bill-about-parental/,f84588e112ee86da7e8ce9e9690d5665
https://www.foxla.com/news/california-bill-prohibits-schools-notifying-parents-child-pronoun-change,6ac88eaf6f12e02dbff238bc265a1b73
https://www.thegamer.com/wordle-nyt-answer-hints-solution-october-16-2025/,f62871e0a477b323f2663d40d3c0e416
https://www.npr.org/2024/07/16/nx-s1-5041437/california-bans-school-rules-requiring-parents-notification-of-childs-pronoun-change,8cd46fe8c7eaa296c514d4150dc0aeb5
https://www.ncbi.nlm.nih.gov/pmc/articles/PMC5263087,a9a1f4e3fc1b247bc372d5931628a529
https://www.marketscreener.com/news/latest/Fire-breaks-out-in-southern-China-residential-building-state-media-reports-48567498,7119d50d6cc2fd313f7dee320ae547bb
https://www.unodc.org/documents/data-and-analysis/cocaine/Global_cocaine_report_2023.pdf,1e95849b6394196ac9bb27eb300cf991
https://en.xa.gov.cn/MediaCenter/News/1958833738536779778.html,b03e1ab5ec102aa5d338503ccb206b50
https://www.dictionary.com/browse/IS,15530d0c7f423906467519e337dfdf61
https://www.oxfordlearnersdictionaries.com/definition/american_english/is,43c22ecf1bffd563aec3bd0900aa2ba4
https://clb.org.hk/en/content/update-53-killed-shanxi-coal-mine,d8ff13148de9ee971c97a754391cf6a4
https://www.linncountyleader.com/fatal-accident-near-bucklin-claims-life-of-holts-summit-man/,e38b98066dba5822f47c4c7c5c469b40
https://clb.org.hk/en/content/shanxi-coal-mine-explosion-leaves-15-dead-and-nine-injured,6140b577cf3f4a049cc7c50f7942406b
https://www.business-standard.com/amp/article/news-ians/19-dead-in-china-coal-mine-accident-119011300028_1.html,133ef90063d433f36a5fd75bd2f59db3
https://economictimes.indiatimes.com/news/politics-and-nation/28-miners-killed-in-accident-in-northern-china/articleshow/6183026.cms,398ee553655a204bcf9e48c3a7a14e00
https://qh.chinamine-safety.gov.cn/dxal/202401/t20240111_474792,3993db829c74440ea9748fd80bebbfaa
https://globalpolitics.in/china-reader.php,2d4cdb367e3154b26d9a998b88f5dbd7
https://web.mit.edu/~ecprice/Public/wordlist.ranked,00e25cfa2906b38fd478a3bc59c2e0a7
https://news.qq.com/rain/a/20250226A05Z5000,3ee0be3fd06d50765190ff514b337119
https://news.qq.com/rain/a/20250606A02OKV00,73462e93d03eb398f58c82aa120b97a8
https://www.business-standard.com/article/pti-stories/chinese-city-caps-car-buying-to-battle-congestion-pollution-113122200345_1.html,c4c33591d22b10852e0b137d7e24a420
https://economictimes.indiatimes.com/news/international/world-news/chinese-city-caps-car-buying-to-battle-congestion-pollution/printarticle/27751030.cms,91dd6de8d688595be466a8b1f4501ed1
https://www.scmp.com/news/china/article/1381782/tianjin-cracks-down-car-ownership-bid-reduce-traffic-and-pollution,765b6c6b14e85e69a99a5f2b2f5d82ec
https://www.yunnanadventure.com/show/Tianjin-to-curb-car-ownership-in-anti-smog-drive_2600.html,3573157674079ea035fb97889fd98f8a
https://www.businessinsider.in/a-new-license-plate-limit-in-tianjin-had-chinese-flooding-used-car-dealerships/articleshow/27484718.cms,d31a749344e53867b3a97a6d2a3a8156
https://news.qq.com/rain/a/20250321A08P5V00?uid%5B0%5D=358837019&uid%5B1%5D=358837019&suid=&media_id=,ac150c63fa7091a6b84e13bddb56bd54
https://m.evzcw.com/baike/shouce/7734.html,36886dbeff7c60fdadb485200588dd14
https://news.qq.com/rain/a/20240531A02JCL00,0abd6d8836d58266f22c41e205c06089
https://en.ccccltd.cn/tzzgx/ggl/202203/P020220331267251018052.pdf,d28106a8da734f666fe15d2154f96d9c
"https://www.cqrcb.com/data/tosend/resource/upload/CHONGQING%20RURAL%20COMMERCIAL%20BANK%20CO.,%20LTD.%20CORPORATE%20SOCIAL%20RESPONSIBILITY%20&%20ESG%20REPORT%202024.pdf",5662c7b65bf8f0a86d169d3932670dbd
https://en.ccccltd.cn/tzzgx/dxbg/202403/P020240430625761317276.pdf,bbf73b959116b35e861ab2dd2b8472b9
https://www.wikiwand.com/en/articles/Chongqing,683e2f8d5f311795ca57483a56fd13f4
https://youyang.gov.cn/ysyy/zdzs/202504/t20250424_14553377.html,51795e78142f23c52f0978f45523341e
https://www.scmp.com/news/china/society/article/1949392/torrential-rains-claim-eight-lives-southern-chinas-guangdong,21435172a1c763382ed5e42a2e45de86
https://www.reuters.com/business/environment/super-typhoon-lashes-hong-kong-with-hurricane-force-winds-heavy-rain-2025-09-23/,2e7ab34806f1343f57a81c0214f9c673
https://www.thestar.com.my/aseanplus/aseanplus-news/2025/09/24/typhoon-ragasa-bears-down-on-southern-china-after-killing-17-in-taiwan,909c9515d6c25425ad24f2c2c2dad531
https://www.yahoo.com/news/evacuations-heavy-rain-southern-china-085012596.html,d2a3a10bc0f8d6d7e9051efed56159a4
https://www.yahoo.com/news/articles/everything-broken-chinese-residents-typhoon-131741970.html,f98bc2bcc56a912a894b4201a610ff7a
https://www.zhihu.com/question/23503643,b857aa2ae0ff9f6e0b4550074869d220
https://news.qq.com/rain/a/20250417A09X5A00,38bed5a58c5ec58417931ffbfcc87a82
https://earthquakelist.org/news/2025/09/20/m5-1-earthquake-russia-1179916/,febcbe11782d30f7b6d4304146129c5b
http://www.china.org.cn/china/Off_the_Wire/2024-09/18/content_117435514.htm,5e048351ed70ef83a8bbffe32cfaaa2a
https://earthquakelist.org/china/anhui/,f01379d643b5a0c4a8c555dab3f9d1d1
https://www.researchgate.net/publication/332994149_Occurrence_and_Hydrochemical_Characteristics_of_Saline_and_Salty_Springs_in_the_Sichuan_Basin_of_China,b84b30b6e6a9a13bb76a02324a69c109
https://www.dazhou.gov.cn/news-show-265584.html,57fd4885476cd9c7598b5b0a89fe3d39
https://www.dazhou.gov.cn/news-show-261525.html,920364ca0dc9692559e9c611e0a49b80
https://www.dailymail.co.uk/video/news/video-2893225/Video-Kung-fu-expert-gets-punch-monkey-Mount-Emei-China.html,91fb1c2306739eb53605a5d3d9b9c06d
https://deathbattle.fandom.com/wiki/Hercules_VS_Sun_Wukong,5b5a2465810f44b13be3f8da3928bb78
https://www.aljazeera.com/news/2019/10/8/super-typhoon-hagibis-heads-towards-japan,a3a34c37c37639a463b19fe0e3c8e643
https://www.worldometers.info/demographics/life-expectancy/,ca000415a38aa3a05ddf2e4993019d5b
https://worldpopulationreview.com/country-rankings/life-expectancy-by-country,569e63074fab669570f0db6f89a74151
https://www.visualcapitalist.com/mapped-life-expectancy-by-country-in-2025/,b4387cf2b4503af5b0e3a52214f7c7ed
https://www.cdc.gov/mmwr/volumes/72/wr/mm7228a5.htm,49a1fb1f5a3833e93ae1ab3c628f73be
https://thejeopardyfan.com/2025/10/final-jeopardy-10-15-2025.html,6325e5872d1fa88f36b8d816196d8b02
https://www.lung.org/blog/altitude-sickness-respiratory-problems,68e2ff255894cd2c30dd3f8b448b93c2
https://www.tandfonline.com/doi/full/10.1080/02770903.2024.2448014?af=R,8118c76780389da673840d3db7c978c4
https://www.tandfonline.com/doi/full/10.1080/02770903.2024.2448014,854b8e978a7ec1245088840c18b5cdd1
https://www.researchgate.net/publication/396215400_Quantifying_the_Economic_Benefits_of_Improved_Environmental_Quality_in_BRICS_Economies,04020bdc476cc6c521aa883eefeb3854
https://www.greenwichtime.com/news/world/article/china-cancels-schools-and-flights-as-it-braces-21062325.php,9e6185155b45678376976bc1387cfcc2
https://www.scmp.com/news/china/politics/article/3261781/chinas-devastating-rainstorms-show-theres-no-room-complacency-when-it-comes-climate-risks,476ea145cdba58f0eaeb5beccb9cc109
https://economictimes.indiatimes.com/topic/hospital-discharge-rule-health-insurance-policy,c4ccd63444a017fc466d3a171459e1ec
https://www.britannica.com/topic/health,bfd7b0ee8c4922a68ec8c98919ffc562
https://www.scmp.com/news/china/society/article/1994494/woman-serious-condition-after-tiger-attack-kills-mother-beijing,a9108a47ad90515d4258ccf38fc2872a
https://www.scmp.com/news/china/society/article/2059914/woman-mauled-tiger-beijing-zoo-hits-back-her-critics,e2b0a0a5a9d4e8e427c43a95b8b1cb11
http://lion_roar.tripod.com/BigCatAttacks.html,2e554bf25458c35ee445e6a5d0abc271
https://news.qq.com/rain/a/20250831A05J1H00,0c8ce0f03b2c45078b8f0f6b1c588759
https://www.270towin.com/2016-election,76a683be2401e8497d6d835559e3ac72
"https://historica.fandom.com/wiki/United_States_presidential_election,_2016",96a4deffdc1e7c450f05ab5938b35983
https://www.wikiwand.com/en/articles/US_Presidential_election_2016,1e76d586c59c41c562d30ab5b90d44a0
https://theweek.com/us-election-2016/78174/us-election-2016-what-are-hillary-clintons-policies,6feae73380c63b0947bd909de8b089cb
https://ks50.karnataka.gov.in/!71379947/svalued/ocrawlq/efacilitatel/but+i+think+i'm+liking+her+more+tiktok+song.pdf,f0d4e405f9d48eaa593ef0a9bbe780ed
https://eript-dlab.ptit.edu.vn/!60802410/yinterrupth/zarousek/qdependg/sample+memo+to+employees+regarding+attendance.pdf,14f8d07a07c840a29341ff9153937f87
https://time.com/4486502/hillary-clinton-basket-of-deplorables-transcript,2f6dcafd65168b5a23518329432c5b80
https://www.wikiwand.com/en/Hillary_Clinton_email_controversy,9caa060e77a093f5b2e81da565cf7076
https://www.wikiwand.com/en/articles/Hillary_Clinton_email_controversy,d67acf6b62aec847970e85b10885040e
https://ballotpedia.org/Hillary_Clinton_email_investigation,be68e99e85623f75e14aeceb3f0baa00
https://www.cnn.com/2015/09/03/politics/hillary-clinton-email-controversy-explained-2016,7b363a635deae826537d598264a98779
https://ballotpedia.org/Splits_between_the_Electoral_College_and_popular_vote,d9b3021d6b974ea202f85e09142e5f2e
https://www.britannica.com/topic/United-States-presidential-election-of-2016,15fe8b6ba3138a8528ddcbda67c0a5c3
https://www.newsweek.com/trump-voters-are-losing-confidence-in-direction-of-country-10822222,57fee7ae5c360ae87981bd7495ce3e72
https://www.wikiwand.com/en/articles/2016_United_States_presidential_election,c9e004bb84fafc96392ec1d2fa92a0f6
https://www.cnbc.com/2017/01/06/intelligence-community-says-putin-ordered-campaign-to-influence-election-denigrate-clinton.html,93532d917434c7a79fb19790f6194984
https://www.npr.org/sections/thetwo-way/2017/01/06/508568241/putin-ordered-influence-campaign-to-help-trump-u-s-intelligence-report-says,16e47a44487161482021db2e3b856f8b
https://apnews.com/article/d094918c0421b872eac7dc4b16e613c7,5a15d3d3243bdd90000426c74051568f
https://time.com/5340060/donald-trump-vladimir-putin-summit-russia-meddling/,2dd6f8e201a26284cbe598d8aaa53647
https://www.foxnews.com/politics/obama-admin-manufactured-intelligence-create-2016-russian-election-interference-narrative-documents-show,3966ca63be1319c6cd5537828c6e08f4
https://www.politifact.com/article/2017/dec/12/2017-lie-year-russian-election-interference-made-s/,67f07ba61ef2e9d2555e3d11a81e3c97
https://ultimatepopculture.fandom.com/wiki/2016_United_States_presidential_election,9ecfc7784f0baab3a9c85624313b3841
https://www.wikiwand.com/en/articles/2016_Republican_Party_vice_presidential_candidate_selection,98189f54b30f6d2dd39aed246569094e
https://www.foxnews.com/transcript/what-to-make-of-gen-flynns-future-with-the-administration,f990b0621bf104166ac065e756e7dd79
https://www.politico.com/story/2016/07/donald-trump-general-michael-flynn-vp-225253,5c74d1f9be77bf0bda7c20b7f37a4b70
https://thehill.com/homenews/287115-trump-considering-retired-general-for-vp-report/,eb811dc23b875259120a851a271737eb
https://time.com/4596014/donald-trump-cabinet-military-mattis-flynn-kelly/,6eb972ae230bdcc5cfc33e01e5ccb9f2
https://www.military.com/daily-news/2016/07/10/trump-considering-retired-army-generals-vice-president-reports.html,26954bc00f4264da191833f99d1e189b
https://www.newsweek.com/trump-considers-retired-general-veep-479136,dcfcef864a9d986bc7b72247f00e2366
https://time.com/3920332/transcript-full-text-hillary-clinton-campaign-launch/,f01965c458cccbb458d238507bbc3ca5
https://www.wikiwand.com/en/articles/Hillary_Clinton_2016_presidential_campaign,a8d61341b1af1b2169e0c297f8fe7d08
https://www.wikiwand.com/en/articles/Hillary_Clinton,2f23346cf580323f04422fd27c029d53
"https://ballotpedia.org/Hillary_Clinton_presidential_campaign,_2016",11f01da3b440079907f62cbbe213743f
https://www.npr.org/sections/thetwo-way/2015/04/12/397891885/its-official-hillary-clinton-announces-presidential-run,d3f5f5ad592719a7c53594ebedb890b2
https://time.com/3818768/hillary-clinton-white-house-bid-2016-election,a957d0c0c5e68f06b78b7c8e4c54a951
https://www.cnbc.com/2015/04/12/hillary-clinton-formally-announces-2016-bid-for-us-presidency-in-email-to-supporters.html,0e867745f2619ffe9079193bcb382ae5
https://www.usatoday.com/story/news/politics/elections/2015/04/12/hillary-clinton-president-announcement-2016/22018067,781ae89e0e30823b4387568918588a1d
https://www.thenation.com/article/archive/chafee-chastened/,12c6ad91d689d8eec050c6d2728aa5e0
https://fortune.com/2015/10/23/lincoln-chafee-president/,6ac9d28b2f19708d9cd0ff581c27fb32
https://web.archive.org/web/20000125231413/http:/www1.pbs.org/newshour/bb/remember/july-dec99/chafee_10-25.html,b573a6794a6acada3df7ec3d37ce0361
https://www.reuters.com/article/idUSKCN0SH1F420151023,1c24244f5204efe287d7a24e6eb2536e
https://web.archive.org/web/20160208062933/http:/thehill.com/blogs/ballot-box/presidential-races/bernie-sanders-iowa-results-gain-error-recount-hillary-clinton,afa1d25449d12a12e7ed43b93b08c499
https://www.washingtontimes.com/news/2016/feb/1/hillary-clinton-claims-victory-bernie-sanders-laud/,75580fb1397738b410500fcefed58b26
https://www.business-standard.com/amp/article/pti-stories/clinton-suffers-stunning-upset-in-michigan-116030900295_1.html,5087370133c405a8c5c4ec6750ba1800
https://www.cbsnews.com/news/2016-mississippi-michigan-democratic-primary-live-updates-results/,6625eff9dbb9c7ec2e9319912071c923
https://www.business-standard.com/amp/article/news-ani/clinton-sanders-eye-crucial-michigan-primary-116030800498_1.html,9002f5f3b85045790af5b39986d7ac16
https://www.collinsdictionary.com/dictionary/english/on,755b46bdac2bc11f89e72c19240d94f6
https://www.merriam-webster.com/dictionary/on,7144ee3dac091bced26cdb6fdb318747
https://dictionary.cambridge.org/dictionary/english/on,678edb91999e85ae38718536d0d571c3
https://galton.uchicago.edu/~s331/An_Evaluation_of_2016_Election_Polls_in_the_US_AAPOR_aspx.docx,8316ee7a596de3b8a7c211a79c4dfc45
https://www.npr.org/2016/03/09/469767648/sanders-narrowly-defeats-clinton-in-michigan-she-wins-miss-primary,7eb475ac260df0b796390f5737fa7fc7
https://web.archive.org/web/20200728111749/https:/www.npr.org/2020/07/27/895800425/democrats-meet-virtually-to-approve-platform-that-builds-off-of-biden-sanders-ef,6f4372cfc35716ad80c555dd9dadce9a
"https://ballotpedia.org/The_Democratic_Party_Platform_and_DNC_Platform_Committees,_2016",928610785e11f463999d1544958222d5
https://time.com/4096999/lawrence-lessig-ends-campaign/,11ee718268da25b89d0d221b2ca7ee27
https://politicalwire.com/2015/11/02/lessig-ends-presidential-campaign/,cf94a51d96e742982265bbbb634b2002
https://www.dailykos.com/story/2015/11/3/1443735/-DNC-rules-change-leaves-Lessig-out-of-2016-Democrat-debates-forced-to-leave-the-race,37acacfb37aa110dc936d02332d642d3
https://www.cbsnews.com/news/hillary-clinton-picks-kaine-for-vp/,98e6ac0cc8dd7362907cb59adc77485a
https://www.business-standard.com/amp/article/international/us-presidential-primaries-hillary-clinton-closing-in-on-running-mate-search-116062200214_1.html,ff840e9066b67fd4b7fafc2f0bf00df6
https://time.com/4290427/hillary-clinton-equal-pay-day/,c8b7f5ceacc64c229f6b7ddbe2b7e24a
https://www.si.com/onsi/womens-fastbreak/news/hillary-clinton-takes-firm-stance-on-wnba-player-pay-movement-01k0q6xfgb8e,5eef072e9054e6bc6874082ec89e2a82
https://www.cbsnews.com/news/bill-clinton-condones-path-to-citizenship-for-undocumented-immigrants/,50e53438e2b2b31276cb71290adaab4c
"https://ballotpedia.org/Hillary_Clinton_presidential_campaign,_2016/Immigration",a57c35eebd58a1902082f88917508f8a
https://time.com/4486502/hillary-clinton-basket-of-deplorables-transcript/,a1908abc0fe0239e64ad30cab2f4cb92
https://www.newsweek.com/hillary-clinton-deplorables-defense-donald-trump-1959646,3560688e7381643c5a7bb200c5551979
https://www.dailymail.co.uk/news/article-3785381/amp/Trump-calls-Clinton-s-baskets-deplorables-remark-single-biggest-mistake-political-season.html,4974fc42ffbf9cde07a74c22008cd072
https://www.politifact.com/article/2016/sep/11/context-hillary-clinton-basket-deplorables/,cf613df0e605a307043c738479e09c25
https://apnews.com/97d6e5c7188845888bba36957160b675,7cef335a3a83c204471ce15ff6ca604f
https://variety.com/2016/biz/news/hillary-clinton-donald-trump-supporters-basket-of-deplorables-1201856596/,bde0284b3e6ffaa8d768e5bb175ba10e
https://www.reuters.com/article/idUSL1N1BM05L/,99a617e3ccb091367f2b25cec28c0aa6
https://time.com/4488136/donald-trump-hillary-clinton-deplorables/?xid=homepage,d46166b1b2b970b3e8c8f6da3bf6a4dc
https://indianexpress.com/article/world/world-news/clinton-slams-trumps-divisive-campaign-ready-for-outrageous-things-hell-say-2821998/,ed66e44756662eacf9fe57497d0568b3
https://www.business-standard.com/amp/article/pti-stories/clinton-regrets-calling-half-of-trump-backers-deplorable-116091100329_1.html,daf515b4192243e4ddd54a4aa1f81c20
https://time.com/4486601/hillary-clinton-donald-trump-basket-of-deplorables-half/,85514a121fc02e9f4d4c364b71564f16
https://time.com/4486601/hillary-clinton-donald-trump-basket-of-deplorables-half,7ad31c2026b6655db979dff14543d022
https://www.cbsnews.com/news/2024-election-day-fact-check/,4e509dffdb54d7d772bc7f3115b2aebb
https://www.politifact.com/article/2020/dec/03/46-minutes-falsehoods-trump-rehashes-baseless-elec/,1eceb8312374eceea43bbc51aa6dafc8
https://www.politifact.com/factchecks/2025/mar/10/social-media/trump-didnt-say-he-became-president-because-of-the/,da4a85011e9ac08dfa5556dc5097c4e2
https://www.politifact.com/factchecks/2025/jan/21/social-media/trump-didnt-admit-to-rigging-the-election-during-h/,11ebff9760916ad5e8083bbc1c27ae0a
https://www.poynter.org/fact-checking/2025/trump-admitted-election-rigged/,373ca3556a0a023731fad3475a16e709
https://www.npr.org/2021/02/10/966396848/read-trumps-jan-6-speech-a-key-part-of-impeachment-trial,bffce903108ba77afb77307a7498cf8e
https://www.politifact.com/article/2024/oct/02/trump-renews-voter-fraud-claims-as-voting-by-mail,0cd6f6658677f5fcc43524bf9f588d02
https://time.com/4550453/hillary-clinton-james-comey-fbi-emails/,a0d7c3ebc9f89dd8eb4a0fd9173cf6c5
https://fortune.com/2016/11/01/james-comey-clinton-email-investigation/,5bc585b54e2ea51829a4e5063ce8d724
https://www.npr.org/sections/thetwo-way/2016/10/29/499868601/fbi-head-under-fire-for-restarting-clinton-email-investigation-days-before-elect,d16f5c4e25282a7a7692abe7ed70cf25
https://www.270towin.com/2026-governor-election/cook-political-report-2026-governor,e044d70c9b5fbeaaf2ec84048d9fc7ce
"https://ballotpedia.org/Presidential_battleground_states,_2020",47ac22f976e7fec082a9f273d6608761
https://www.cnbc.com/2024/11/05/presidential-election-2024-results-live-updates.html,d5d2a1027b5cd23974f18c0deab3ac7a
https://www.usace.army.mil/Portals/2/docs/Small%20Business/Database/USACE%20Contractor%20Database%20as%20of%2028%20FEB%202024%20Public.xls?ver=UpxB69x8XCzCvNo7C151UQ%3D%3D,42c72eef9576d88d2ed69401f1e750c0
https://www.270towin.com/2024-house-election/state-by-state/cook-political-report-2024-house-ratings,c6de99bbdc506d004de30ebfb83398b7
"https://ballotpedia.org/Possible_vice_presidential_picks,_2016",0075d9568e2b367d8abe4028b9ecfd3a
https://time.com/3955359/hillary-clinton-economy-2016-presidential-election/,cd02b634c37ffa60ea69ebd13f884cd0
https://ballotpedia.org/%22Hillarycare%22_%28The_proposed_Health_Security_Act_of_1993%29,5d8c91f112fd53bb8496a347f5b84ddd
https://www.the-independent.com/news/world/americas/us-election/trump-fake-news-counter-history-b732873.html,a5420b1f1d0eaf60752fef531f0e378a
https://www.business-standard.com/amp/article/pti-stories/much-of-media-is-distorted-and-fake-trump-117013100057_1.html,f54ea255ab6902df034bcc713fbdb9bd
https://www.financialexpress.com/world-news/donald-trump-warns-journalists-calls-them-most-dishonest-human-beings/517445/,29114d8439716a1d03bb5a237763233d
https://www.usnews.com/news/us/articles/2025-01-24/fact-focus-a-look-at-false-and-misleading-claims-made-by-trump-during-his-first-week-back-in-office,42b5d8d9766b441859825c2643b537e8
https://www.politifact.com/article/2016/jun/17/donald-trumps-speech-orlando-shooting-fact-checked/,68914b067772e934f209b400bfbe48b4
https://www.businessinsider.com/donald-trump-san-bernardino-shooting-islamic-disaster-2015-12,9363ad1848e824590657ed72ea349261
https://www.newsweek.com/donald-trump-mosques-surveillance-muslims-islam-isis-islamic-state-orlando-470893,66475d0af66794c9a5f557893e190005
https://www.reuters.com/article/us-usa-election-idUSKCN0Z12AS/,ed516bff6ba380ca1755979defa24466
https://reason.com/2016/09/12/gary-johnson-has-more-daily-newspaper-en/,2c9ea69a67239c3901d77e9e8da29373
https://chicagoist.com/2016/09/30/tribune_endorsement.php,c797426712afff72b0b970164a87156e
https://thehill.com/blogs/ballot-box/presidential-races/298436-detroit-news-endorses-gary-johnson/,0506a2a5e3afca19a46eff286a4a8586
https://www.thewrap.com/gary-johnson-six-more-newspaper-endorsements-donald-trump/,c25ac5c5f821c69f0fc8ddda1bf772cf
https://www.usatoday.com/story/news/politics/onpolitics/2016/09/30/chicago-tribune-endorses-gary-johnson/91335408,11b9ad6eca6250feea19488959168a88
https://www.freep.com/story/news/politics/2016/09/29/detroit-news-gary-johnson-endorsement/91260088,8aae2af71f2bfa3d4fe304cb8d001b4d
https://www.cnbc.com/2019/04/23/mueller-report-russia-hack-of-us-elections-apparently-inexpensive.html,dbe92ac884e7b141a99b22e4118c395b
https://www.rappler.com/technology/features/208418-russia-cyber-warfare-disinformation-campaign-2016-us-election/,e7fa2e8f07b4e273179a994aa40db8fe
https://www.reuters.com/article/us-russia-cyberwar-commentary-idUSKBN12X075/,7df3f0240c042b91e55690ce7caee3ad
https://www.eastbaytimes.com/2025/10/15/do-california-redistricting-ballot-envelopes-reveal-your-vote-debunking-social-media-rumors/,e22d102620d76e2aa15afdca661f529c
https://www.cbsnews.com/chicago/news/trump-chicago-dangerous-city-data/,8f83d0e31d040baf125ad6caafa9ecfe
https://idahonews.com/news/nation-world/president-trump-calls-chicago-illinois-a-killing-field-as-he-targets-city-for-next-federal-crackdown-mayor-brandon-johnson-governor-pritzker-national-guard-troops-crime,6281415d8e5dc329345b22837ae28dca
https://www.politifact.com/article/2025/sep/05/Trump-Pritzker-Chicago-Illinois-crime-murder/,41b78536db13a5374b401bf87dec7739
https://katu.com/news/nation-world/president-trump-calls-chicago-illinois-a-killing-field-as-he-targets-city-for-next-federal-crackdown-mayor-brandon-johnson-governor-pritzker-national-guard-troops-crime,f877fc39eb66c1e50817ca2e3d779492
https://localnews8.com/news/2025/08/18/fact-check-trump-falsely-claims-us-is-only-country-that-uses-mail-in-voting/,e5aa59d058fadb26761da08c963ab02e
https://ktvz.com/politics/cnn-us-politics/2025/08/18/fact-check-trump-falsely-claims-us-is-only-country-that-uses-mail-in-voting/,44b8afedfd3b4c6227501b0ab337bcd6
https://www.politifact.com/factchecks/2025/jan/10/tweets/fema-didnt-spend-all-its-money-on-immigrants-it-ha/,2b2972598ce4201e5aeef2236ff26aff
https://www.washingtontimes.com/news/2024/nov/19/republicans-fume-disparity-femas-payments-illegal-/,8f64e74de15446c52c5ab11d2e3e6ed3
https://www.washingtontimes.com/news/2024/nov/19/republicans-fume-disparity-femas-payments-illegal-,a263a8de4bfbeb76dc735dec00e28b79
https://www.forbes.com/sites/alisondurkee/2024/10/04/trump-fema-claim-debunked-agency-not-running-out-of-money-because-of-migrants/,26f34e6af4008fec12fd6ec1cfa890c0
https://www.cbsnews.com/news/hurricane-helene-fact-check-misinformation-conspiracy-theories/,26c901031f51d8036694ddf758ad76de
https://www.logicallyfacts.com/en/fact-check/misleading-claims-circulate-on-california-bill-allowing-undocumented-immigrants-to-buy-homes,71a69c2806b0cfda42ef3cf97950aa15
https://www.aol.com/news/california-moves-toward-helping-undocumented-130000373.html,88ef18cc2c08ccc893e20bd19d82bcaa
https://www.tigerdroppings.com/rant/politics/california-advances-0-down-no-payment-home-loans-for-undocumented-immigrants/114578558/page-2/,51328b572da655ac4e597013f47b202e
https://www.newsweek.com/california-mortgages-program-illegal-immigrants-no-down-payments-deposit-1942983,42cd709c3bc2d344daffc95a95463d4b
https://www.politifact.com/factchecks/2024/mar/15/instagram-posts/a-california-loan-program-for-first-time-homebuyer/,0240ea2f6856e63725c06a63dde392c6
https://www.zhihu.com/question/21367409,cd7915b6d4eb3cd8df81d87f45f12555
https://www.zhihu.com/question/6463687174,41de8ad64cdc856e815d526a4258664b
https://www.zhihu.com/question/24703825,c1763527878333495a17e05f329e11f5
https://www.zhihu.com/question/27533811,493a05f6db9ce4573d5b21f6f8204917
https://www.zhihu.com/question/434662337,1a4ebc06e9186d344abcde001839d21c
https://cris.vub.be/ws/portalfiles/portal/80621926/1_s2.0_S167492782100157X_main.pdf,830e8d82febbdd1a8644c39351a01cac
https://reliefweb.int/report/china/20-dead-8-missing-record-heavy-rain-triggers-floods-xinjiang,6333efebc7b32ef23746640a43b26134
https://www.marketscreener.com/news/latest/Four-missing-in-China-s-Xinjiang-after-flash-floods-mudslides-46989779/,8976d2608bdc93a35ae18ddd30a30b90
https://www.brecorder.com/news/40308827,4bafe6816530247b06fa4f2d2064ba11
https://onlinelibrary.wiley.com/doi/10.1155/2020/8828060,a0ab96b1e293376b7ba654566f57b2b0
https://www.tripadvisor.com/Attractions-g311293-Activities-Tianjin.html,f41b0d245c9a5d91048ddd8b26f45ac5
https://www.britannica.com/place/Tianjin-China,bad72bf9f6ee50cb3a478085655fc075
https://www.investing.com/,e86028f8795c9864b8757b36b53954ef
https://en.tripadvisor.com.hk/Attraction_Review-g297412-d1797597-Reviews-Humen_Bridge-Dongguan_Guangdong.html,72174dde2bc4b46a3e921192b5ec05d6
https://www.japantimes.co.jp/news/2021/07/11/asia-pacific/thousands-evacuated-floods-china-sichuan/,52df0901222e7fdeea23073669dd80a2
https://www.saporedicina.com/english/climbing-emei-shan/,2de31f9a4673bdf88539a5cd576c7505
https://www.swimrightacademy.com/freestyle-swimming-technique-tips-from-olympic-gold-medalist-blogpost/,3311d270e0e32585999ccdbc88a5072c
https://www.usms.org/fitness-and-training/guides/freestyle,835031ce2f0c2fd6c101a6dd95e2858d
https://www.vice.com/en/article/will-eating-instant-noodles-every-single-day-give-me-cancer/,bee33505663dbe3c334ec9319b62d2dd
https://pmc.ncbi.nlm.nih.gov/articles/PMC4690057/,1cc02abd0d331d9271f53d219ea38486
https://www.independent.com.mt/articles/2025-10-12/newspaper-lifestyleculture/Nitrosamines-in-food-6736273856,b5fc45e6ebe1c3ef78da1ba759e57e81
https://nitrosamines.usp.org/t/nitrosamines-in-food-raise-a-health-concern-efsa/5688,edc5d231e38d94952624c6890031c7e4
https://pmc.ncbi.nlm.nih.gov/articles/PMC12152129/,a7003996b2e1cd8341fa8360d1e1a360
https://arstechnica.com/civis/threads/electric-vehicle-battery-fires—what-to-know-and-how-to-react.1502547/,2ec4905ae01fcb911367eaff182d43e6
https://www.theguardian.com/world/2025/sep/24/super-typhoon-ragasa-update-path-hong-kong-taiwan-china,fa4fae580eecf36661135d7729c1545b
https://www.merriam-webster.com/dictionary/two,ecb383c1c0c32e4d10fda796639c5af4
https://pmc.ncbi.nlm.nih.gov/articles/PMC7813134/,e1d6d28dbc07aae52ce58167c6dd430a
https://www.myza.co/blogs/sleep-journal/ocushield-anti-blue-light-review,776fbdb4a18cec90d741f17c75fc1a64
https://downtownbellevue.com/2025/08/14/another-delay-east-link-light-rail-opening-april-25-2026/,b49b696ebb6723d9d0ff87fb63e7790b
https://vancouversun.com/news/local-news/vancouver-arbutus-corridor-rail-signs,6d61d33661e10de2b031f8cbad132d03
https://www.yahoo.com/lifestyle/articles/10-small-cities-more-people-113027793.html,11851a0984adde884bbc14b1e41dacd9
https://pmc.ncbi.nlm.nih.gov/articles/PMC8398637/,da6b5e78407a3d678b9655e84c3aec05
https://chicago.suntimes.com/horoscopes/2025/10/24/horoscopes-today-friday-october-24-2025,c33fb1e65a159bc64e7451051369f911
https://en.climate-data.org/asia/china/heilongjiang/wuchang-2630/t/october-10/,bbcd03ed1425aefd37106360e050aecd
https://www.dailymotion.com/video/x9qdxi4,7ce0acec9564f14802f10104623a256c
https://news.qq.com/rain/a/20251004A02OLD00,02ca530004a31e314ffc48b6505c1436
https://news.qq.com/rain/a/20251004A0517G00,8acb4c038fd443f19fa0756aee52cc99
https://www.scmp.com/news/people-culture/social-welfare/article/3144658/shanghai-bans-primary-school-final-exams-subject,2e2784c9ba2ef7e74d372360ba4c2c4b
https://www.fujian.gov.cn/english/news/202108/t20210809_5665713.htm,679f5abd00cd3e2ed047dfff15a6931e
http://www.tbpark.com/html/language/english.html,cf1ce27a643d6b36c2a3f4eb45870c00
https://www.tripadvisor.com/Attraction_Review-g1567363-d1839789-Reviews-Taibai_Peak_of_Qinling_Mountains-Mei_County_Shaanxi.html,4745eb1ba05d2fe40ca4bfceb11301d3
https://pmc.ncbi.nlm.nih.gov/articles/PMC12539158/,ab74d653e04e47bec961dadce817411e
https://www.dictionary.com/browse/drunk,e2db67ac5e188180f86bbdbd32b271a7
https://www.wordreference.com/definition/drunk,6237401297e7d5183fcb57fa440a36b1
https://www.merriam-webster.com/dictionary/drunk,8fd84dd141201443c68b4608c184de22
https://m.szhgh.com/Article/news/resou/2025-10-05/388114.html,7af6f96f0153fd8dfc342d7af16828da
https://weatherspark.com/h/y/131699/2025/Historical-Weather-during-2025-in-Hefei-China,c15fab71258f597cf457d54a4889a1c5
https://www.aol.com/news/rare-snowfall-southern-china-deep-065612949.html,5c9c1c178d2f87279bef5e35c5759c5b
https://pmc.ncbi.nlm.nih.gov/articles/PMC7030883/,bfac0e11b239f7e40c80bf2b68239692
https://pmc.ncbi.nlm.nih.gov/articles/PMC10841035/,1ae382596d332b3c116cd26e1859ccfb
https://pmc.ncbi.nlm.nih.gov/articles/PMC6883647/,3a793428aef19b2dea26f5acbcbd32fc
https://pmc.ncbi.nlm.nih.gov/articles/PMC3125175/,e4f9925fd279bf906ea17f1687fd456c
https://community.aafa.org/blog/cleaning-when-you-have-asthma-the-dirty-truth?nc=1,688610372f5cb2ae1b469cd92833c29e
https://www.ncbi.nlm.nih.gov/pmc/articles/PMC2020829/,be3b3ca8f201703971ef145df07f39b2
https://www.chinaservicesinfo.com/s/202510/16/WS68f04935498e3685503364da/east-chinas-famous-baotu-spring-sees-water-level-hit-nearly-60-year-high.html,cbaf59736b80e41c04859c0bf70a7646
https://www.chinaservicesinfo.com/s/202510/17/WS68f1a1b9498e23165e069221/rising-water-levels-attract-tourists-to-jinans-famous-springs.html,adc7ae56fa9624ae585e7ac6e1433b0a
https://govt.chinadaily.com.cn/s/202510/17/WS68f1a1b9498e23165e069221/rising-water-levels-attract-tourists-to-jinans-famous-springs.html,9fa4586ee9d12bdcf6e6609eb123a86d
https://govt.chinadaily.com.cn/s/202306/02/WS6486b36a498ea274927bf387/baotu-springs-groundwater-level-makes-new-record.html,b3dbbe9d04149294b51df02945d35cb3
https://www.collinsdictionary.com/dictionary/english/recently,da5988656d04c89610423b575616a369
https://www.thesaurus.com/browse/Recently,84716e7245584e0a3fd7dc759defac7b
https://www.merriam-webster.com/dictionary/recently,78fc13e4f770f0f99ce79106dcce95a8
https://news.qq.com/rain/a/20221013A023L800,b1c6edef18cc8928ff7b7a33bec210c3
https://www.medicalnewstoday.com/articles/is-salt-water-good-for-your-skin,db329c5138d82c7c08c0b9b6af34d336
https://indianexpress.com/article/lifestyle/health/washing-your-face-salt-water-advisable-8684977/,c88654ae5aeccd7118483e812abe9cce
https://www.byrdie.com/wash-face-with-salt-water-6374353,fecba026e30ecdb97b7ff4b0630ec498
https://indianexpress.com/article/lifestyle/health/washing-your-face-salt-water-advisable-8684977,f54de79aeb621d91d0914dc765f34b39
https://apnews.com/hub/accidents,472ec487153e2dc3ee04e627b317ca7c
https://www.guancha.cn/society/2018_04_23_454649.shtml?web=,e7067966569720d3c675065f9db111c3
https://view.inews.qq.com/a/20251003A02QVP00,605f1e6243d2ff4bf0c03aa1bd30c4cf
https://www.taiwannews.com.tw/news/4988229,9262e95367f40e33554c130bc554da6f
https://web.archive.org/web/20240905063949/https:/apnews.com/article/south-china-hong-kong-typhoon-yagi-a76bd1a16a3608d7bcb0d634556baca3,93f3060108b011774e6c02868e946bc6
https://www.reuters.com/business/environment/china-cancel-some-flights-typhoon-matmo-nears-hainan-during-peak-holiday-travel-2025-10-04/,15196adc203ded67e9942e8f719c182d
https://www.reuters.com/business/environment/hong-kong-braces-super-typhoon-ragasa-schools-businesses-shut-2025-09-23/,69dd34b1e480d7f9d2fbc90c2e5dac80
https://discovery.ucl.ac.uk/id/eprint/10112297/10/Photography%20and%20Social%20Life%20Edited%20Version.pdf,2151f81661f2ad4d6c8d6ae2701dcd1c
http://www.npc.gov.cn/zgrdw/englishnpc/Law/2007-12/12/content_1383782.htm,7bf8b5653b264a7a2783429ecd12d446
https://www.tripadvisor.co.uk/ShowTopic-g294212-i2147-k12126424-Photography_restrictions-Beijing.html,0cf99658f86291568a88af3965519693
https://www.booking.com/hotel/cn/marco-polo-parkside-beijing.html,7ba7cff4759dfcf1fa1ef5274599fafc
https://www.outsideonline.com/outdoor-adventure/everest/hillary-step-mount-everest-disaster/,bf6a43fa16e3d268024a5290e17c9935
https://pmc.ncbi.nlm.nih.gov/articles/PMC11788954/,554afcba3db80687af68159579573add
https://mustsharenews.com/man-falls-snowy-mountain/,cc079f5517a17c81b55cc9d15e7b207a
https://news.qq.com/rain/a/20250919A05L1300,ade930db5204e5f16944be31fda859fc
https://www.dimsumdaily.hk/earthquake-of-magnitude-3-9-strikes-chengdu-sichuan/,9bbb8530e65c462186134589a6391619
https://web.archive.org/web/20170621022002/http:/edition.cnn.com/2013/08/30/world/asia/china-earthquake/index.html?hpt=hp_t4,21bc82512ce6246a61ab8a027d9db759
https://www.ahwang.cn/newsflash/2025/0222/2814402.html,a74d5c5cf18373a9d07d6e79e7aa6dee
https://pmc.ncbi.nlm.nih.gov/articles/PMC3163303/,29f24078780f3ee067f72e66a9978544
https://pmc.ncbi.nlm.nih.gov/articles/PMC7115726/,9a4ebf0dc2dc78fd19ee9c05e262a537
https://pmc.ncbi.nlm.nih.gov/articles/PMC9165307/,746444acdb4f4f009d0bfd7f29b9d170
https://indianexpress.com/article/lifestyle/health/air-pollution-above-16th-floor-high-rise-building-health-experts-9681193/,dafa96bdbb2e155d325af965e9a29677
https://indianexpress.com/article/lifestyle/health/air-pollution-above-16th-floor-high-rise-building-health-experts-9681193/lite/,12355e68674ff5ca88c99511fb24a0a3
https://pmc.ncbi.nlm.nih.gov/articles/PMC11054829/,fa303537fa07e8f21929ec0d637164df
https://pmc.ncbi.nlm.nih.gov/articles/PMC9828800/,b9b5328267be7cade010eb963e9b5906
https://www.sciencedirect.com/science/article/abs/pii/S0360132322004516,483ef0c07fbb88eb986984b72eb7139a
https://www.scmp.com/yp/learn/learning-resources/english-exercises/article/3261016/study-buddy-explorer-fraudsters-offer-pay-big-second-hand-clothing-latest-ruse-scam-hong-kong,dcacc303227de4143f42fb5094896c6f
https://www.scmp.com/news/people-culture/social-welfare/article/3245684/china-boy-hands-bag-containing-us22000-police-despite-dire-family-situation-sick-father-hospital,7cea8fb349e9a197615802b3983655db
https://www.aljazeera.com/economy/2025/1/8/chinese-millionaires-eye-the-exit-as-economic-storm-clouds-gather,6f3bcae34479b28217b8b6cbaee1d4fa
"https://www.tellerreport.com/life/2021-05-08-one-picture-|-stealing-8-000-yuan-from-an-old-man-and-stuffing-it-back-into-7-500-yuan-is-it-a-""chief-thief""-.rJ7358D4dO.html",b9c24247c2d8436f6d5c0f75d738c6cc
https://www.scmp.com/news/people-culture/trending-china/article/3322330/chinese-man-sold-teenage-lover-myanmar-fraud-ring-freed-after-family-pays-us48000,24a08c186fffaacacfb8cf0fdfd3e7c0
https://news.qq.com/rain/a/20250808A043L000,c8d09bb7f43445036dd1b206cdbde6ac
https://www.scmp.com/news/china/society/article/3088991/china-orders-investigation-deadly-highway-fuel-tanker-blast,30a4a1d2e2c865726b1e1be85216c362
https://www.wtkr.com/news/18-dead-189-hurt-as-tanker-truck-explodes-on-china-highway,d2d48e05a84a002e2d5ffcb1ae5113f9
https://gcaptain.com/mystery-tanker-explosion-near-yemen-sparks-renewed-security-concerns-for-red-sea-shipping/,b7954a486dc7eb4ec9196d67ec677a38
https://www.tbsnews.net/world/nineteen-dead-gas-tanker-accident-chinas-zhejiang-92905,990c9811e5ae93e8b86a2580d417a5bb
https://www.newsflare.com/video/90015/oil-tanker-explosion-in-southern-china,9e2c153122447248e30a99d81d2488a6
https://www.reuters.com/world/cameroon-flagged-tanker-issued-distress-call-off-yemens-ahwar-security-firm-says-2025-10-18/,90e4e2c67a610f5fe869a25c32fcf291
https://english.mathrubhumi.com/news/world/powerful-quake-of-6-8-magnitude-kills-over-30-in-china-leaves-trail-of-destruction--48f563ec,71e702fde8f9d276370bfc98c36bd275
https://www.scmp.com/topics/earthquakes,1c3ae1c9aeb3ea52de157bf902d990c9
https://www.scmp.com/news/china/science/article/3115471/crime-china-knife-wielding-attacker-kills-seven-injures-seven,218999f0b73aeb1c374f9049c7fa6a6e
https://www.state.gov/report/custom/bd479e26a0-4,51b7aa4260dc8498c2151e2fcb2be6bb
https://pmc.ncbi.nlm.nih.gov/articles/PMC11064700/,d0b90a8e216d00327f0a1dfcb3162de1
https://pmc.ncbi.nlm.nih.gov/articles/PMC10063284/,9d8ac110da9e5809c6fccda6b6f32f30
https://www.hindustantimes.com/world-news/us-news/students-shelter-in-libraries-as-heatwave-hits-eastern-china-101751888591477.html,a24809850db11c7e2612ebd68dcd8026
https://www.chicagobears.com/,1437768b87196ac6a4d692e4b0c802ac
https://www.chicagobears.com/news/roster-moves-bears-add-to-roster-devin-duvernay-returner-receiver-running-back-travis-homer-free-agency-2025,a18af23f35385902e22a1f1dd7898f25
https://www.chicagobears.com/news/bears-2025-position-preview-special-teams,b66c60370aa2fa82988d97af3d05953a
https://www.chicagobears.com/team/players-roster/tory-taylor/,9b04259279cd8450f3e4fa9e48956caa
https://pmc.ncbi.nlm.nih.gov/articles/PMC12529789/,1d3ddd543d9bc19125e9576e897c41df
https://pmc.ncbi.nlm.nih.gov/articles/PMC12424244/,775d1b56f3edee3611b1d227c3f7e05e
https://www.thestandard.com.hk/hong-kong-news/article/314991/HK-reports-new-Chikungunya-case-in-52-year-old-man-returning-from-Foshan,2cf07aa185e065d19bb1a6745697929b
https://www.aol.com/chikungunya-china-grapples-one-largest-185923179.html,1b704d4749edc67383cf2ad37a92e579
https://pmc.ncbi.nlm.nih.gov/articles/PMC12361914,cb52703e67df86fc3377b8c207ee3bfa
https://www.ncbi.nlm.nih.gov/pmc/articles/PMC2152878/pdf/procrsmed01431-0206.pdf,678d66746b76c7ffdfd28cf557a491db
https://pmc.ncbi.nlm.nih.gov/articles/PMC7010616/,83c4b4743603db2f73e783a6eee61388
https://www.sciencealert.com/eye-infections-can-be-far-more-serious-than-you-realize-expert-warns,c3f546eea545ce04044e0757a0021ac2
https://vetmed.tamu.edu/news/pet-talk/pig-skin-conditions/,29763be4d1328fd0d69a82c0a87908e6
https://www.business-standard.com/amp/article/pti-stories/5-injured-after-4-9-magnitude-quake-hits-china-s-yunnan-117020900153_1.html,2dea1b48b009d376cca9e885f4a51f39
https://web.archive.org/web/20200528065743/https:/www.japantimes.co.jp/news/2020/05/19/asia-pacific/earthquake-southwest-china/,1cf48ccc1ec6f62b76eea9d93c5ad968
https://www.business-standard.com/article/news-ians/150-killed-in-china-quake-114080300533_1.html,4d2eeb9aa170a7bd6c09b05469de75e6
https://www.business-standard.com/amp/article/pti-stories/33-killed-dozens-injured-as-quake-hits-southwest-china-114080300504_1.html,d13b89dac90b55211cc7fb7a18299c75
https://www.thestandard.com.hk/china-news/article/203260/Three-injured-in-52-magnitude-earthquake-in-Yunnan,1e755588bebab0f8292c66b7bd4341de
https://earthquakelist.org/china/yunnan,a264c0f540defa8dbad2c436797c10c5
https://www.yndzj.gov.cn/eportal/ui?pageId=724139&currentPage=3&moduleId=97b1eee1247f444e9fa7c4058557f8af&staticRequest=yes,f7b614d2b06ed4443749ea104452a8f0
https://www.politifact.com/factchecks/2024/oct/23/jd-vance/vance-wrongly-blames-rural-hospital-closures-on-im/,735518726a512fa0276d4735055b2db5
https://www.aol.com/articles/vance-brings-receipts-target-dems-170116423.html,fd4ae199d27d50df4360eee03f40efea
https://www.thepoke.com/2025/10/02/jd-vance-took-aim-at-illegal-aliens-blocking-up-er-waiting-rooms-and-these-13-comebacks-should-be-available-on-prescription/,83953bc58bf7b32bf1aa0680130ebcec
https://www.startribune.com/fact-focus-a-look-at-false-claims-around-the-assassination-attempt-on-former-president-trump/600380967,7b74cd84386d0fa83a1b2d70d546fe99
https://www.cbsnews.com/news/trump-rally-shooting-misinformation-conspiracy-theories/,e3528b84db1971f50f8b403274ddb3c9
https://mythdetector.com/en/disinformation-about-the-attack-on-trump-under-the-name-of-a-secret-service-sniper/,0ec0821cccec5b194c0d41545092557b
https://www.politifact.com/article/2024/jul/25/politifacts-coverage-of-the-donald-trump-assassina/,4964304fdc2a1e75d811abb4b49a6436
https://mythdetector.ge/en/disinformation-about-the-attack-on-trump-under-the-name-of-a-secret-service-sniper/,47e3ec8a5b4b7e63d73e650faff59761
https://wegotthiscovered.com/politics/was-a-secret-service-sniper-really-ordered-not-to-shoot-donald-trumps-attempted-assassin,3b9144a09ebe894b821953478c9b3e74
https://www.yahoo.com/news/no-evidence-supports-claim-secret-215453774.html,12c26961caa07fa19cff3c8986563a23
https://news.stanford.edu/stories/2019/06/urban-rural-divide-shapes-elections,9be77481e069a5189a1a31b83c34ccf9
https://worldpopulationreview.com/state-rankings/blue-wall-states,bb45591ac74ba06fe29f6fb1bb4dd53b
https://www.270towin.com/content/blue-and-red-states,2fad2dcb20a57b2f59dfd0fb16b645b5
"https://ballotpedia.org/Election_results,_2024:_Partisan_balance_of_mayors_of_the_100_largest_cities_by_population",3880a94e9813257e1cefd88fe420c6fc
https://www.cdc.gov/mmwr/volumes/73/wr/mm7314a5.htm,786b91908b4bba4cb9c8b50d7ecffdf3
https://pmc.ncbi.nlm.nih.gov/articles/PMC9905103/,4b81b08c9a87b0dda0d61d3ffa579289
https://covid19.nih.gov/news-and-stories/covid-19-vaccines-myocarditis,ef62f88a7ae343f92127bceb0960e658
https://www.cbsnews.com/news/red-lobster-closures-bankruptcy/,855a8c27ed5d3d9d4e57177798468b18
https://restaurantbusinessonline.com/financing/red-lobster-closes-multiple-locations-owner-plots-turnaround,7ec7d5cf310a54009f21963aaf229b79
https://economictimes.indiatimes.com/topic/red-lobster,3b95db4e57b2326abf4c41853ca01f79
https://www.deseret.com/business/2024/05/20/why-red-lobster-filed-bankruptcy-ultimate-endless-shrimp-inflation-pandemic-cheddar-biscuits,c0b7299e42cde6e59af46fc6e4d334bc
https://www.newsweek.com/red-lobster-sudden-closing-sparks-maga-backlash-1900494,94c9f8ff24e7d9806e93e4f4c52e3b65
https://www.thestreet.com/restaurants/red-lobsters-emergence-from-bankruptcy,dd79b852a3b8c37a16ce8aec35fc3e75
https://hsr.ca.gov/2025/08/22/news-release-delivering-high-speed-rail-for-californians-supplemental-project-update-report-provides-a-path-forward-to-delivering-the-first-in-the-nation-system/,7a1caea795c72e21294514b23e965a84
https://hsr.ca.gov/about/project-update-reports/2025-project-update-report/,a47d2771ed4b3f528bfce6e9c22119db
https://buildhsr.com,d18ff7a176493e15841fad6e4e91a28c
https://www.vvdailypress.com/story/news/2025/10/22/brightline-west-2026-construction-southern-california-to-vegas-rail/86812607007/,381b474fe37305dd8223b071a23b4909
https://calmatters.org/commentary/2025/08/california-high-speed-rail-strategy/,1a571bf2d7669e73f282eb4b359e979f
https://timesofindia.indiatimes.com/world/us/california-mocked-over-11-billion-high-speed-rail-bridge-that-took-9-years-to-build-leads-nowhere/articleshow/109858107.cms,0caff755cadf0c71205961cb3b9c8780
https://www.youtube.com/watch?v=80Sl55ZQaPU,3cca180121c5f1e223684035c4a716f9
https://nypost.com/2024/05/04/us-news/california-mocked-over-high-speed-rail-bridge-to-nowhere-that-took-9-years-to-build/,90f7d6cf52a5bb03efdf9b064dbc580e
https://www.usatoday.com/story/news/factcheck/2024/05/13/california-high-speed-rail-11-billion/73644153007/,301ae169b385f59d5bd59c1d27b2628f
https://www.newsweek.com/fact-check-has-california-spent-11-billion-high-speed-rail-stretch-1901106,c3e6c944a23b1096270ed290330f3f67
https://www.usatoday.com/story/news/factcheck/2024/05/13/california-high-speed-rail-11-billion/73644153007,99d4b0e32c0df665c7bbd369e8d334e8
https://www.crfb.org/blogs/factchecking-tax-claims-2020-election,1c92bfd92e67398e4bc5baa4da7575da
https://www.youtube.com/watch?v=2TqYG9ykTlg,52a8437b1bb0b841d35d44f51b13b60d
https://www.aol.com/news/state-union-biden-push-wealth-100308809.html?guccounter=2,c473869a6092a0db195966421c91b789
https://www.politifact.com/factchecks/2024/jun/04/donald-trump/donald-trumps-false-claim-that-joe-biden-wants-qua/,8908f24d59e6909064a11c1af06843de
https://www.politifact.com/factchecks/2020/aug/26/facebook-posts/another-widespread-facebook-post-spreads-false-cla/,dd984212915233d466b66cc9faae9b25
https://dictionary.cambridge.org/dictionary/english/said,2a12447070bcfd4a94f64bae0e6459f1
https://www.usatoday.com/story/news/factcheck/2024/05/09/biden-promised-to-raise-taxes-on-wealthy-not-everyone/73598895007/,87821bf503a3bb44db10077e231c0ece
https://www.newsweek.com/fact-check-did-biden-raise-tax-burden-americans-earning-20000-1797170,f8cddc87f2a8f08d2ff4c53cf6517873
https://www.cbsnews.com/philadelphia/news/wildwood-new-jersey-memorial-day-weekend/,4b80545ffdbef8e10a824c86c729a6ee
https://www.fox5ny.com/news/donald-trump-heading-to-jersey-shore-to-rally-mega-crowd,416b29bb3523f789355ecb630f36424e
https://patch.com/new-jersey/oceancity/100k-wildwood-trump-rally-officials-still-developing-plans,995cdc497b44a842af04321c6aafc8de
https://www.newsweek.com/fact-check-logan-paul-new-jersey-donald-trump-rally-1913041,6c5bfaab7ed1bfb814ed32511032f4b5
https://www.insidernj.com/trumps-wildwood-mirage/,12ebd0738923055299343fae659a0d25
https://ocnjdaily.com/news/2024/may/12/trump-rally-draws-tens-of-thousands-of-supporters-,5d8beca329e4b64a8500c9f9edfef25d
https://www.aol.com/news/columbia-disciplines-dozens-students-pro-215125208.html,1e3135243e06a4577fba7a27882b9b9b
https://tribune.com.pk/story/2557418/columbia-university-suspends-80-students-over-pro-palestinian-protest,082dc6911ae42995b7462b77b7cd7370
https://www.zhihu.com/question/51690604,67b20de35a87089390548a12cc8a9366
https://www.zhihu.com/question/483842383,45f17797def3f84f9179f33aba5ed540
https://www.zhihu.com/question/449409965,145e68df8aa91cf9bc8d2e979dbbae8a
https://www.zhihu.com/question/24530461,23711d0a88122b0ff89c806a4ea6faef
https://www.zhihu.com/question/62220138,291fb045ba2dbf07e279495ac9358b9e
https://www.thetimes.com/us/news-today/article/us-colleges-face-their-next-big-challenge-furious-parents-t333t6stf,a20045d8674f61749d793b8562a5393d
https://www.foxbusiness.com/politics/columbia-universitys-antisemitism-chaos-tuition-refunds,bab26af5447eee87d33cc7db132874b3
https://www.aol.com/news/california-fast-food-wage-law-173113956.html?_guc_consent_skip=1724689933,48933e6facae475a2de2f37d9ae68f07
https://www.dictionary.com/browse/raising,50031dd8f01b80d30bf13d66382b223a
https://www.collinsdictionary.com/dictionary/english/raising,ac188557b27adc6c1c839dd66a22f237
https://www.merriam-webster.com/thesaurus/raising,8039ac63ee1669fb69333b8dfe9a0eb0
https://www.foxnews.com/media/biden-admin-assures-title-ix-updates-wont-allow-biological-men-compete-sports-experts-not-true,90879c160444e64477a54dcc4755df0a
https://www.outkick.com/sports/espn-misleading-headline-transgender-athletes-joe-biden,d82892e59475ea32f7c2e6fef869afd3
https://www.politifact.com/factchecks/2021/feb/02/facebook-posts/biden-administration-did-not-dictate-specific-chan/,0b66605ad2c02b342c1c45ad0a097782
https://fedsoc.org/commentary/fedsoc-blog/trump-hhs-clarifies-biden-rule-on-gender-dysphoria-discrimination-is-not-enforceable,97e935e26922d5c1db62c136f7831751
https://www.foxnews.com/sports/biden-believed-transgender-athletes-had-unfair-advantage-against-biological-girls-report,6f102654566f05cc66cd228e17d973a9
https://www.washingtontimes.com/news/2024/may/10/joe-biden-blasted-for-touting-womens-sports-after-/,d7ef18c98f6eefb047a1d6fc669f043e
https://www.washingtontimes.com/news/2024/dec/23/joe-biden-blasted-keeping-title-ix-redo-axing-tran,f355e1ea39a9f6726bcb6a1ca0325774
https://www.statesman.com/story/news/politics/politifact/2021/02/05/president-joe-biden-administration-did-not-dictate-specific-changes-sports/4404020001/,26bdd100bbde2e7462e9abd6083d51dd
https://www.usatoday.com/story/news/factcheck/2021/02/02/fact-check-biden-executive-order-discrimination-transgender-women-sports/6686171002/,44a1b0b2c2d9fae3925ea07c0ea8d10c
https://apnews.com/article/title-ix-sexual-assault-transgender-sports-d0fc0ab7515de02b8e4403d0481dc1e7,15bb8c997e05cdf0ed1c98ce85d40244
https://keyt.com/politics/cnn-us-politics/2024/03/16/everything-he-is-saying-isnt-true-congolese-governments-denounce-trumps-baseless-stories-about-emptied-prisons/,e9630bb9da88cf2572d2dd3273087883
https://kion546.com/politics/cnn-us-politics/2024/03/16/everything-he-is-saying-isnt-true-congolese-governments-denounce-trumps-baseless-stories-about-emptied-prisons/,eb3703ecc9f1e1a2b1215821438dcd57
https://www.politifact.com/factchecks/2024/jun/12/donald-trump/no-evidence-for-donald-trumps-claim-that-congo-is/,05dab557287cfb5bcd2d3e2cfb4c242a
https://www.themarshallproject.org/2024/10/21/fact-check-12000-trump-statements-immigrants/emptying_prisons_jails_mental_institutions,6559f4b373e68473c05b8b678f659d77
https://www.politifact.com/factchecks/2024/jun/12/donald-trump/no-evidence-for-donald-trumps-claim-that-congo-is,a1c8fc45943c07657fcf92746b4db713
https://apnews.com/article/congo-prisoners-makala-prison-escape-44cff6103775f59bd8fabe6e82b952bc,130b5668773573323a6743e42afd7d80
https://www.politifact.com/factchecks/2022/mar/16/tyler-kistner/claims-biden-secretly-flying-immigrants-us-cities-/,5543126e25cb52bb6856722a09c911b9
https://krdo.com/news/ap-national-news/2024/03/06/fact-focus-biden-falsely-accused-of-secret-flights-for-hundreds-of-thousands-of-immigrants/,7c53d90c59201e00064d1f7077bd431a
https://www.cbsnews.com/news/immigration-parole-biden-administration-1-million-migrants/,50e927f6a32c5ccee2e06636eb162163
https://apnews.com/article/fact-check-misinformation-immigrants-parole-biden-trump-musk-dbd634820b3f8d07b859b8a05b2b20a7,11a8ad2fc5740319269ebebf0aecdbdf
https://www.dailymail.co.uk/news/article-13155765/biden-illegal-migrant-flying-program-national-security-vulnerability.html,e2346752cc1bea09f5230d13b5e8e5b1
https://thehill.com/homenews/ap/ap-u-s-news/ap-fact-focus-biden-falsely-accused-of-secret-flights-for-hundreds-of-thousands-of-immigrants/,d51083d1433c1fa885711357bbb1fe56
https://www.usnews.com/news/world/articles/2024-03-06/fact-focus-biden-falsely-accused-of-secret-flights-for-hundreds-of-thousands-of-immigrants,0c720d8b348ed5de10ed985fe5d0ede6
https://www.aol.com/news/fact-focus-biden-falsely-accused-235631582.html,ea0dee648ec84ee80818299fbacb1be3
https://www.sfgate.com/local/article/2-bay-area-macys-closing-2025-20027661.php,0660c5f77efbc5fc0d47286526cf315b
https://www.cbsnews.com/sanfrancisco/news/san-francisco-flagship-union-square-macys-store-not-on-2025-closure-list/,cc9809b32b95a44f2c52e24164e46dbe
https://sfstandard.com/2024/02/27/macys-union-square-rise-fall-retail/,687496ffb84f6e21e795cc4b25d41770
https://www.ktvu.com/news/macys-closing-bay-area-stores-2025-list,1606932dbf5d5ec94f783d4eb0e7f870
https://www.cbsnews.com/sanfrancisco/news/historic-flagship-macys-in-san-franciscos-union-square-reportedly-among-stores-slated-to-close/,6bcaded9b576dfcc4ccdd2365462cce6
https://sfist.com/2025/01/10/union-square-macys-escapes-the-ax-in-latest-macys-closure-list-but-its-days-are-likely-still-numbered/,32a6df1661727345ae933581bcfce6c6
https://sfist.com/2024/02/27/retail-experts-weigh-in-on-macys-union-square-closure-saying-downtown-shopping-may-be-a-thing-of-the-past/,a5b9ad1835bc7e9dd3a8e51955aba171
https://www.reuters.com/business/retail-consumer/macys-mulls-closing-san-francisco-flagship-amid-plans-shutter-150-stores-2024-02-27/,35936877b8194d33bd3e55b2f63bd4e0
https://www.ktvu.com/news/macys-closing-150-stores-nationwide-including-san-franciscos-flagship-union-square-store,ad38f3652007d19a8a4705814cbc5dee
https://www.newsbreak.com/california-traveler-561014/3354482213046-did-san-francisco-s-doom-loop-kill-macy-s-union-square,d6ca2ba7be694132cc11a3b356f04fc6
https://bayareatelegraph.com/2024/02/28/what-the-closure-of-macys-union-square-means-for-the-future-of-san-francisco,c89b5fc27d393fbf2b9e5a89377e5cf0
https://lawenforcementtoday.com/why-are-all-those-military-aged-chinese-men-entering-the-us-in-record-numbers,18ba7efc4f498d964437456e840a9ae3
https://www.politifact.com/factchecks/2023/may/19/tiktok-posts/no-evidence-that-chinese-immigrants-at-us-southern/,e0e08823f3512fd585e0304b70090f9a
https://idsecuritynow.org/blog/f/border-patrol-warns-of-rise-in-chinese-military-age-men-crossing,2c5a5921147bb2cb4d347fe332b9063f
https://www.iheart.com/podcast/92-need-to-know-with-jeff-ange-28238026/episode/military-aged-chinese-men-are-crossing-our-155475498/,0d03d9fe516b96822184b0e4c7886bb6
https://www.politifact.com/article/2024/feb/07/as-chinese-immigration-to-us-rises-republicans-and/,758d7aced4cd6065f521248acf2e7900
https://www.foxnews.com/us/chinese-migrants-pouring-across-southern-border-spark-national-security-concerns,0ccfd286ff83b6721b26dd6d8ea1b452
https://www.politifact.com/article/2024/feb/07/as-chinese-immigration-to-us-rises-republicans-and,7150425265da9758140f4dd18740c1ed
https://foreignpolicy.com/2024/07/23/chinese-migrants-arent-an-invading-army,7e5dc7653069559d34451b3b081d66b9
https://ckom.com/2024/05/12/trump-suggests-chinese-migrants-are-in-the-us-to-build-an-army-the-migrants-tell-another-story,211d2cf5ef99a9df565c3a089abe2ab3
https://www.politifact.com/factchecks/2023/may/19/tiktok-posts/no-evidence-that-chinese-immigrants-at-us-southern,03742e0177daf962aca55a312adab2ed
https://www.politifact.com/factchecks/2024/jun/06/donald-trump/fact-check-trumps-ridiculous-claim-that-millions-o/,e254ba7599e0ff1f80ba2f0db7862042
https://www.politifact.com/factchecks/2024/mar/01/facebook-posts/undocumented-immigrants-are-not-proof-of-a-scheme/,1792aeeb30af221883161756d658ee1d
https://usafacts.org/answers/how-many-migrant-encounters-are-there-along-the-us-mexico-border/country/united-states/,53564c39f397a2bb7597e66738dc9332
https://adamisacson.com/feed/,d4a5f367bb518fdb7297e446df6d0a11
https://www.zhihu.com/question/390741184,c671c59c571b46ace4ef83e9c80a6825
https://www.newsweek.com/fact-check-have-there-been-900000-border-encounters-2024-1869944,e47f6f31f9ee7cd64f63e62c1dea3f9e
https://www.independent.co.uk/news/world/americas/us-politics/venezuela-tren-de-aragua-donald-trump-b2735728.html,245a723f3b5eb15fc47efd25477f9008
https://www.britannica.com/event/2025-US-Strikes-on-Venezuelan-Vessels,a1a47af5a8b0674cf85c614e8b4e7038
https://economictimes.indiatimes.com/topic/us-files-charges-against-venezuelan-gang,63aad6922cca5814c9aaf63e8baf585d
https://economictimes.indiatimes.com/topic/venezuelan-gang-threat,0c27ddcd059aacb2b5864043b1033469
https://economictimes.indiatimes.com/topic/venezuelan-gang,034b1773462227e67999838bf4cb7bfe
https://economictimes.indiatimes.com/topic/venezuelan-gang-in-us,6e1bf4c68b3d0df2db23df63e1fafb3e
https://www.theguardian.com/world/2025/apr/27/what-is-tren-de-aragua-trump-venezuela,e1b9c74541d69baca8b2d82d9c7350a0
https://www.the-independent.com/news/world/americas/us-politics/venezuela-tren-de-aragua-donald-trump-b2735728.html,1ecd2faa42c9f4efd7675bc04c1f7829
https://www.theepochtimes.com/us/elon-musk-says-outrageous-biden-plan-on-illegal-immigration-is-to-impose-one-party-rule-in-america-5579810,e92c32bb95113d423c4722149f352c13
https://thepoliticalinsider.com/musk-states-the-obvious-biden-intentionally-letting-in-illegal-immigrants-to-create-a-one-party-state/,a0fb43f05c9f855c2d213509ecbeba71
https://www.politifact.com/factchecks/2024/feb/06/elon-musk/elon-musk-is-wrong-to-say-joe-biden-is-recruiting,ad1ddae3a14dd378ef527590d517ce01
https://www.reuters.com/fact-check/biden-immigration-policy-does-not-grant-citizenship-one-million-undocumented-2024-07-05,9c360650ee09724a83a63b252ff251c8
https://www.politifact.com/article/2024/mar/25/more-immigrants-equal-better-odds-for-democrats-af,3f810e12b4e1247815baa258ec3e85e8
https://www.statesman.com/story/news/politics/politifact/2025/02/26/fact-checking-elon-musks-false-claim-that-biden-imported-voters/80252940007,4b290d70fd7d25385de23501b62baf06
https://www.politifact.com/factchecks/2022/sep/27/instagram-posts/instagram-post-wrongly-says-house-democrats-voted-/,0b439f4bbceba279110338badc67714b
https://www.politifact.com/factchecks/2019/mar/13/facebook-posts/no-house-democrats-did-vote-allow-noncitizens-vote/,488d600d7cb33d0fde8d263651a885f2
https://www.poynter.org/fact-checking/2024/no-the-senate-immigration-bill-does-not-allow-5000-people-to-illegally-enter-the-us-daily/,56311784f481f369ffa9bfaa0a0f24fd
https://apnews.com/article/border-bill-opposition-republicans-senate-189ee196093a0dbfb1d522e2d552e31a,518df35051f23d8262ec4ef1c117a917
https://apnews.com/article/voting-immigrants-noncitizen-trump-republicans-2024-1c65429c152c2a10514b5156eacf9ca7,e272147b03e2a245edc5a80a3cf951ea
https://alumni.umich.edu/michigan-alum/hacking-the-vote/,466cb70cce62bd27f48aee7fe4351947
https://www.cbsnews.com/news/false-claims-machines-switching-votes-what-to-know/,46d097d34176d9e1f1f8ef795e7697f5
https://www.reuters.com/fact-check/dominion-did-not-confirm-that-machines-had-an-issue-affecting-vote-counting-2024-11-08/,37f6957ff9827e3ee3bdeec9cf6b8f9a
https://www.rgj.com/story/news/politics/elections/2024/02/01/nevada-dominion-voting-machines-cannot-be-hacked/72426616007/,6c0255c1e20113aa38f56c009508c5b6
https://www.foxnews.com/video/6209855488001,521ecad6b123f1bb8578fdfc492c7dbd
https://www.c-span.org/program/washington-journal/j-alex-halderman-on-election-systems-and-vulnerabilities/531399,13598c73d593ee1db1b835b782b142e1
https://alumni.umich.edu/michigan-alum/securing-the-vote,b6e5ad5a41f5adfb494aef390ff83cca
https://www.cbsnews.com/news/immigration-biden-us-mexico-border/,363552051e097c5d5813b3977ecf3df6
https://www.wral.com/story/fact-check-have-8-million-migrants-come-to-the-u-s-under-biden/21233975/,bb94fcfd49292a92fa595eaf96f9ba9e
https://www.politifact.com/factchecks/list/?category=immigration&ruling=barely-true,72c9205faa0e64e33a1f970b4d2b0def
https://www.politifact.com/factchecks/2024/jan/11/nikki-haley/the-missing-facts-from-nikki-haleys-claim-about-bo,9ae58766e1365b6e0f1326cbb1a75c04
https://www.politifact.com/article/2024/jan/03/key-facts-about-immigration-data-what-it-can-and-c,21b1a046aac67eadafcca3cbec113e7f
https://www.washingtonexaminer.com/news/2791704/immigrant-influx-hurts-nyc-public-schools/,e2efeff382011452a6cb15b9b57e95fc
https://www.empirecenter.org/publications/migrant-influx-helps-curb-new-yorks-k-12-enrollment-decline/,80bc7f3081684fd180fcfc4952ad35de
https://citylimits.org/opinion-immigrant-youth-are-new-yorks-future-its-time-we-invest-like-it/,6bfa53808fcc1d31c918e01f1c5766c6
https://townhall.com/tipsheet/katiepavlich/2024/01/10/white-house-punts-illegals-taking-over-schools-back-as-a-new-york-problem-n2633446,14502c0e3b7a1b899f668ec9cbde6fff
https://apnews.com/article/fact-check-house-migrants-school-shut-down-673190116310,f968b856c9762d5ad8028dd498bf6143
https://apnews.com/article/migrants-asylum-new-york-eric-adams-schools-2c61324054e55b0532c48996794cc30a,196c69ebdc740e72b3a5ab52110e6382
https://gothamist.com/news/more-than-1000-nyc-kids-leave-school-after-hitting-shelter-stay-limit-data-shows,6f11b537fd4f05ebb3aa7b0c657ccd67
https://www.newsweek.com/adams-migrants-nyc-busing-council-1890314,0a3345ccc5a3308fff5bf51e1178f14f
https://www.slowboring.com/p/democrats-cant-just-go-back-to-obamas,6f2a958c8381e219fe1ee8100a328529
https://www.washingtonexaminer.com/opinion/editorials/3263193/democrats-earn-back-voter-trust-immigration/,34d38798f35d7baf50dff289082d5527
https://www.politifact.com/factchecks/2024/may/20/mike-johnson/mike-johnsons-false-claim-that-immigrants-paroled,d13d5d056ab78f1dfa6214d42979f9aa
https://apnews.com/article/migrants-shelter-flyer-mexico-voting-conspiracy-theories-e02f14ef0763684f2919dc84e9ef2458,cf7035e473f3545b4349bc2ce27504e3
https://www.politifact.com/factchecks/2022/jul/22/herschel-walker/did-biden-stop-domestic-oil-drilling-herschel-walk/,ec5d5398dcd47f5d9dde6b4bc6a48f3e
https://www.foxnews.com/politics/biden-russia-holding-back-energy,5435650139c74c639e020348cd5267a3
https://apnews.com/article/alaska-drilling-petroleum-reserve-biden-1dd8c07d2ed6e902ee6ac6298e2eaade,d8ddb63d7224be11063940bb7a150aba
https://www.politifact.com/factchecks/2022/jul/22/herschel-walker/did-biden-stop-domestic-oil-drilling-herschel-walk,1619d989d1b7719d6ab12bc3e2be5214
https://www.politifact.com/article/2023/jul/13/joe-biden-gets-some-good-news-inflation/,935fb0f2a62f401008cf9e50e15f4fff
https://www.cato.org/blog/state-president-joe-bidens-inflation-analysis,481c2e74a4406a0e76090da1737926ec
https://www.theguardian.com/business/2025/mar/16/trump-biden-economy,0f532f1f771f50057f4c411ab3fb89ea
https://www.aei.org/economics/the-biden-harris-macroeconomic-record-is-getting-a-bum-rap,49617be402b6edf48db85c67f5730862
https://www.southernliving.com/why-chick-fil-a-is-closed-on-sundays-8628136?srsltid=AfmBOoqOyLi1-ocFRXhGkGpVh3rNbuEa5LvDOAcyhnYQYEOgOlae1Koh,61bb062a6b81b86149ed8e7418bd727d
https://www.the-sun.com/money/9932572/chick-fil-a-open-sundays-new-york/,fc8f61a02d9999f714e3b64ac366a242
https://www.cbsnews.com/losangeles/news/judge-schwarzenegger-didnt-break-law-with-sentence-commutation/,bb35112409bc0bb946396c0304dd18d1
https://www.cbsnews.com/news/judge-to-rule-on-ex-calif-gov-schwarzenegger-cutting-manslaughter-sentence-of-allys-son/,c248ef9dc06b8987fe25c9fc4d38a269
https://www.cbsnews.com/tag/arnold-schwarzenegger/,133c0408d0e93e6f8ef6576c7fe4dbae
https://www.cbsnews.com/news/donald-trump-says-hes-not-happy-with-comparisons-to-hitler/,99e8a63ed40296b106d48251df0fa889
https://www.independent.co.uk/news/donald-trump-says-he-is-not-bothered-by-comparisons-to-hitler-a7466046.html,81005463049438e99e2bc903c423d80d
https://www.newsweek.com/fact-check-donald-trump-adolf-hitler-viral-quote-comparison-accurate-1843501,ad115e78b6cea27289260b4b46e0c032
https://www.seriouseats.com/weeknight-mexican-recipes-11828709,d894edbe557d898b6334f84e8ba4f923
https://www.paintingdenver.net/uncategorized/nasa-confirms-second-solar-phenomenon-in-november-2017/,334e6e448c11a8af7d336861da3cc943
https://www.politifact.com/factchecks/2017/jun/14/blog-posting/its-fake-nasa-never-said-earth-will-go-dark-15-day/,781a429796c9d90bedf065238d90af8b
https://www.indiatimes.com/news/world/nasa-never-said-that-earth-will-go-into-15-days-of-darkness-in-november-so-don-t-believe-it-328520.html,c8722d4b8826fb1c790d87d246983dd9
https://bgr.com/science/15-days-of-darkness-nasa-rumor/,8e1b8423c48ea6ec40e95ec0cca22b40
https://www.business-standard.com/world-news/us-imposes-sanctions-on-el-chapo-s-fugitive-sons-offers-10-mn-bounty-125061000044_1.html,c2482df34aa6667ca009e7b22e050b9b
https://www.fox32chicago.com/news/wanted-us-offers-10m-son-el-chapo,5fbef2a51623fbb7c22bd39cf16066c6
https://www.cbsnews.com/news/el-chapo-on-donald-trump-mi-amigo/,0b2d6cf2c904ea1fdc1601198f54b742
https://www.cbsnews.com/news/us-10-million-reward-el-chapo-fugitive-sons-sinaloa-cartel/,c71c69bf28e4fd48f09ed78eebe71580
https://www.cbsnews.com/sanfrancisco/news/trump-calls-on-fbi-to-investigate-death-threats-tweets-from-man-claiming-to-be-notorious-drug-lord-el-charos-son/,08b07aacdec2b3e78c718b0ca4994d1d
https://www.newsmax.com/world/globaltalk/trump-sanctions-mexico/2025/06/09/id/1214179/,28e07f3f2c49356732fd41d8296eff6d
https://www.cbsnews.com/news/joaquin-guzman-el-chapo-trial-new-york-city-brooklyn-begins-today-2018-11-13/,d76432cd25bbc2e0dac0455428600c6f
https://www.politifact.com/factchecks/2020/may/19/facebook-posts/no-el-chapo-didnt-testify-he-paid-democrats/,273d799f5cedcdee19c68a03067fca7f
https://www.foxnews.com/us/mexican-gangs-offering-up-50k-bounties-ice-agent-assassinations-us-dhs-says,67eeec8c3070927f632ad447ec9119b6
https://notallowedto.com/el-chapo-sets-100-million-bounty-on-donald-trumps-head/,46efd5b1092249e47f3b67c5d6c93e1b
https://www.foxnews.com/world/chapo-guzmans-rumored-100m-bounty-on-donald-trump-is-reason-for-concern,5ee9de4e440c03f14b2a3f0bedde9d32
https://www.cbr.com/sylvester-stallone-dog-rocky-repurchased-15000/,6c88fa06912dea2bb823179d6bc2fe57
https://telegrafi.com/en/periudha-e-pikelluar-e-jetes-e-sylvester-stallones-e-ka-shitur-qenin-e-vet-per-25-dollare-per-te-mbijetuar-tregim-cili-tju-beje-te-qani/,21c270f1ca3b7bc3c5cd2c35fbafe67a
https://www.imdb.com/title/tt0075148/trivia/,140ba90d3e9934ed799cf50fd6a94c46
https://www.good.is/broke-sylvester-stallone-was-forced-to-sell-his-dog-then-he-came-for-him-with-his-first-paycheck,7cb0c9ff4e3b12a0d98121a4c427be36
https://www.financialexpress.com/trending/meet-hollywood-star-who-had-to-sell-his-dog-for-25-later-became-highest-grossing-actor/3777666/,78de1fcbaec3458d44d06ff7dcd19143
https://telegrafi.com/en/the-sad-period-of-sylvester-stallone's-life-he-sold-his-dog-for-25-dollars-to-survive-a-story-that-will-make-you-cry/,dbd7e54535e686f76b2f614310a42856
https://www.koimoi.com/hollywood-news/sylvester-stallone-was-so-broke-while-filming-rocky-that-he-sold-his-dog-heres-the-full-story/,cad3d5db9df596b96c6bbbee2a602a3c
https://www.cbsnews.com/news/charleston-sc-church-emanuel-ame-to-receive-2-5-million-dollars-from-memorial-fund/,4bddc049898101e103061497580c5c05
https://abcnews4.com/amp/archive/charleston-sheriffs-office-debunks-fake-news-story-about-dylann-roof,7b8fd948dbef89f0cd0da946e26a850e
https://www.cbsnews.com/charleston-shooting/2/,dbe5f8c4d68e69d4f08f777f103b37b7
https://andscape.com/features/how-fake-news-led-to-dylann-roof-to-murder-nine-people/,908971d86d15d5075098616d2787f17b
https://thesource.com/2015/06/29/has-dylann-roof-received-4-million-in-donations/,d938cde0df0fd4a419fa0a46afeefe7f
https://pmc.ncbi.nlm.nih.gov/articles/PMC6678537/,da00190457d36918dcb76c84f4b5583c
https://www.hindustantimes.com/world/how-chinese-are-riding-escalators-after-tragic-accident/story-EzqAalWhWF252fiPqMEQ0O.html,1f68bfad6af2edbcf33140991916fbcd
"https://telegrafi.com/en/leaning-on-the-escalator,-the-Chinese-woman-falls-to-her-death-from-the-fourth-floor-of-the-shopping-center,-the-security-cameras-record-the-moment/",977a9adb9144acf83c33ab9a7c6c07c3
https://pmc.ncbi.nlm.nih.gov/articles/PMC3628462/,176bc8ad5eb653d95f3620e5d004d113
https://www.scmp.com/news/hong-kong/society/article/3293512/father-fears-hong-kong-mall-escalator-safety-after-sons-foot-gets-trapped,8accfc4b094d5e543362441a5fd1ccf5
https://www.cdc.gov/mmwr/preview/mmwrhtml/00000061.htm,0990b1cc5d872ddd55967c6006b18795
https://www.politifact.com/factchecks/2025/sep/26/donald-trump/no-small-children-dont-receive-80-different-vaccin/,8d44816a1f9e4700c20c37a0c35a5676
https://www.cdc.gov/Mmwr/preview/mmwrhtml/00000990.htm,4849e6f44c3fe37a5dee935c1a643f76
https://www.cdc.gov/mmwr/volumes/72/wr/mm7236a5.htm,d7abc86009c983713c0d3f3c314aea54
https://www.jsonline.com/story/news/health/2025/08/05/what-we-know-about-the-wisconsin-measles-cases-in-oconto-county/85526900007/,50573ee7b0624e6c60a621d18aedbc6c
https://knewz.com/former-treasury-secretary-rips-trump-over-jobs-numbers-lie/,f8e03103c2ffa4fa6564253377727023
https://www.aol.com/larry-summers-says-trumps-accusations-134200456.html,134ddf6c2daf91f6eee127cfc52ee4b4
https://www.thedailybeast.com/former-treasury-secretary-larry-summers-eviscerates-donald-trump-for-firing-bls-chief-really-scary-stuff/,898bc24c1ec0e3c2782c507782cc0512
https://www.politifact.com/factchecks/2024/aug/23/donald-trump/donald-trumps-pants-on-fire-claim-that-biden-harri/,78afa458df533840b69198e4ea1fdc22
https://www.science.org/content/article/why-top-economist-discounts-trump-s-claim-u-s-jobs-data-are-rigged,6e90ea3fb33ca768ee1ff7793bcd2f2b
https://www.washingtonexaminer.com/daily-memo/3799928/the-grim-news-about-jobs/,bdc45957e03981d45889de09bd3f7712
https://www.politifact.com/article/2025/sep/11/bls-jobs-benchmark-revision-911000/,3c1c7f309c99dc31810c563933f7db95
https://www.forbes.com/sites/dereksaul/2024/08/21/us-added-818000-fewer-jobs-than-previously-thought-from-march-2023-to-march-2024-government-says/,9f9604d63576ea639ed05408189e590d
https://www.newsweek.com/gavin-newsom-warns-trump-crashing-economy-jobs-numbers-revised-down-2107743,24514f0aefec1cd71c746abacaafb9e5
https://www.newsweek.com/donald-trump-job-numbers-revised-down-fires-appointee-2107768,7621dfc0f1156986fea159c973240196
https://usafacts.org/articles/how-does-the-us-government-gather-the-monthly-jobs-report/,5dacb0785900289b8aebab2612fc97ab
https://usafacts.org/explainers/what-does-the-us-government-do/subagency/bureau-of-labor-statistics/,bd85ad2ed971899b1ba83a79d42f7f73
https://www.propublica.org/article/the-failed-promise-of-independent-election-mapmaking,4c6f32532df91ce0e3ae3864e59ce146
https://www.cbsnews.com/texas/news/donald-trump-wins-presidency-margin-votes-texas-2024-election/,96aa8e03236a3a0a1288cb92c9343fa8
https://www.politifact.com/factchecks/list/?target=republican-party-texas,39337ac92114d250e8cf7d79474a7e91
https://www.devdiscourse.com/article/politics/3528104-ivf-coverage-a-promise-unfulfilled-by-the-white-house,12f6157f34f2f1211c29760e042bfec0
https://www.notus.org/policy/ivf-recommendations-trump,839b8fa6a40d7ebfdf12b946c5f5555c
https://www.reuters.com/business/healthcare-pharmaceuticals/white-house-backs-away-ivf-coverage-mandate-despite-trumps-campaign-pledge-2025-08-03/,d34c58c2b1f31783036385df1bdacde7
https://www.nbcnews.com/health/health-news/little-known-approach-infertility-complicating-white-houses-ivf-push-rcna222960,d92e893fffe0e5448da9bb87ee5c0cc1
https://www.yahoo.com/news/articles/white-house-no-plan-mandate-161146179.html,d302403fe564fb633c7b9009d44db394
https://www.reuters.com/business/healthcare-pharmaceuticals/white-house-backs-away-ivf-coverage-mandate-despite-trumps-campaign-pledge-2025-08-03,06d0d39f99772dd2a3f4e0687c1f0913
https://www.cbsnews.com/news/trump-ivf-pledge-treatment-americans-waiting/,f3eb4c0ac9025053a70f863dd6f928dc
https://san.com/cc/despite-campaign-pledge-trump-ivf-coverage-plan-has-no-clear-path/,0d267ca7a62b7b8b6b9577d24c41eab2
https://www.upnorthlive.com/news/nation-world/trump-says-he-wants-government-or-insurance-companies-to-cover-ivf-treatment,7e86501fbab8e8ce3d69a1d55d34a08b
https://apnews.com/video/donald-trump-health-care-costs-assisted-reproductive-technology-kamala-harris-national-15af5da230754e12840c802e74cdfcfa,2c284c859794323bd47db5ca448a9430
https://www.bbc.com/news/articles/clyg1rlnywyo,7d153faf67a8c6e7d0b6f58d40c098ac
https://abc3340.com/news/nation-world/former-president-donald-trump-vows-to-make-ivf-treatment-free-through-government-or-private-insurance-if-elected-in-vitro-fertilization-newborns,fd82f2084e0ce640b05f2379ae9eb272
https://www.aol.com/little-known-approach-infertility-complicating-133000837.html,2d81da4d7ab9a0655571a720a94f881f
https://www.cato.org/blog/trumps-ivf-plan-mistake,8640c10daae0b76177d3a32b339c08b2
https://www.marketscreener.com/news/white-house-backs-away-from-ivf-coverage-mandate-despite-trump-s-campaign-pledge-washington-post-re-ce7c5edad98df125,91705c5e24d5a06ef432d81465b245e5
https://www.foxnews.com/transcript/justice-with-judge-jeanine-sits-down-with-former-president-trump,4a6ef8d165451cf72875f899b6b207fe
https://www.independent.co.uk/news/world/americas/us-politics/jeanine-pirro-fox-news-host-trump-b1992738.html,10904c99bbdd2240c48419c6b3a61546
https://www.foxnews.com/video/6377920331112,b379143d5eba9ef19c65d773f38343fc
https://www.imdb.com/name/nm1984860/news/,982ef7054aae3c31180247fc35b2e76c
https://www.politifact.com/factchecks/2024/dec/10/viral-image/no-this-video-doesnt-show-fox-news-host-jeanine-pi/,6ad5b1837126991ec444b4c283392b48
https://www.rollingstone.com/politics/politics-features/judge-jeanine-pirro-fox-news-trump-dc-prosecutor-1235336270,49c141d355844c81dd30abccec5dad2a
https://www.cbsnews.com/news/senate-confirms-jeanine-pirro-dc-us-attorney/,2fc03f63d2ff1fd8fb1b674cf00000fa
https://www.newsmax.com/newsfront/jeanine-pirro-ed-martin-us-attorney/2025/05/15/id/1211139/,cabc86f3c2a1a38aaa30b663c7916caf
https://www.marketscreener.com/news/latest/Jeanine-Pirro-to-be-interim-US-Attorney-for-DC-Trump-says-49884946/,7c9f30b3647b2389ad19209e92bf945d
https://www.youtube.com/watch?v=P7tK2Bt2EZQ,787e7b115a3803942d3d3120b28454d8
https://www.rev.com/transcripts/pirro-sworn-in-as-interim-u-s-attorney-for-d-c,682a74577f763e89ae3e81fb28fea502
https://thehill.com/video-clips/5321423-trump-appoints-jeanine-pirro/,eb434e5fed266e53e8075096428d90b5
https://www.foxnews.com/politics/jeanine-pirro-sworn-interim-us-attorney-pledging-no-more-mercy-criminals,6f2f03d119907b81294e34d183046246
https://rev.com/transcripts/pirro-sworn-in-as-interim-u-s-attorney-for-d-c,6e8d6ae86a852cb490442c50ff1f8bd2
https://www.aol.com/senate-confirms-former-fox-news-002644528.html,fce15f119feb1a9e45e72f88aa179390
https://www.upi.com/Top_News/US/2025/08/03/senate-confirms-pirro-as-top-prosecutor/2621754252886/,384c204831bf58c0861e018990cf67d9
https://www.youtube.com/watch?v=6wU4TTUgX6Y,d3f0fec2ba0c68000557c8cb6f6beeb2
https://www.washingtonexaminer.com/news/senate/3489614/senate-confirms-jeanine-pirro-top-dc-prosecutor/,d0055ec6a957ac126c0a8a7d7a5a8b71
https://www.aol.com/senate-confirms-former-fox-news-011627721.html,ce32076a4dcec446f4c857a42b415162
https://fortune.com/2025/08/04/jeanine-pirro-confirmed-senate-federal-prosecutor/,85db772f7b6d760262b5c88ebda96555
https://package.true.th/th/package/EbmQL,6f63e994345594ce2fbfb434ba4f5cc4
https://westchester.news12.com/former-westchester-county-da-jeanine-pirro-confirmed-as-us-attorney-for-washington-dc,ffe3b2e60d3e33f6bb061e222a2c16f3
https://nbcmontana.com/news/nation-world/ghislaine-maxwell-sentenced-to-prison-for-helping-millionaire-jeffrey-epstein-abuse-girls-teenagers-minors-children-20-years-bill-clinton-donald-trump-england-prince-andrew-did-epstein-kill-himself-socialite-royals-presidents-billionaires-new-york-courto?photo=2,26ef135a3a4a06a73b3d76e4b354ec3f
https://www.clickorlando.com/topic/Ghislaine_Maxwell/,49aa406c5c474c79ff9719cfec63d3a1
https://www.princegeorgecitizen.com/politics/the-latest-justice-department-completes-interview-with-ghislaine-maxwell-epsteins-accomplice-10993727,b13d1a261ece34d987e4038324425511
https://apnews.com/article/ghislaine-maxwell-jeffrey-epstein-sentencing-aeac127f9cc3811d975ce8e10d171260,fe8ccfd4fc324b93485e2660c7e8d80a
https://www.npr.org/2022/06/28/1107899156/ghislaine-maxwell-is-sentenced-to-20-years-in-prison,7a352d82654aeebb7edf5d973246ab14
https://www.thewrap.com/fbi-sued-by-radar-online-over-jeffrey-epstein-investigation-records,c1c10614f660bff724713afe7088ccdb
https://www.cbsnews.com/news/are-govt-web-sites-up-to-snuff/,0ebe9f153f01b454fc06c892a33e56c3
https://www.northjersey.com/story/news/2025/10/24/do-clocks-go-back-this-weekend-when-does-time-change-2025-daylight-savings-fall-start-and-end-saving/86872557007/,48c7ddaa3bd6e29cf5c4b35667f789c0
https://beebom.com/what-is-403-forbidden-error-how-to-fix/,a1c8248a307ff18e71697423302274d1
https://wordpress.org/support/topic/duplicator-says-ajax-error-status403-forbidden/,0b90fcb98e7d07d9745c8da4d41d524f
https://www.cbsnews.com/news/immigration-judge-blocks-biden-administration-from-granting-legal-status-to-spouses-of-u-s-citizens/,37baeb78a2b27bc133653b1ac27d21be
https://www.businessinsider.com/guides/tech/what-is-error-403,b534b8679e5bef4d003f25b3528df29c
https://www.politifact.com/factchecks/2018/jan/22/reaganwasright/fake-news-claims-obama-coup-behind-government-shut/,d0784d5caecd71c1e986aef64a44ab87
https://www.politifact.com/factchecks/list/?page=38&category=&ruling=pants-fire,ff88191a1572aec6c420e4f5bcd513ce
https://www.politifact.com/factchecks/list/?page=378&sp=,bc6ea1d1e775fcb8aaf4827279a279f6
https://www.cbsnews.com/news/smithsonian-trump-impeachment-exhibit/,c46eb1e7bd43ade9acec698c75316b31
https://www.aol.com/smithsonian-says-trump-impeachment-exhibits-141131617.html,51eeeecdb37b2822248fa244abbe6bf1
https://www.aol.com/smithsonian-puts-trumps-name-back-194815381.html,533ee585b3f69d348f33cc300f3b75c6
https://www.foxnews.com/media/smithsonian-temporarily-removes-trump-impeachment-references-from-history-museum-drawing-liberal-ire,5eb22a4ce39730ea02cf8753975858ac
https://sites.google.com/site/thepoliticsteacherorg/the-impeachment-of-trump,3635c5f6ed0f66bd9c2f720deb81c496
https://www.cbsnews.com/live-updates/trump-impeachment-bipartisan/,f8a3df136c12688c4091e38a2af3f607
https://apnews.com/article/trump-impeachment-vote-capitol-siege-0a6f2a348a6e43f27d5e1dc486027860,57b057cab6615af01d7ef1fa5fbc7565
https://www.bbc.com/news/world-us-canada-55656385,4fb9fdb6f332560450ff21dfad193139
https://rollcall.com/2021/01/13/houses-second-impeachment-of-trump-will-be-different-from-first/,47268e8e73ef16fb69034f386faef2a0
https://www.wikiwand.com/en/articles/National_mall,49b8f04247a3d546cd2102904e9661c0
https://www.smithsonianstore.com/museum-stores/american-history/,7cb15043dc9de3b763a69ba9d8701ece
https://www.nps.gov/wamo/,abaff0b04177e515394d340a2612c3b5
https://www.latlong.net/place/smithsonian-national-museum-of-american-history-32800.html,0f70c576738e84a9f8ac74986ced32c1
https://economictimes.indiatimes.com/news/international/us/authorities-find-14-explosives-at-tennessee-mans-home-while-serving-warrant-heres-what-happened-next/articleshow/123084494.cms,38c27cf370fcd74db249ae420db94af8
https://www.cbsnews.com/news/kevin-wade-oneal-tennessee-man-arrested-explosives/,ad918697da3939d2af7f669afe539bd6
https://www.sfgate.com/news/article/explosives-found-during-arrest-of-tennessee-man-20799424.php,2d4620b590ec9ff635163fb6f7c8992a
https://economictimes.indiatimes.com/topic/tennessee-explosives-found,ab4f7060e592d88b27532d6f33f9dd02
https://economictimes.indiatimes.com/news/international/us/authorities-find-14-explosives-at-tennessee-mans-home-while-serving-warrant-heres-what-happened-next/articleshow/123084494.cms?from=mdr,8cd08cfd81f23ef6a5bdfc609ead52ab
https://economictimes.indiatimes.com/news/international/us/authorities-find-14-explosives-at-tennessee-mans-home-while-serving-warrant-heres-what-happened-next/printarticle/123084494.cms,dba0b5f3d8c1968dd771067a265152a3
https://www.fox13memphis.com/news/explosives-found-during-arrest-of-tennessee-man-who-threatened-public-officials-police-say/article_0c5d7cd3-bbe2-4051-89b3-bf90fde6a4ab.html,4ce35a46a991f3fadae11ed6459e61de
https://www.usnews.com/news/us/articles/2025-08-02/explosives-found-during-arrest-of-tennessee-man-who-threatened-public-officials-police-say,c810919fb33a320a81c0ff6ce19262b2
https://wlos.com/news/local/old-fort-man-faces-multiple-felonies-after-drugs-found-in-suv-during-routine-traffic-stop,98419e60f4e4ece2ed64728b81d37b67
https://www.fbi.gov/news/atom.xml,98bdca8ad65e9256040a1c37529f375e
https://www.ksat.com/news/local/2023/07/05/wilson-county-sheriffs-lieutenant-arrested-accused-of-making-a-false-statement-during-investigation/,860f5aea64031266d035a005070dc49c
https://www.cbsnews.com/crime/,62a90d348df7f7a3b2584f0365487ad8
https://www.wdef.com/polk-county-suspect-attempts-to-detonate-devices-upon-officers-arrival/,f7638a731091bf32e889f77503d8956a
https://hoodline.com/2025/10/baltimore-county-detectives-apprehend-64-year-old-suspect-in-series-of-towson-parkville-and-white-marsh-burglaries/,3a2eef547f82d169833de3ad883ef440
https://www.cbsnews.com/news/sweden-school-lock-down-suspected-grenades-discovered/,42ea06ce0e4f2ea4d21211e596cb5a71
https://cowboystatedaily.com/2025/10/22/fbi-now-involved-in-capitol-bomb-investigation/,94c2ff4897ce51bd18eee15824945ca4
https://www.essence.com/lifestyle/megan-thee-stallion-taking-mom-off-life-support/,2d0f0e272313d231cd6023baefaf7f10
https://www.abs-cbn.com/ancx/culture/spotlight/10/11/19/im-no-longer-ashamed-iza-calzado-opens-up-about-losing-mother-to-depression,fd0ecff847b4c28e029bac1427af5d52
https://pmc.ncbi.nlm.nih.gov/articles/PMC4119479/,14892546dd881cd4aae9ab1657e2df1d
https://www.hollywoodreporter.com/movies/movie-news/star-wars-child-actor-mental-health-rehab-psychotic-break-1235851539,fc903ff6a4c78242c89ac9ce156bc4fd
https://deadline.com/2024/03/mother-star-wars-child-actor-jake-lloyd-update-health-quit-acting-the-phantom-menace-1235856879,0f2decf4888c34dfb2d501261aab8ffb
https://tenantlawgroupsf.com/blog/2025/april/what-can-i-do-if-im-having-a-problem-with-an-aggressive-neighbor/,e5e04549dea8274584ee1aa7584ceaae
https://pmc.ncbi.nlm.nih.gov/articles/PMC8728085/,cc62f56b74ff7f9380dd7b82284d97b7
https://pmc.ncbi.nlm.nih.gov/articles/PMC3772661/,c9b3456142c01696199a46c58a91d1b9
https://webmail.oklahoma4.create.ou.edu/askhoma/josh-was-arrested-for-shoplifting-his-mother-was-very-angry-hkmr,52019cb4033eff89d36b13186b1713e9
https://discover.hubpages.com/living/Crazy-Neighbor-Harassment-and-How-to-Deal-With-It,b62f0f0a1c56494d99ca0f59cc2d0f50
https://quizlet.com/714031806/critical-thinking-reason-and-evidence-d265-flash-cards/,d889458eb9fab5165da2624b53fe3c2d
https://quizlet.com/903942360/challenge-11-conflict-resolution-sophia-flash-cards/,dd0d006433e41fcee382e3eff7127a37
https://quizlet.com/693489394/conflict-resolution-unit-6-challenge-1-flash-cards/,fab7a869c1b47c137c6abbe1d08f4a0f
https://www.yahoo.com/news/fact-check-those-claims-woman-180000177.html,0c1d5b6857ebc38e7b11b9e433147e73
https://www.cbsnews.com/news/measles-outbreak-us-map/,246d3ed7955df6cd3ddaf3e73f41090f
https://fox11online.com/news/state/wisconsin-dhs-urges-vaccinations-as-measles-cases-rise-ahead-of-spring-break-travel-department-health-services-healthy-safety-precautions-jasmine-zapata,630c50ff57b3142e2b86b22bfaaa2517
https://www.fox6now.com/news/measles-wisconsin-health-officials-address-cases-prevention,856bab018bd883878339ffeb8891b779
https://www.cbsnews.com/video/what-dhss-new-threat-bulletin-means-for-americans/,ed7e251d844c7024704ba48f347e3dbb
http://web.archive.org/web/20220209160900/https:/www.theepochtimes.com/biden-dhs-declares-heightened-terrorism-threat_4264678.html,4a08aec62c150ff2a7a907e6f0dca0fb
https://www.dhs.gov/archive/news/2024/10/02/dhs-2025-homeland-threat-assessment-indicates-threat-domestic-and-foreign-terrorism,3ddc6f755979fa112f96f42214e91a5a
https://fox11online.com/newsletter-daily/oconto-countys-measles-outbreak-ends-with-no-new-cases-in-over-a-month-officials-confirm-unvaccinated-infections-dhs-vaccine-vaccination-virus-symptoms-contagious-sick-rubella-mmr-health-wisconsin,8f986a3f8f0cdbcd27bba1b13908f148
https://fox11online.com/newsletter-daily/new-measles-cases-dont-stop-guests-from-visiting-oconto-county-fair-vaccines-disease?photo=1,8af1d47e8356fd38bc037d28bbb1ab03
https://www.tchdailynews.com/2025/09/03/88508,f4fe49e496d3aa048be5cb45b39fb85e
https://www.barrons.com/livecoverage/sundayshows0803/card/ex-treasury-s-summers-calls-trump-s-bls-claim-preposterous--BK69YBcbOzlWvfQJfvQq?gaa_at=eafs&gaa_n=AWEtsqd9bc4TgjQZIX-XT0hyuOZaQp44ht67Mg1sdzpTYjJj0XZUmLAQFQD8&gaa_ts=68fdd4f8&gaa_sig=oIR7WXWDbrRQGIsvCcXUVEWuGQolpDFKIjRmGC-bPRL7mqa4aKNCRjQXcC_pozO9ukmLWovUV9IuHhmkmlNUAw%3D%3D,3a7d80d8abc322190693f9473fb4a675
https://www.psu.edu/news/research/story/ask-expert-labor-and-economy-2024-presidential-election,8f7a8f9363ca7595c5b683f5b3d8c3ce
https://www.foxbusiness.com/politics/trump-orders-termination-labor-statistics-official-after-jobs-report-downward-revisions,dfde9a628dadf55806dced50ec262bfe
https://www.washingtontimes.com/news/2024/aug/21/donald-trump-says-big-downward-revision-in-jobs-nu,01ada93539322e24b1b50a8b8f4dd363
https://www.washingtontimes.com/news/2024/aug/21/massive-job-revision-pulls-veil-off-joe-bidens-hap,4670a187c0c96ffc23e971dbcc499627
https://www.psu.edu/news/research/story/ask-expert-labor-and-economy-2024-presidential-election/,99c4de9fbc7ec8f939e208f2e8a331f8
https://www.cbsnews.com/news/jobs-report-revision-september-9-bls-economy-trump/,bc9c7ddcb927a6fa874e03dcc298bcfe
https://www.reuters.com/world/us/us-job-growth-through-march-expected-be-revised-down-sharply-2025-09-09/,2025dbcf5902da24cd5816da53bb42ba
https://www.foxbusiness.com/politics/trump-hits-federal-reserve-chair-powell-over-housing-industry-latest-attack-blasting-mortgage-rates,21645e1ab21b30d7f7dcd8b401723916
https://timesofindia.indiatimes.com/business/international-business/costing-our-country-trillions-of-dollars-donald-trump-calls-jerome-powell-too-stupid-after-rate-decision-central-bank-holds-rates-steady-for-fifth-straight-time/articleshow/123022315.cms,870ac877955efc026c9600c4a9d93fd5
https://timesofindia.indiatimes.com/business/international-business/ahead-of-us-fed-policy-donald-trump-fires-fresh-salvo-at-jerome-powell-calls-him-stupid-for-not-cutting-rates/articleshow/121934492.cms,9a7f092eda664098395a2b0e4ba064f8
https://www.foxbusiness.com/politics/trump-sends-mr-too-late-jerome-powell-note-showing-showing-how-other-nations-trounce-us-interest-rates,43c2f9752172b020165216160b144020
https://www.reuters.com/world/us/trump-renews-criticism-feds-powell-not-cutting-rates-2025-05-08,8aa53f3d8a5749071ae11a8dff579754
https://www.yahoo.com/news/trump-says-fed-chair-powell-071837446.html,32ccb76ad0e00e64930e32fbc513296b
https://www.aol.com/greg-abbott-says-knows-texas-041445909.html,ecabef968438825452cecee887151950
https://www.aol.com/news/redistricting-fight-continues-texas-governor-171333223.html,191bd966916a216d0664747f95695f49
https://www.washingtonexaminer.com/news/3467542/abbott-state-lawmakers-congressional-map-redistricting-texas-special-session/,d4ee7f70249d2a4ec0f2ee901bc89fb5
https://www.dailykos.com/stories/2025/7/22/2334612/-Ah-Texas-About-That-Redistricting,ddecab096496484bab2b5c79c8574d1a
https://www.fox4news.com/news/texas-redistricting-special-session-greg-abbott,7fb43fcef1f72ab051673e55d812ee6f
https://www.propublica.org/article/texas-redistricting-trump-lawsuits-courts,c9d8e6d18e97f171c313a1bb5b4e4efb
https://www.tallahassee.com/story/news/local/state/2025/10/23/desantis-redistricting-florida-black-voters/86808981007/,ab5f3865b938fa4c4c7ae86ee600e4e7
https://www.aol.com/news/congressional-maps-dilute-black-power-143753895.html?_guc_consent_skip=1727854846,3becf4d3b05aa233a1780c41f5d31812
https://economictimes.indiatimes.com/news/international/world-news/texas-house-approves-republican-redrawn-maps-democrat-says-it-rips-apart-hispanic-communities/videoshow/123424885.cms,36eb4b12f0f32087e2ae16777af4054b
https://www.theguardian.com/us-news/ng-interactive/2025/aug/01/texas-republicans-congressional-redistricting-trump,1809d0c6da6056d671b0dba0ca57f665
https://www.aol.com/texas-proposed-map-affect-battle-211500775.html,3855eb28d81c16535d35d62fdf509ad1
https://www.fox4news.com/election/2024-presidential-election-texas-county-map,83b643efdc6528e5b451682b63bdad26
https://www.opb.org/article/2025/02/19/ivf-trump-executive-order/,ec73af168c30ef410969cc0c5da1a274
https://economictimes.indiatimes.com/news/international/global-trends/trump-signs-executive-order-seeking-to-expand-ivf-access/articleshow/118371422.cms,9192d1f20b3bb5366fb8c52f99974075
https://www.usnews.com/news/politics/articles/2025-05-20/white-house-says-trump-is-reviewing-ivf-policy-recommendations-promised-in-executive-order,c7f11cd6034e364e3ae7680591332c86
https://www.reuters.com/business/healthcare-pharmaceuticals/trump-signs-executive-order-expanding-access-ivf-white-house-says-2025-02-18/,a97b0ee1939ddf5c65ef4065400bc077
https://resolve.org/white-house-executive-order-update-what-we-know-what-we-dont-know-and-whats-next/,38deb2bce7cd4ed75a82c8efabea12a0
https://www.youtube.com/watch?v=WRSLGnFDKX4,422fed46e8ff51676b88811bf6b97a94
https://www.aol.com/articles/trump-ivf-moves-huge-leap-100000516.html,5d38ba7ecf3567adc0c65b99ff647c5e
https://www.politifact.com/truth-o-meter/promises/maga-meter-tracking-donald-trumps-2024-promises/promise/1646/either-have-the-government-pay-for-or-require-insu/article/3156/,9050997f5f79476ca6821bdbfd558400
https://globalnews.ca/video/11481760/trump-says-u-s-to-slash-ivf-costs-expand-insurance-coverage-to-fertility,83c171352655ec0d20aa405321867275
https://www.newsweek.com/donald-trump-ivf-campaign-pledge-2108370,587810cc1b60c5e3c8875cd546625811
https://slate.com/news-and-politics/2025/10/trump-ivf-abortion-reproductive-rights-natalism.html,edb7d49e4758bde0bb14cc94265126ca
https://cnbc.com/2024/09/10/trump-ivf-free-harris-debate.html,c54258d03dc82d203106ca9c21333d8c
https://dailycaller.com/buzz/ivf/,0839b34ae9b16e2b914ccc4335664703
https://time.com/7005892/ivf-under-attack-fetal-personhood/,bd976b0b4666d89e83c763ca5e9294f4
https://economictimes.indiatimes.com/topic/what-is-ivf,bf4fed58c0a3c3e4f9c03cb15a21f935
https://www.politifact.com/factchecks/2024/jul/24/kamala-harris/fact-checking-kamala-harris-on-project-2025-limiti/,cb0583ce898e6c420eb36fb7901d510e
https://premierespeakers.com/speakers/jeanine-pirro,68752464bac14f8a92c2dfc767616361
https://www.wikiwand.com/en/articles/Jeanine_Pirro,b4059710f1ee6117fa33621e84bec7f5
https://www.imdb.com/name/nm1984860/,a2c0aee55761c1fdab85e9af14c4738a
https://www.imdb.com/name/nm1984860/bio/,23eab49d09a937cb73c9b114eb32d84d
https://www.washingtontimes.com/news/2025/may/28/jeanine-pirro-sworn-dcs-top-prosecutor/,f9aafe303de499b58bf0acb541710ac3
https://www.foxnews.com/video/6373576483112,9043b12c12dfe2f2c5472390a93089f9
https://nypost.com/2025/08/02/us-news/former-fox-host-jeanine-pirro-confirmed-as-dc-us-attorney-after-tense-partisan-struggle/,8e8237562fb3e4262f3e059b7eaf8762
https://www.northjersey.com/story/news/2025/05/28/who-is-jeanine-pirro-what-to-know-about-jeanine-pirro-husband-age-married-net-worth-fox-news/83901268007/,9b6e0056c10aec7f981a70c827deb731
https://www.independent.co.uk/news/world/americas/us-politics/jeanine-pirro-dc-prosecutor-trump-b2759353,598f6458dc817dd4feffaaf97939b1e5
https://theweek.com/speedreads/965083/voting-technology-company-smartmatic-sues-fox-news-hosts-27-billion-over-disinformation,453a649419e8977398b4586be9a36bd8
https://reason.com/2021/02/08/a-2-7-billion-defamation-lawsuit-says-fox-hosts-recklessly-implicated-smartmatic-in-a-conspiracy-to-steal-the-election/,b26ae281ceaddcdf4635f193f94d59f2
https://apnews.com/article/fox-news-2020-election-defamation-smartmatic-4f073b7e0206b6a1b83f911e04c29da7,889469b08319ac53fa27603117372933
https://deadline.com/2025/08/jeanine-pirro-smartmatic-fox-defamation-lawsuit-1236493282/,44bf2550106198552966570230e627d0
https://abc7amarillo.com/news/nation-world/ghislaine-maxwell-sentenced-to-prison-for-helping-millionaire-jeffrey-epstein-abuse-girls-teenagers-minors-children-20-years-bill-clinton-donald-trump-england-prince-andrew-did-epstein-kill-himself-socialite-royals-presidents-billionaires-new-york-courto,fbc746eb558d84151b62a956f841b430
https://nameberry.com/b/boy-baby-name-jeffrey,ef6f9708050e7378656920bf4536cdaa
https://www.momjunction.com/baby-names/jeffrey/,878872143c67bbcb831e62b5a251748f
https://www.britannica.com/biography/Ghislaine-Maxwell,bdc45d2e985c98c0f9cf66338b30da69
https://www.bbc.com/news/world-us-canada-61970358,84425e7f2672814364847ae2c26b33d3
https://www.dailykos.com/stories/2025/7/23/2334811/-Trump-Actually-the-Epstein-scandal-is-great-for-me,5764523ea09f6efd474f01bf03d157a0
https://www.cbsnews.com/news/trump-orders-bondi-to-release-jeffrey-epstein-related-grand-jury-testimony/,cf11413bcd5f69564cab8014fc8b08c5
https://www.npr.org/2025/07/25/nx-s1-5479144/trump-epstein-files-politics-maga,f85fb4fd38832b71b3c793c7569d74b0
https://www.britannica.com/topic/The-Epstein-Files-A-Timeline,f46d5a2b0608b5daa5cfb3a5644f68e8
https://www.politico.com/news/magazine/2025/07/25/trump-epstein-files-timeline-column-00475334,6c9ebe47b7e5976dce6aa826c73ebcc9
https://www.theguardian.com/us-news/2025/aug/03/trump-epstein-legal-cases,f7cd302ebd46e794fc2f2ab57d01af61
https://www.nytimes.com/2025/07/20/us/politics/epstein-employee-trump-investigation.html,c292baaeeef0d8e372a3d8cc6f74a731
https://www.cnn.com/2025/09/03/politics/transparency-epstein-trump-administration,e1bf54f904c014ddd76d8add34ee0fde
https://www.wunc.org/2025-09-03/epstein-accuser-says-lack-of-transparency-from-trump-administration-hurts-victims,41fe5c850f7df6464ea5377ae316fee2
https://www.aol.com/trump-administration-elaborate-mirage-transparency-155157916.html,bef76dd87bf7a2ebec46ea8725aec996
https://www.miamiherald.com/news/nation-world/national/article311314340.html,d33e01f1e696570834388d7754848c82
https://www.govinfo.gov/content/pkg/USCOURTS-utd-2_24-cv-00105/pdf/USCOURTS-utd-2_24-cv-00105-0.pdf,251f4ab6d516b8f3843aa64338511a96
https://www.fbi.gov/how-we-can-help-you/more-fbi-services-and-information/freedom-of-information-privacy-act,c07934af2c4394e0e8a5659fd3b8a9b6
https://federalcriminaldefenseattorney.com/fbi-ordered-speed-foia-document-production/,8764e0d3e58b88d3fe4841d3142b58f3
https://www.justice.gov/oip/huddleston-v-fbi-no-20-00447-2022-wl-4593084-ed-tex-sept-29-2022-mazzant-j,c05eaaf9f315e0bc9de4b0811ef44e55
https://www.justice.gov/archive/oip/courtdecisions/reprocessing.html,53252b1385b489e4f9d852740801e8fe
https://www.fbi.gov/news/stories/new-efoipa-system,ce31c13c80348086bc5e894a331f7a2b
https://www.eff.org/files/filenode/intel_oversight/20091110_openameropp.pdf,799780b9117484fa4f8fcb91e860be77
https://www.aclu.org/wp-content/uploads/legal-documents/55._Joint_Status_Report.pdf,b2c6a242d20c9e6ba2683520992e9b47
https://niemanreports.org/using-public-records-laws-to-expose-government-misdeeds/,7aafbcfe59d91be251cf8a46d700c946
https://en.wikipedia.org/wiki/FBI_search_of_Mar-a-Lago,f711bdf948e194b502f64e9c061015f6
https://www.nacdl.org/Article/September-October2018-FromthePresidentUnabletoBear,7d616e01e9b93ffea516760a1a2a73db
https://www.congress.gov/118/chrg/CHRG-118hhrg52977/CHRG-118hhrg52977.pdf,ca1c80bbf2d46bae0700f661352a386e
https://www.federalregister.gov/documents/2008/09/26/E8-22710/fbi-records-management-division-national-name-check-program-section-user-fees,bb6bcf8632a8272f1dff661862e8e9dd
https://www.cbsnews.com/news/michael-flynn-fbi-records-unsealed/,38000ac967c7ff93e87dfcae4c3e2b12
https://epic.org/wp-content/uploads/foia/FBI-Records-Management-Manual.pdf,f85fdc9c4e65162f22b5092f33ac3acf
https://casetext.com/case/shapiro-v-us-dept-of-justice-6,caecc94f85b894a16db9eb8a63b1205e
https://en.wikipedia.org/wiki/White_House_FBI_files_controversy,6a579da5a682bdb806569f00187c5c27
https://vault.fbi.gov/,e2b1cadf2085be0bb0aabbcab73ca662
https://www.nytimes.com/2025/07/24/us/politics/epstein-files-trump-bondi-justice-department-fbi.html,867258adff1d61f1736989e805a8b2ec
https://forms.fbi.gov/,1e664fa8764c7b9426c3d1c71ffcaa10
https://en.wikipedia.org/wiki/Federal_Bureau_of_Investigation,08cb2f20ea0a4832a7374b41d5852f66
https://www.courthousenews.com/fbi-ordered-work-faster-filmmakers-records-request,c53f72d8b092538deb7c56f355dbd7ee
https://www.youtube.com/watch?v=55kx_WE6Ndo,2923fee4f5500ffef9bd17c9f1fd07f8
https://www.the-independent.com/news/world/americas/us-politics/stephen-miller-immigration-arrest-target-b2801288.html,4ef7a71b39c04445cd149b4262aba925
https://immpolicytracking.org/policies/report-ice-directed-to-increase-arrests-to-meet-daily-quotas/,fc586501d0284a101301cd3e8797a6d7
https://www.fox13now.com/news/fox-13-investigates/ice-escalates-arrests-of-utahns-not-accused-of-crimes,36293590a14cf03d8d65b440f62a8ac8
https://www.emptywheel.net/2025/01/27/stephen-miller-confesses-that-trump-lied-about-immigrants/,0e2563a103fd97874982f15075ca85aa
https://en.wikipedia.org/wiki/Detention_and_deportation_of_American_citizens_in_the_second_Trump_administration,cc5765d1841c1b7c4bb9b51047cf68f8
https://forumtogether.org/article/the-first-100-days-of-the-second-trump-administration-key-immigration-related-actions-and-developments/,3f5f62e65f26dfca0b01095dd084f30b
https://www.youtube.com/watch?v=Ok2MFBwPigA,bf18ea9974fa22646e222854bbb5564d
https://www.thedailybeast.com/ice-arrests-plunge-in-humiliating-blow-to-stephen-miller/,3fe3cb9a78b11b57aec9a4d7c590241a
https://en.wikipedia.org/wiki/Mass_deportation_of_illegal_immigrants_in_the_second_presidency_of_Donald_Trump,c20c6094278d1dda8d911feb5c16f55c
https://www.thedailybeast.com/stephen-miller-called-out-for-making-completely-made-up-ice-figures/,9cd2ade234579c5c0f4b5cdc56e50fd1
https://www.youtube.com/watch?v=CO84_S8_ywE,1b94adbee75359e6515f1290314295ce
https://lemmy.world/post/33911577,ad56168dde40745120efc34ac9d96d09
https://www.allsides.com/news/2025-08-03-1245/immigration-doj-walking-back-white-house-s-goal-arrest-3000-immigrants-day,657106a114b8f80c071a371efd84f55a
https://www.axios.com/2025/05/28/immigration-ice-deportations-stephen-miller,c8586bfaea91e7ce9090e951ca66efb7
https://www.theguardian.com/us-news/2025/may/29/trump-ice-arrest-quota,641e20b451da9e083700e7901e7589e9
https://newsweek.com/trump-deportation-quota-ice-immigration-2108379,ea1074c95b9391191dab902b2b6fc54b
https://www.the-independent.com/news/world/americas/us-politics/stephen-miller-immigration-arrest-target-b2801288,bca5667331548cf8d6aef353227330af
https://www.cbsnews.com/news/ice-detentions-non-criminal-immigrants-violent-crime-convictions-analysis/,8a5a349ba2f2cbdf49f3a19984b5e5b3
https://en.wikipedia.org/wiki/Deportation_of_illegal_immigrants_in_the_second_presidency_of_Donald_Trump,3a9f53c5b7c6217731af1c8442413e05
https://www.kpbs.org/news/border-immigration/2025/06/03/immigration-official-defends-tactics-against-criticism-of-a-heavy-hand-as-arrests-rise-nationwide,f64f170f6ecc6ef98ea5cac8f0b13c58
https://www.whitehouse.gov/articles/2025/07/president-trump-delivers-again-ice-arrests-surge-nationwide/,5d6b7650e106aabf27810e5955b3d957
https://newrepublic.com/tags/ice?page=1,df279c406201ce1db1d504afdd93040b
https://www.youtube.com/watch?v=3DyxulIWf44,143450eef92aed43feaebef38cf43ff2
https://en.wikipedia.org/wiki/Mass_deportation_in_the_second_presidency_of_Donald_Trump,12b7b12c678b3998134dcffacefc48af
https://www.cbsnews.com/news/trump-directs-ice-deportations-democratic-run-cities/,21e882e907815d258b847d8d1b0475dc
https://www.axios.com/2025/05/29/ice-firings-immigrant-arrests,9e9ee7110eff42119d2049814d6f9155
https://cathe.com/the-hormonal-symphony-of-exercise-6-types-of-hormones-that-exercise-affects/,f81de8fd126e31b716441f3a7ccbe72d
https://iptp-production.s3.amazonaws.com/media/documents/2025.01.26_Trump_officials_issue_quotas_to_ICE_officers_to_ramp_up_arrests_-_T_i9iSbIB.pdf,308f92093d78bc136a37fd62c3f55f02
https://immpolicytracking.org/policies/report-ice-directed-to-increase-arrests-to-meet-daily-quotas,f236917c318b792eb16541ba9cf9dc11
https://www.reuters.com/world/us/ices-tactics-draw-criticism-it-triples-daily-arrest-targets-2025-06-10,b111d9b425ca78e398afc6568dc33da5
https://www.npr.org/2025/03/01/nx-s1-5313059/immigration-ice-arrests-misleading-claims-kristi-noem-dhs,de4d7815de0e27552671ad1dbc1c5625
https://thepublicsradio.org/npr/ice-is-making-more-arrests-but-critics-say-some-claims-dont-add-up,4005faa521745185755d5192912590b9
https://www.latintimes.com/dhs-data-reveals-ice-isnt-hitting-arrest-goals-trump-administration-577287,806980678bfd017c9520b831dcec5aeb
https://journalistsresource.org/home/how-to-make-sense-of-ice-arrest-data/,dddbaa730df051337fa89759dd5d3265
https://www.youtube.com/watch?v=lV6UkxLYRkg,214730726bf69e2ecacf8ce77b3ccd41
https://www.themarshallproject.org/2025/08/15/ice-georgia-traffic-stop-arrest-immigration,e4f58b73b5f39a1226031ae7d9436adb
https://www.youtube.com/watch?v=8gXbHHHko10,ccb8eaca6bdb4bbcf9fd6f60d2a9b2c2
https://www.lawsb.com/chatgpt-said-trump-administrations-denial-of-daily-3000-immigrant-arrest-quota-raises-credibility-and-legal-concerns/,5dc43e2bbd11dddb74a6fbc910290943
https://www.aclunc.org/news/civil-rights-groups-file-class-action-lawsuit-stop-trump-administration-s-illegal-courthouse,193b5b6e8b17e0bc94638a5eef2cf106
http://rabble-6.rabble.ca/nettednews,b717bd68004a688325389e6fc7a33774
https://peoplesdispatch.org/2025/06/03/trump-administration-sets-quota-for-3000-immigration-arrests-per-day-sparking-community-opposition/,3e68a1c4da8d545c3e30c34940969fd9
https://www.propublica.org/article/inside-ice-air-deportation-flights,ce5b84faa55e646ebf21c13701009039
https://www.whitehouse.gov/fact-sheets/2025/04/fact-sheet-president-donald-j-trump-prevents-illegal-aliens-from-obtaining-social-security-act-benefits/,5fcd72ac07c45255ac2ec3716857da42
https://blog.ssa.gov/social-security-statement-on-president-trumps-memorandum-preventing-illegal-aliens-from-obtaining-social-security-act-benefits/,db0b1089e0b14e3f1e7feff99bf8546f
https://il.usembassy.gov/dont-risk-your-future-the-united-states-cracks-down-on-illegal-immigration/,1a145d271e27fc8f83fe3366d7cb02bb
https://www.nycbar.org/wp-content/uploads/2025/03/20221419-TrumpAdminChangesImmigrationLaw.pdf,1c92a9f325992c6521dbcef2d0b3d16b
https://www.dailynews.com/2025/08/01/doj-attorney-denies-3000-arrests-per-day-directive-in-ice-ruling-footnote/,005b3b5888838be516855a7235422ce7
https://www.theguardian.com/us-news/2025/aug/03/trump-administration-daily-quota-immigration-arrests,c8330ef831f37f2dec4433f9bbc1016f
https://www.ebsco.com/research-starters/history/smithsonian-institution-founded,1e12e639ba8cfc80b55a72ce8159279d
https://siarchives.si.edu/history/featured-topics/smithson-smithsonian/who-was-james-smithson,0ebf70920097ca98f24d6742574a4172
https://en.wikipedia.org/wiki/Smithsonian_Institution,851562470cdc028c4421a73ed399e624
"https://upload.wikimedia.org/wikipedia/commons/c/c1/An_account_of_the_Smithsonian_Institution_-_its_origin,_history,_objects_and_achievements_(IA_b24864043).pdf",42557418b941d289312a9c7afe4f9e12
https://blogs.loc.gov/law/2023/08/the-smithsonian-institution-the-history-of-the-worlds-largest-museum-and-research-complex/,c06529663d912a6dee488a9b153e5f91
https://en.wikisource.org/wiki/Popular_Science_Monthly/Volume_48/January_1896/The_Smithsonian_Institution_I,df3b2f087f5c8a5b744c210228efd8b5
https://siarchives.si.edu/history/featured-topics/stories/james-smithson-founder-smithsonian-institution,81de291cf27f683c009a956c4bd2a116
https://www.encyclopedia.com/literature-and-arts/art-and-architecture/art-museums/smithsonian-institution,7aadaf4f729a01cec33a9d981fdbbfda
https://siarchives.si.edu/history/james-smithson,26abb30611d1ed80d76020c47be70014
https://www.youtube.com/watch?v=VFEhfIhuShE,95d2dd487a670873b11cb9f93c6cf2fd
https://en.wikipedia.org/wiki/James_Smithson,0c364391232c377a96029ee54378265a
https://www.britannica.com/biography/James-Smithson,fc2eaa750df73f3cdbe489ccd0a3fd5e
https://www.si.edu/newsdesk/factsheets/james-smithson-biographical-information,65ce194ffbfd0ca28ad24933ef687e82
https://www.encyclopedia.com/history/news-wires-white-papers-and-books/smithsonian-institution,3437375dbab61b4f5aed673642ac7e51
https://www.youtube.com/watch?v=-XnRq_NZzac,a4f633d8acf8346097dd4fc8720a1a80
https://www.smithsonianmag.com/history/how-james-smithsons-money-build-smithsonian-114828409/,a4d612f4b86a31fe9a59de9504177ede
https://boundarystones.weta.org/2020/12/07/whats-name-smithsonian,0cae5fdc990a65a84d0ece77d1033a2d
https://www.smithsonianmag.com/about/about-the-institution/,8652b7f78c84b443d7ac5522cc8250be
https://bestlivemusic.org/event/the-redlines-new-type-of-truth-and-more-2025-10-26-jb-dayton-oh.html,bb4a1d0f36e4ba8ef6aa1ff9abfc9a12
https://www.smithsonianbooks.com/store/science-nature/the-science-of-james-smithson-discoveries-from-the-smithsonian-founder/,0760be92a8b2fb672d4b58a009ac78b7
https://schauhaneng.blogspot.com/2025/10/anmol-vichar-bitter-truth-of-life.html,08deee3812b0514e1db77aed6b3a1b91
https://heraldandbanner.com/october-26-2025-a-prayer-of-confession/,c0ddb20d122f531a7bd1295cf57d31ca
https://www.congress.gov/event/116th-congress/house-event/LC64638/text,7df3d4a6bd13f254334524b17c2a1dc3
https://digitalcommons.pace.edu/plr/vol40/iss2/4/,23e61a06ee306138e541940c32f80338
https://www.independent.co.uk/news/world/americas/us-politics/trump-ukraine-russia-impeachment-biden-b1999738.html,f6a6025831c20e71ae759d8e3f9e63d6
https://en.wikipedia.org/wiki/Biden%E2%80%93Ukraine_conspiracy_theory,7f1349e7efbc8627247220b0c94f6885
https://www.bbc.com/news/world-us-canada-49800181,7ff7447d90ced34cfb14ccc18c4ae03b
https://www.politico.com/news/2022/02/24/ukraine-trump-impeachment-00011406,aa2dd5d97b6945825c0dd8b5c98d4b06
https://www.theguardian.com/us-news/2025/feb/28/trump-zelenskyy-ukraine-impeachment,b3bf18430d821ba6c9949c59358cdefe
https://www.govtrack.us/posts/514/2019-12-18_president-donald-trump-impeached-for-abuse-of-power-and-obstruction-related-to-seeking-political-favors-from-ukraine,a8a61a2ae5bfebe8099b0f6bd1fb2588
https://en.wikipedia.org/wiki/First_impeachment_of_Trump,f113fb2b4b3dde2ecf817b11d65509cd
https://americanhistory.si.edu/press/releases/October-2025-calendar,3ca1731cfcf0b1c8f45f2e48bc13fa46
https://www.aol.com/smithsonian-reaffirms-independence-response-white-193100754.html,04402532dc1552261a77db6957a1d5a6
https://www.closeup.org/the-trump-administration-advocates-changes-at-the-smithsonian/,e310630aa5d1985c6b5d2dc42f4d1067
https://simanaitissays.com/2025/08/18/the-smithsonians-quandary/,e8c48cdec59bae119ff4ed5c0bebc5de
https://www.americanprogress.org/article/the-trump-administration-is-erasing-american-history-told-by-public-lands-and-waters/,e0d65c2a14938e7a868e4f977ca181f5
https://thehilltoponline.com/2025/08/25/trump-administration-targets-smithsonian-exhibits-in-controversial-review/,65ff27025d11d3156fde2ee53331cb43
https://www.whitehouse.gov/briefings-statements/2025/08/letter-to-the-smithsonian-internal-review-of-smithsonian-exhibitions-and-materials/,1eb1f98de1263009082c2e3b5e377104
https://www.whitehouse.gov/presidential-actions/2025/03/restoring-truth-and-sanity-to-american-history/,5e17956ea36d8597889e87751d1b6391
https://verity.news/story/2025/white-house-lists-objectionable-smithsonian-exhibits,58f0d890730c33efb55ff3e31d8869ba
https://abcnews.go.com/Politics/video/white-house-smithsonian-exhibits-fit-trumps-view-history-124604216,a3ae10e5d8ac6c50273b56b00a823372
https://aaronparnas.substack.com/p/breaking-white-house-will-review/comments?triedRedirect=true,8f40beaab63bd9d3d3705f5a823fc453
https://www.youtube.com/watch?v=5cy5EJ26NAQ&si=ebRV7k7RotmU6Zf8,9149cabb562b7b86accc224ba6372193
https://ground.news/article/white-house-lists-smithsonian-exhibits-it-finds-objectionable,c647d7694a8bea7291fe5ff8af6d8227
https://www.youtube.com/watch?v=zba7h6CeeKA,349c2eb6d02d9a67474ee0913baf74dd
https://cathe.com/5-brain-boosting-chemicals-released-during-exercise/,8c20dab453010d86f3350e17cb6ae9a7
https://www.distance-cities.com/distance-old-fort-tn-to-chattanooga-tn,4791c98ee5112d186fdca4bf0ac63cd6
https://en.wikipedia.org/wiki/Old_Stone_Fort_(Tennessee),b0d9ea9b3895e1defc081ebd069b8048
"https://en.wikipedia.org/wiki/Oldfort,_Tennessee",a264344e55e720962ef1f53273fef4fc
"https://en.wikipedia.org/wiki/Chattanooga,_Tennessee",669d7c5ccec3d05ee294205804288735
https://www.airbnb.com/old-fort-tn/stays,0c662efb7af60adcd7a5bebc85b8c1aa
"https://en.wikipedia.org/wiki/Old_Fort,_North_Carolina",33070d716896313380739eed615e2e68
https://www.tnvacation.com/trip-inspiration/articles/day-trip-chattanooga,ecdee169bc9e8a9d5c973cd059a33d94
https://tennessee.hometownlocator.com/maps/distance-directions2.cfm?oldfort%4035.0653533936%2C-84.7324371338,3807ea63b9b4bfe19a3b744aefb5d6b0
https://www.distance-cities.com/distances-old-fort-tn,3f2173552fefd0089588dc31b2492ecd
https://www.mapquest.com/us/tennessee/oldfort-492919722,c53b961568a722a76296040d47c65e31
https://ahgp.org/tn/tennessee-military-forts.html,c6d671e6c914e2d3cff85a42cbc20130
https://www.tnmagazine.org/old-stone-fort-state-archaeological-park/,1e818267395bdf484a9c9857cc148da5
https://alloutmoves.com/blog/towns-near-chattanooga-tennessee/,bae466b7ef92a8b6921da7c3cef60791
https://en.wikipedia.org/wiki/Fort_Nashborough,e91b098709e399aab32c884dd22cd208
https://places.us.com/tennessee/old-fort/,3315e9eeda302bf00f2c775434e85503
https://www.mapquest.com/us/tennessee/old-fort-552072126,d641e46b3b3dab5a82a62a4052002caf
https://www.northamericanforts.com/East/tn.html,d6a3d498015d470793b19b85a59737dc
https://www.distance-cities.com/distance-chattanooga-tn-to-old-fort-tn,fe4a812fdb16abed88a54bde7fea609b
http://distancescalculator.com/US/distance-between-Old-Fort-TN-and-Chattanooga-TN,4b2d868f16b1716f4b0ea082c55ed603
https://economictimes.com/news/international/us/authorities-find-14-explosives-at-tennessee-mans-home-while-serving-warrant-heres-what-happened-next/articleshow/123084494.cms,f1cac3985777f287ff04e21b6e83e3ab
https://en.wikipedia.org/wiki/Al-Ahli_Arab_Hospital_explosion,be559f51fbd95bc5cd5af2f02b6dba9c
https://economictimes.com/news/international/us/authorities-find-14-explosives-at-tennessee-mans-home-while-serving-warrant-heres-what-happened-next/amp_articleshow/123084494.cms,543aa0cbc25ef84b7774c1445ae18dd6
https://www.youtube.com/watch?v=weIKpKu26J4,1db4d39b10933973614d4c9245ff038f
https://www.mymotherlode.com/news/national/4166188/explosives-found-during-arrest-of-tennessee-man-who-threatened-public-officials-police-say.html,67b4bbb75c0db2fd903aaaa4b2478bf4
https://en.wikipedia.org/wiki/ADE_651,88f226bb8496b6f4d85cc58c8bd3e0dc
https://borneobulletin.com.bn/page/59/?m=pc&a=page_v_engei_books,ca64c5cc77a97e2ef774e34b9e7db006
https://en.wikipedia.org/wiki/2016_New_York_and_New_Jersey_bombings,5b2fea41adb2c9162d942961ae105fba
https://www.scribd.com/document/467154798/doc518690234-558087890,74683692eeab21097b728b94ad9721a4
https://en.wikipedia.org/wiki/2004_Madrid_train_bombings,e1d3c36c60f2fe91f292c54b7ded5923
https://huggingface.co/datasets/tingchih/classification_claims/viewer/default/train,ddf6f68a205edd01eb19cab944596a9e
https://health.wusf.usf.edu/2023-10-19/fake-accounts-old-videos-and-rumors-fuel-chaos-around-gaza-hospital-explosion,3072fe2bcac9a3c65139b3969c68b093
http://www.theiacpconference.org/wp-content/uploads/2018/09/Event-Book-9.19.2018.pdf,99a0160ca4035e6936a6ea7c85493a9f
https://www.youtube.com/watch?v=-Pnj3sdCris,02999c2ba3c0bdd159add640f0a68400
https://behind501.rssing.com/chan-13415093/all_p6.html,5bdea109ced5b157f40e22e4d520fae6
https://tildes.net/~news/1iw8/dozens_wounded_after_pagers_detonate_in_lebanon_media_and_security_officials_say,1d88af697775670038b97f1f273cbb4a
https://www.worldradiohistory.com/Archive-All-Music/Billboard/80s/1988/BB-1988-01-30.pdf,10a8188e8d4d61e16cca153b980b5696
https://www.cbsnews.com/news/hezbollah-pagers-explode-israel-taiwan-hungary-gold-apollo-bac-consulting/,712fa2fb527af7365cbc357553013122
https://en.wikipedia.org/wiki/2024_Lebanon_electronic_device_attacks,580fb4fe5bf5a095627ae8f47ba4786a
https://www.medchemexpress.cn/literature/MCE-ELISA.html,c581c7882db460cf48791cf1ae77b9f3
https://baike.baidu.com/item/酶联免疫吸附试验/7213287,30b8929df0b2e8460ce1a975904d0f4c
https://zhuanlan.zhihu.com/p/625621211,0a9750bf9e66be5d31e884434cd87236
https://zh.wikipedia.org/wiki/酶联免疫吸附测定,c2d69caf6e382d9c8e726b35c06c2c54
https://en.wikipedia.org/wiki/ELISA,0ad441cf555946f5bd34eadd64513f82
https://news.sky.com/story/tennessee-man-tries-to-detonate-14-explosive-devices-while-being-arrested-13406083,e33925a6821a848e8473c6a5a3dee148
https://websleuths.com/threads/tn-blast-at-explosives-factory-leaves-dead-injured-and-unaccounted-for-10-october-2025.754596/,2a037c02a7563bdce123e39ad6802bdc
https://abc17news.com/news/national-world/cnn-national/2025/10/14/investigators-at-the-scene-of-a-tennessee-explosives-plant-eruption-face-a-volatile-scene-heres-what-theyre-up-against/,13c55f582dd3c3791467bbf304300b47
https://abcnews.go.com/US/tennessee-explosives-plant-manufacturer-explosion/story?id=126405185,4fc38edcee0b2572c485235cf0d68719
https://www.youtube.com/watch?v=jSIzEixp58o,0180649f280ec3f5a68b9a516c74a9bd
https://www.youtube.com/watch?v=VXSP0jQeFCA,f62d659d52e306a58c7dec140b9060c4
https://ground.news/article/14-improvised-explosives-one-lit-found-in-home-of-polk-co-man-during-arrest,a8fb0236bd5bbb903acfa122b4997f96
https://www.wpsdlocal6.com/news/explosives-found-during-arrest-of-tennessee-man-who-threatened-public-officials-police-say/article_9b92a15c-209f-53a5-9052-7e2bda7d6b28.html,9795a33d1ea3951cc17e35cf902495af
https://ground.news/article/tennessee-police-find-explosive-devices-inside-suspicious-vehicle_1269bd,6bc4bef5b0eb267c7f8c7d8b1e2c3335
https://pmc.ncbi.nlm.nih.gov/articles/PMC7511151/,5b08822dcafeebc7b6cf1e967fa884fd
https://en.wikipedia.org/wiki/Involuntary_hospitalization_of_Joyce_Brown,c51935e95016bee3d875751b9a53b060
https://www.psychologytoday.com/us/psychiatrists/in/indianapolis?category=bipolar-disorder,de5d02e70adc69253e239259c3f9dc5c
https://en.wikipedia.org/wiki/Schizophrenia,f601744933fa7fb24d8c751657330800
https://www.psychiatrypodcast.com/psychiatry-psychotherapy-podcast/2019/8/28/why-lithium-is-a-great-option-for-treating-bipolar-with-dr-walter-a-brown,014ae0e902e858ce6f746800567792e7
https://www.youtube.com/watch?v=AG_Hpxyiy2I,9fde0171f59f396352430242fad716b0
https://pakconline.com/doctor/erick-brown-d-o/,da7d04800dc5633fad357027f50ac591
https://pmc.ncbi.nlm.nih.gov/articles/PMC11503128/,ed73de81b8b5c22afa86d1d60bbe9b98
https://www.youtube.com/watch?v=C22CRR_pj90,753f2d69e9ea53d4fa6bb3b95a11469b
https://www.lancaster.ac.uk/reacttoolkit/toolkit/finding-out-about-bipolar/its-the-true-or-false-round/,9227dde74ca7be1752dc03e3f1224002
https://www.columbiapsychiatry.org/profile/alan-brown-md,e27fdf3212894d85b9cdcd7b3bc8b6ba
https://kpu.pressbooks.pub/intropsychologystudyguide/chapter/true-or-false-12/,06ec6d2631c7513684b587ed985c09ef
https://www.healthgrades.com/physician/dr-lauren-brown-244b3,e720ab9c88c2ead1036bb58e1169f1ed
https://www.scribd.com/document/882056204/NURS-322,1e95479ab1afd08eaac22ff59e7ff4de
https://www.studocu.com/en-us/document/university-of-colorado-at-colorado-springs/mental-health-nursing/mr-brown-case-study-for-nurs-3100-schiz/22300641,327b4613761071a6c3451436ecc752f5
https://www.youtube.com/watch?v=0RyoWyW19HU,56d2a21ca25c6c6d917d8b46fb038218
https://www.lancaster.ac.uk/reacttoolkit/toolkit/understanding-experiences-of-psychosis/its-the-true-or-false-round/,ca4220e176e86740917638b1d10904eb
https://www.ncbi.nlm.nih.gov/books/NBK539864/,469bfae72386194f8ab92c7e5c2ca5ae
https://quizlet.com/838486672/615-adv-psychopathology-case-studies-schizophrenia-and-bipolar-flash-cards/,a9adf5e66ff075e2a66835d6364c7181
https://www.mcleanhospital.org/video/bipolar-disorder-and-schizophrenia-diagnosis-and-treatment-adults,c5eb3f8450059557c989fac6dd8e07c4
https://people.com/crime/chris-brown-diagnosed-with-bipolar-disorder-and-ptsd-ordered-to-stay-in-rehab/,7e01cb3fa918863e66eefde5574bedcd
https://www.primetimer.com/news/from-nanny-childhood-trauma-to-dds-harassment-inside-emman-atienzas-health-struggles-in-wake-of-tragic-passing-at-19,a7147316edac95b03583a73a2780933c
https://www.gmanetwork.com/entertainment/photos/kim-atienzas-facebook-post-about-compassion-kindness-goes-viral/25293,53fa2a919e151bf0be33fb9213a641ec
https://www.ncbi.nlm.nih.gov/books/NBK252967/,8eb1a65a5794f9353a819d89d735bf20
https://community.sueryder.org/t/how-to-deal-with-toxic-family-after-a-loved-one-passes/80772,bdeea19523116890f12d46e168250f9f
https://abcnews.go.com/GMA/Family/maternal-mental-health-social-media/story?id=110475956,282fa70bff50854308f272f60abc6d83
https://time.com/5912884/grief-pandemic/,ecec49e8a0796bfe1bf676607084d5a1
https://www.psychiatry.pitt.edu/news/longest-and-most-detailed-study-pediatric-grief-following-parental-loss-date-department,cad505ff238f3969615797467e672076
https://whatsyourgrief.com/grief-makes-you-crazy2/,b8b4df06144f091c91fa2e0d821d2d18
https://www.mayoclinic.org/diseases-conditions/mental-illness/symptoms-causes/syc-20374968,56d2a964f462c5a6c3c0a8f85c82abd4
https://www.ncbi.nlm.nih.gov/books/NBK207191/,59e21598e05578620f6cb3a178197d49
https://www.zhihu.com/question/609988467,4be90224cc55836921995ffd4bd417a9
https://www.zhihu.com/question/530656553,954b9337a19903ab9f718b1eb7994af5
https://www.zhihu.com/question/339380857,681944463c5cbc8dfa795fccbfe4e4e5
https://www.zhihu.com/question/579426400,55e143665fd0639a6cd89fa70fd5481a
https://www.zhihu.com/question/62552885,67fc5593e5e7f9f5cdd8359e27bef8c7
https://www.beervanablog.com/beervana/2020/4/12/the-empty-streets-of-a-still-city,8b9e845b2375e4225766884e4fe604c5
https://en.wikipedia.org/wiki/Carl_Hans_Lody,b5b1b8a8d1ea59104f283344b25c56ad
https://www.bikelegalfirm.com/bike-box,4ae2bab67577455c7c6d39ba197f23cb
https://www.youtube.com/watch?v=1DGXUZrMDa8,947ce86f0f9699e8a206de417fc0dc63
https://nacto.org/wp-content/uploads/2-4_FHWA-Separated-Bike-Lane-Guide-ch-5_2014.pdf,de7b399c25c901e433df15c0eaf0cb6d
https://ieltsmaterial.com/the-history-of-bicycles-reading-answers/,84eb421b2ab12a0e2f3cd1ef968d9db6
https://www.shutterstock.com/search/cobblestone-street,ebb2d32580e9a893031d6d4f52f88a73
https://roboguru.ruangguru.com/forum/27-the-bicycle-is-not-here-anymore-it-must-have-a-been_FRM-UQ37KPZE,e30d60b535eea3a67365cc6d8ec99c30
https://www.youtube.com/c/notjustbikes,a1f011bc0632b8cda000ad689264b17f
https://sites.google.com/a/austincc.edu/bvillarr/eng-2328/eng-2328-midterm,db0d89d646525dfebda57d389e6346bc
https://edurev.in/t/336815/NCERT-Solutions-My-Bicycle,afeec7abff70b4dff3732a570d506948
https://en.wikipedia.org/wiki/2016_Munich_shooting,b8232387dde94ebf3ff15af9df1994dd
https://vietjack.me/cau-hoi/he-now-goes-to-work-on-his-bicycle-instead-of-by-car-639829.html,5506436174979868b89835541a425c82
https://www.pragatischool.edu.in/admin/uploads/f77e07e3a1409fbf99a62590b82dcc72.pdf,5e08008af0b29123308458335f29528a
https://www.studocu.com/ph/document/sacred-heart-college/english/cnf-week5-good/32604545,6ea603dd7cca900ba72b00ca823d27b8
https://www.cliffsnotes.com/tutors-problems/English-Literature/48420821-The-Pedestrian-By-Ray-Bradbury-To-enter-out-into-that-silence-that/,4077a2487c718a72b8606a5fdba92ada
https://idioms.thefreedictionary.com/town+bicycle,f56db4f500e14872008287aff1b792fe
https://www.heraldonline.com/news/local/article216390175.html,89e5a6adef77931b9defe0d3b7d76ffd
https://www.reuters.com/news/picture/idUSRTR2WFK1,3b4715fa2f091b6518934cdf1e153b2b
https://news.cgtn.com/news/2025-07-18/-Lonely-Bikes-Beijing-A-reflection-in-stillness-1F6HPMquuEE/p.html,92724a981799e3cb37fdc20483d62717
https://oncubanews.com/en/digital-channel/gallery/silent-havana,82462a7f8891113aec88cc1526059c2b
https://www.wxpr.org/health/2025-09-15/measles-outbreak-in-oconto-county-grows-to-36-cases,8a55441f3aee40ca9e3bf0cf19523ba4
https://fox11online.com/newsletter-daily/state-reports-five-new-measles-cases-in-oconto-county-total-now-at-14-health-department-wisconsin-vaccination-vaccine-virus-symptoms-contagious-sick-rubella-mmr,bad8466f9094d1eee66f1b72600dbae1
https://www.aol.com/9-cases-measles-found-wisconsins-170000811.html,11178bbfa4030dce084ea74ba7b1c867
https://www.wpr.org/news/dhs-5-new-cases-of-measles-linked-to-oconto-county-outbreak,7191bdd023a2a258614b64e3a21f66c3
https://wtaq.com/2025/08/04/health-officials-nine-oconto-county-measles-cases-should-serve-as-a-wake-up-call/,adc09031bc8215d8f14c8876c923645e
https://www.wearegreenbay.com/news/local-news/dhs-measles-outbreak-ends-in-oconto-county-with-36-confirmed-cases/,b433a179ca7bc697df56f6724a9519f9
https://content.govdelivery.com/accounts/WIDHS/bulletins/3ef150a,c774b46624ae443af5671bb8ab42c096
https://www.yahoo.com/news/articles/dhs-measles-outbreak-ends-oconto-150914867.html,d0a05f48ef624b502912c1977486f60e
https://www.dhs.wisconsin.gov/publications/p00892a.pdf,6b90e35d4b8b2b13c7465d295dcd310a
https://www.cbsnews.com/minnesota/news/wisconsin-officials-first-measles-cases-2025/,f768171c13ffa001ca334cbc96a9b077
https://www.fox9.com/news/9-cases-measles-confirmed-wisconsin-first-cases-2025,5dfdebc90ffd7b6ab95008bc850d42f1
https://wtmj.com/news/2025/08/02/first-cases-of-measles-confirmed-in-wisconsin/,65840f299437df8623b6cd12237fba0c
https://www.fox6now.com/news/wisconsin-measles-cases-first-2025,259796c89501cb74735f0c2cd39bc7f9
https://www.sccwi.gov/1072/Measles,cd977c749d15ec39ab6c9f6d073b94dd
https://dailydodge.com/first-measles-cases-confirmed-in-wisconsin/,4671320615351b7bfa09cad4eafd61c8
https://content.govdelivery.com/accounts/WIDHS/bulletins/3ac6bc0,28096f2b232262d600f7e6054e6f70a5
https://www.centralwinews.com/news/2025/08/06/what-to-know-about-measles-risks-in-wisconsin/?destination=star-news,456796039d58ec3cda8ef0bf1301dff2
https://www.polkcountywi.gov/news_detail_T2_R99.php,99f966dafb71526735b171bda7ef7aed
https://wtmj.com/news/2025/08/22/five-additional-measles-cases-reported-in-oconto-county-indicating-community-spread/,2f19d01b0c79167b7b9dad915821c56d
https://fox11online.com/news/local/northwoods/health-officials-nine-oconto-county-measles-cases-should-serve-as-a-wakeup-call,73c99b3cb37da3599cf6c3172db840ef
https://www.jsonline.com/story/news/breaking/2025/08/02/9-measles-cases-reported-in-oconto-county-wisconsins-first-cases-of-2025/85492460007/,f27ce835fa244985fb4051df4b0f776c
https://www.wsaw.com/2025/08/04/9-cases-measles-confirmed-oconto-county/,9f30b5d078b5b1b5eacfceb42bd748ca
https://jsonline.com/story/news/2025/08/22/developing-five-more-cases-of-measles-reported-in-wisconsins-oconto-county/85780650007,f97751a35e09eb37b6f2211686ec1ff6
https://www.youtube.com/watch?v=VciAFawqu1w,70d61dedef0b1b42d146428dae46951f
https://www.aol.com/ex-treasury-secretary-calls-trump-193259243.html,c60f17ca5ff97a22a3979ebd38c4bf87
https://www.cbsnews.com/video/fact-checking-trump-claims-on-bureau-of-labor-statistics-data/,bd5e48c78e1791f1186057373bba9592
https://www.facebook.com/ABCNews/posts/former-treasury-secretary-larry-summers-called-president-trumps-accusation-witho/1166848035302075/,b56d23b99ef591bcd38d44cf4fa0a307
https://www.aol.com/summers-bls-commissioner-firing-way-150322602.html,36374d879dcc0ccac6c9702cfdceb7d0
https://hdsr.mitpress.mit.edu/pub/qgbl0eb5/release/2,5a992794327ef8cd5954ca800e73747c
https://statmodeling.stat.columbia.edu/2022/03/30/one-sided-journalism-and-the-fundamental-attribution-error/,37f95da35cbcf0416b57c1ef30583237
https://www.democracynow.org/2025/8/4/headlines/trump_fires_head_of_bureau_of_labor_statistics_over_weaker_than_expected_jobs_report,7f783375ff1b0b9f2903db32c89fae4f
https://www.drishtiias.com/images/pdf/sr.%20secondary%20political%20science.pdf,a29e93f0e83c8a608a9d3e7400cfaa5c
https://www.the-independent.com/news/world/americas/us-politics/trump-bls-firing-jobs-numbers-b2801230.html,083465ec2de8f384b60a5b8501cdfcf8
https://en.wikipedia.org/wiki/Misuse_of_statistics,441e3c405f269369b960641e4bf9a930
https://journals.publishing.umich.edu/jpe/article/id/2378/download/pdf/,d4e61cd860671877463d28dbaa7557ec
https://en.wikipedia.org/wiki/Wikipedia:Wikipedia_Signpost/2024-07-04/Recent_research,1ae72e131794ec0244ef54758fad5fef
https://courses.lumenlearning.com/wm-publicspeaking/chapter/the-use-and-misuse-of-statistics/,d405d7e78806fcbd5831cc69fd1e104d
https://academic.oup.com/joc/article-abstract/67/6/E1/4753848?login=false&redirectedFrom=PDF,455e23ebd91424bd0de4c0987bf5d4ec
https://en.wikipedia.org/w/index.php?mobile-app=true&theme=wiki&title=Misuse_of_statistics,ff6a32da220827517c11e98d359d9f7e
https://www.studocu.com/ph/document/pamantasan-ng-cabuyao/business-law/trends-networks-and-critical-thinking-quarter-2-week-3-7/23869139,6bc09e60c9e1dea17ba6b42bc6392e89
https://summersmfg.com/about-us/,22c4afe3a801650792b73e7171e226a3
https://summersmfg.com/products/mounted-rolling-basket/,de53c177f78cc148719ba315873b3456
https://summersmfg.com/products/supercoulter-samurai/,ae6294446dc5c6c38bbd8286d4c09c21
https://summersmfg.com/dealer-locator/,21bea21fa8a991c7febf1c69ca8faa0b
https://summersmfg.com/,5c839ef92d50b37d2bb04b37cd90029f
https://www.bls.gov/sae/,70365007917f3bb14f3b7c2e11d49bae
https://www.bls.gov/bls/employment.htm,19f1ced633fd780020f172c95cc3d114
https://www.bls.gov/news.release/empsit.nr0.htm,dfb4ba1398c779a981620a8ea9132204
https://fraser.stlouisfed.org/title/bureau-labor-statistics-united-states-department-labor-history-activities-organization-3979/fulltext,3f9c0fd81507ab4ec43b0d931314a767
https://www.bls.gov/ces/,c95755c3fa7dacb57af931bc66629244
https://guides.loc.gov/this-month-in-business-history/june/founding-bureau-labor-statistics,1c93d1e9b2e8fa73767d8f1d3057097c
https://www.bls.gov,a0816d7e73da9cc2eb085f6bd5cbda85
https://www.gauthmath.com/solution/1835049774701602/The-Bureau-of-Labor-Statistics-is-part-of-the-U-S-Department-of-Labor-a-True-b-F,3e1fb7f461cbca7d403164cab75dca86
https://www.bls.gov/data/,cd8cc254f262680ce448d92be8370c37
https://www.bls.gov/oes/tables.htm,9a396309827481f8c764fadf9008d3ba
https://fraser.stlouisfed.org/files/docs/publications/bls/bls_2235_1985.pdf,70bb66d30c4595fe804addd2c965fdf9
https://www.americanprogress.org/article/the-next-bureau-of-labor-statistics-commissioner-must-restore-trust-in-the-agency-while-managing-fiscal-constraints/,f1662c0479d8e6272b95acc7f5fc2c56
https://www.bls.gov/opub/mlr/1985/07/art1full.pdf,e654ab018f8217889dd111c03919b374
https://www.bls.gov/news.release/empsit.a.htm,6a0b94719f70fb01fd5c1f28d3fcd44f
https://fraser.stlouisfed.org/title/first-hundred-years-bureau-labor-statistics-5181/fulltext,de37b219c76863cfb34d9f5dc2cde1e8
https://www.archives.gov/research/guide-fed-records/groups/257.html,2ced64c0a6a009d8148cf4ce481f80f6
https://www.yahoo.com/news/articles/labor-department-watchdog-audit-jobs-195400067.html,cc797b9fa9ae7b2eda03de2fd5aa1a4f
https://www.washingtonexaminer.com/policy/economy/3801420/trump-administration-launches-investigation-into-bls-over-data-practices-after-job-growth-revision/,dc353e1d3b02c20e8e3cb56b1fe4129d
https://www.yahoo.com/news/articles/labor-department-audit-blss-data-162455265.html,f0bb1e9f4eb54136733c6c92f58e1dca
https://fortune.com/2025/09/10/inspector-general-audit-economic-data-bls-jobs-inflation/,4e7b09ad6f4205ed15f7d0dcb50a1330
https://www.wkhm.com/2025/09/11/labor-department-launches-probe-into-bureau-of-labor-statistics-data-collection/,6424a33bcae375c06fb3e641776708d1
https://www.democracydocket.com/analysis/more-states-consider-joining-redistricting-fight-launched-by-trump/,6e544c45bad1fb8a7470467b6461ad5e
https://news.sky.com/story/how-trumps-republicans-are-literally-redrawing-maps-to-help-stay-in-power-13415441,d437db2ba3efd5929d5a987e6028117b
https://www.youtube.com/watch?v=r2Q4ZN-KSCE,cb7a760f20dd04bad61ce7e1a4527986
https://thedemocraticstrategist.org/category/edidtors-corner/,0c22bbf1b55a545b22298ef5a0b3e903
https://www.cbsnews.com/news/texas-congressional-map-redistricting-trump-republicans/,2d183ea6a9fb4403475201ce08defb29
https://www.foxnews.com/politics/trump-pushes-texas-republicans-redraw-congressional-maps-help-defend-gops-house-majority,0d051110b407c68008fe3c3d8ac202c9
https://rollcall.com/2025/08/01/redistricting-2026-midterm-elections-republicans-democrats/,438a907e79e5fe1bc5ef813894872bec
https://www.yahoo.com/news/articles/republicans-brink-gaining-extra-house-184002311.html,76f01abe7c61da878a17eb879dc30680
https://www.politico.com/news/2025/09/22/why-democrats-cant-match-trumps-gerrymander-push-00572965,f1995d5a3fa7dc58de07d3708552dccc
https://apnews.com/article/redistricting-gerrymandering-congress-trump-0af8561b1670032fae3e1d2aec7905f0,e5e5dd95a607e23c0ef2b2ef0dba8453
https://abcnews.go.com/US/wireStory/congressional-redistricting-trend-kick-started-trump-125655627,3d2a986faef395e50e676df637a41a11
https://newrepublic.com/article/198517/democrats-trump-texas-gerrymandering-wars,66afe640e620083e06181195c34626cd
https://www.ktvu.com/election/prop-50-congressional-district-maps,e39c8b3a8b7d0a8a76ee9fa8283dfb07
https://www.oklahoma4.create.ou.edu/askhoma/plz-help-will-mark-brainliest-read-the-passage-then-decide-w-ee78,129e8800637991047f18f07775ea0b15
https://www.khq.com/national/the-latest-texas-gop-poised-to-approve-map-gerrymandered-for-their-advantage/article_0c447c9b-5c6c-553d-8861-f41f447dc68f.html,a101017ee83eb082feb7cbd869e8e7f0
https://www.aol.com/frustrated-voters-caught-redistricting-war-100322753.html,ee47fb97858c9549122f832bf546edc1
https://www.aol.com/where-redistricting-fight-goes-politics-213442189.html,d93ec65c7c50d1dd75de30f2ff261b9a
https://www.khq.com/national/the-latest-california-democrats-will-vote-on-a-new-congressional-map-to-counter-texas/article_402e8a45-5ec2-5fcd-838a-913b123bd9fc.html,8dda17ce241d73687bb4ef71365efc57
https://economictimes.indiatimes.com/news/international/world-news/live-texas-gop-poised-to-approve-map-as-redistricting-fight-escalates/videoshow/123414000.cms?from=mdr,92de5ce8811997ab87510abdefe14919
https://www.cbsnews.com/news/texas-redistricting-plan-california-new-york-illinois-indiana/,ba0aa4090f17f26a3f19c9f6126e20c3
https://www.reuters.com/world/us/how-war-over-us-congressional-redistricting-is-playing-out-state-by-state-2025-10-08/,c1b096571d0af24d149bfbbf04464de3
https://www.kvue.com/article/news/politics/special-session/texas-redistricting-gop-gains/269-e88322c6-7f24-4ad1-a4ec-2a21c6fdeec4,18f92b0fc1854844fb8ff6cd74211e5d
https://www.kens5.com/article/news/politics/texas-house-committee-hearing-proposed-redrawn-congressional-map/269-a441fdab-b32e-4f97-b101-781888cc51ce,2988494a0f33d109e0bfbf55e26b5c6f
https://www.theguardian.com/us-news/2025/oct/16/trump-ivf-announcement,862038113ac327641a563aa9c4ac4874
https://wgxa.tv/news/beyond-the-podium/former-president-donald-trump-vows-to-make-ivf-treatment-free-through-government-or-private-insurance-if-elected-in-vitro-fertilization-newborns,7ae972e49582f8964e79ce3cb11c53e5
https://13wham.com/news/nation-world/trump-signs-order-to-study-how-to-expand-ivf-calls-for-radical-transparency-from-government,b48c6879ba72d28d4d5dd58fe5cd7298
https://abcnews.go.com/Politics/wireStory/trump-signs-order-study-expand-ivf-calls-radical-118944522,a1dc66151187f23f10fa6ffa19c1b585
https://www.khq.com/national/the-latest-trump-signs-executive-order-to-study-how-to-expand-ivf/article_0720c7b1-b2fe-5997-9c28-7abe37833090.html,0499113f9eb1971d68be1d30323dba8b
https://apnews.com/article/ivf-vitro-fertilization-trump-executive-order-65972cc1b10151bf1a0d9390fe5754d9,6b6710b5c5b673455be47dfbc149fdd7
https://economictimes.indiatimes.com/topic/ivf-coverage,6c43055e308d5ef5f1293775cd27f2c9
https://www.tvguide.com/news/cbs-fall-tv-shows-2025-schedule/,e7a6696127dd7097f4400bb948e111fa
https://www.politico.com/news/2025/10/25/the-pro-life-movement-still-has-some-real-juice-how-trumps-promise-of-free-ivf-fizzled-00622464,5c8d6bd358934e57a51a5d268aff76df
https://www.independent.co.uk/news/world/americas/us-politics/trump-pardon-jeanine-pirro-albert-pirro-jr-b1790202.html,ede5eaf3b6beb74edcde3314517c8605
https://abcnews.go.com/US/trump-issues-minute-pardon-husband-fox-news-jeanine/story?id=75376007,6a7e15c6a000c8bbe58473131707aa14
https://theweek.com/speedreads/962310/last-hour-president-trump-pardoned-jeanine-pirros-exhusband,fc7cc25ee79a3b86dbc108515b081942
https://www.cbsnews.com/newyork/news/donald-trump-pardons-al-pirro-solomon-melgen-jeanine-pirro-joe-biden-inauguration/?ftag=YHF4eb9d17,45ae86f7cd0420fd7e2086cc20d806b1
https://lawandcrime.com/high-profile/with-less-than-an-hour-left-in-office-trump-pardons-fox-news-host-jeanine-pirros-ex-husband/,aa12f6e4f1d7c501d3cce2bc8b0a74be
https://www.chicagotribune.com/2021/01/20/at-last-minute-trump-pardons-al-pirro-the-ex-husband-of-fox-host-jeanine-pirro/,97b84c198575e5340541ff796b21b1cf
https://www.the-independent.com/news/world/americas/us-politics/trump-pardon-jeanine-pirro-albert-pirro-jr-b1790202.html,3bbe4f62064b4f8afed53ff65468714a
https://www.foxnews.com/politics/jeanine-pirro-sworn-interim-us-attorney?msockid=1771680ef32369af1c237e28f23c6849,201b365e3f4c91f5470c4cf00ee0dbf2
https://www.washingtontimes.com/news/2025/may/15/fox-news-star-jeanine-pirro-sworn-interim-us-attorney-dc/,241b71e51eae8b26b037e3b1a01b2356
https://www.reuters.com/video/watch/idRW763828052025RP1,4b0532f5abc27562acf7cbae8e7a72d4
https://m.economictimes.com/news/international/us/who-is-jeanine-pirro-the-u-s-interim-attorney-for-washington-d-c-whom-trump-heaped-praise-on/articleshow/121472134.cms,249a1ea50d1e00b5bf83a0d15b7cf45d
https://www.fox5dc.com/news/jeanine-pirro-former-fox-news-host-confirmed-top-federal-prosecutor,6efff4b665f04ae0153c894134a87a63
https://www.foxnews.com/media/trump-taps-fox-news-judge-jeanine-pirro-interim-us-attorney-d-c-the-five-co-host-exits-network,cf9617bdd915117de49401629b61beb1
https://www.imdb.com/name/nm0874339/news/,95b1a80986d8897e57521ca60291462e
https://www.dailywire.com/news/trump-taps-former-da-and-fox-news-host-for-acting-d-c-u-s-attorney-in-a-class-by-herself,b4b5ce09c26d3537567115f5d652aee8
https://www.imdb.com/title/tt4370528/news/,3a8ee4ae15b3e426220e295e1e17bb27
https://fortune.com/article/trump-names-fox-news-host-jeanine-pirro-interim-top-federal-prosecutor-dc,add0cb5b0f46e86005922b6af0657150
https://www.usatoday.com/story/news/politics/2025/09/29/ghislaine-maxwell-supreme-court-appeal-jeffrey-epstein/86418562007/,c1fd9c0769201fb579f4f9bea47f96e1
https://www.reuters.com/world/us-supreme-court-rejects-ghislaine-maxwell-appeal-conviction-epstein-sex-2025-10-06/,44cefc7bddd23ce2f2f2b6a99cd00b60
https://www.cbsnews.com/news/trump-bondi-amid-epstein-probe-fallout/,0d7e4982a684f81fbbf5a1fa62fd73bb
https://www.npr.org/2025/07/16/nx-s1-5469832/trump-epstein-doj,9511923470002c032f13dfcd6b4f2cef
https://www.theatlantic.com/politics/archive/2025/07/trump-epstein-denials/683638/,aee46470ba524aa6416cac02ff1308bf
https://wlos.com/news/nation-world/president-donald-trumps-handling-of-jeffrey-epstein-case-gets-low-marks-as-voters-blame-him-for-hiding-information-ghislaine-maxwell-transcript-epstein-files,db1613bc0a809c10b0d30b54a8006283
https://www.reuters.com/business/media-telecom/trump-white-house-race-stem-epstein-conspiracy-fallout-2025-07-16,746585468826f5879f05afc847e65e48
https://www.politifact.com/fake-news/,6303d660b04e9a508da37b0531c1cab2
https://www.delawareonline.com/story/news/2025/10/17/how-long-will-the-government-shutdown-last-update-when-is-next-senate-vote-today-reopen-polymarket/86744063007/,46721a752bbe352366953b284a820d1a
https://www.foxnews.com/media/washington-post-fact-checker-biden-claiming-immigration,dd2d86a4c6ca40be9aa82d2be8d1e2d4
https://www.politifact.com/homeland-security/,3b29f7558febab50a6df87a17a681eea
https://www.politifact.com/factchecks/list/?category=immigration,8258621b998d844d9454833339d7c3a7
https://www.politifact.com/immigration/,a39e91617cfacca82d0a045cd924a9e1
https://www.politico.com/news/2025/09/12/trump-immigration-bed-capacity-00560032,1dc986380409b21872dc151eaf178e51
https://www.politico.com/news/2025/07/28/judges-trump-administration-deportation-quotas-00480899,c910b9b49afada8748fe204491ca1bdc
https://www.politico.com/news/2023/07/25/biden-asylum-policy-immigration-00108074,6fde0866f85f77a7e780f74d0bcf7575
https://www.politico.com/news/2025/08/07/trump-administration-supreme-court-roving-immigration-raids-los-angeles-00499050,ad536f34e6e40efb53d8c57193202482
https://www.ionos.com/digitalguide/hosting/technical-matters/http-403-forbidden-what-is-error-403-and-how-do-i-fix-it/,e9e2087f4a53ee3d6eb7baadaa93cfa3
https://www.geeksforgeeks.org/blogs/403-forbidden-error-how-to-fix/,efb5744057949b04c2c694042bc56919
https://www.britannica.com/topic/Smithsonian-Institution,3cf788893cbdcfc7ee96971a455aa680
https://www.politifact.com/article/2020/jan/28/fact-checking-trump-impeachment-defense/,2c1a87f668d912f7f8ed564f2d0f771f
https://www.politico.com/news/2020/01/07/trump-ukraine-impeachment-trial-095542,f3b3b7992514445083dcadaa0abd6d0e
https://www.cbsnews.com/live-updates/trump-impeachment-trial-senate-vote-verdict-acquittal-today-2020-02-05/,d18571a426849798c6806a9cee0e2eca
https://royalsociety.org/-/media/summer-science-exhibition/2016/exhibitors-room/a-brief-guide-to-exhibit-labelling-and-graphics.docx?la=en-GB&hash=15D0E8E9CD899BAE22C3A0158E6528A0,a2096f5746c4c54817054a26e6bba039
https://ns3.oabrj.org.br/exam/is-the-following-statement-true-or-false-professor-botstein-xosj,4246b2dd23cf54ae0e3044caf916b788
https://patch.com/tennessee/chattanooga/patch-am-third-suspect-arrested-chattanooga-homicide-case-nodx-20250811,bff2eedbb4558ada67b8f36dfdbcd056
https://timesofindia.indiatimes.com/world/us/14-ieds-found-in-tennessee-mans-home-suspect-planned-blast-during-arrest-attempted-to-kill-law-enforcement-officer/articleshow/123082016.cms,1f4a2c657862400c8edfccf586a57d07
https://nios.ac.in/media/documents/srsec302new/302EL8.pdf,c13ffcb55e8cf6916f74a6b7033d0972
https://askfilo.com/user-question-answers-smart-solutions/b-write-true-t-for-correct-statement-and-false-f-for-3134333431383238,55f8b0f28d61225d8da51fb19d5a6524
https://economictimes.indiatimes.com/topic/search-warrant-explosives,a8bc96bbb5616a7ed07baeaed87365c7
https://www.business-standard.com/topic/explosive-device-found,cd95c55c11a9d368766a872201e4e199
https://www.police1.com/explosives-eod,d6c43c82403718c3ac2a09486b353a0b
https://www.independent.co.uk/news/world/americas/9-11-trump-tallest-building-manhattan-b2164420.html,86cc4b968ed98d96be170de3304295c2
https://www.nyc.gov/html/dot/html/pedestrians/openstreets.shtml,1548676d5185e34f2adc7ff5d9ff29f8
https://nytcrosswordanswers.org/they-might-be-raised-by-something-exciting-crossword-clue/,1197f75c293b11db4021fb50cc97da6e
https://nytcrosswordanswers.org/they-focus-on-subjects-of-interest-crossword-clue/,e8a62baa79bef27ad06ea83ef3929d6d
https://www.ynetnews.com/article/rybyymhr0,6bcd8c2858da2183288499bb1b0ae81f
https://mexiconewsdaily.com/news/we-cant-let-it-be-like-a-cemetery-restaurants-and-bars-reopen-in-acapulco,979a8d616231f9045be26c733ddca789
https://www.zhihu.com/question/566453987,61cc7335873e42e7ee315ba04b174a4d
https://jsonline.com/story/news/breaking/2025/08/02/9-measles-cases-reported-in-oconto-county-wisconsins-first-cases-of-2025/85492460007,dd9fe7051027e5930df409159074f375
https://fox11online.com/news/local/oconto-countys-measles-outbreak-ends-with-no-new-cases-in-over-a-month-officials-confirm-unvaccinated-infections-dhs-vaccine-vaccination-virus-symptoms-contagious-sick-rubella-mmr-health-wisconsin,ed8504031d95542c98cdd1a6d62c6989
https://www.yahoo.com/news/articles/larry-summers-says-trumps-accusations-134200456.html,bd28b759f4e3668d6b16044d5a2d8600
https://www.upi.com/Top_News/US/2025/08/03/economists-defend-fired-labor-statistics-chief/2191754246051,7ea371925a60339ced1a1040171462ca
https://thehill.com/homenews/administration/5434438-trump-defends-firing-labor-statistics-chief/,22ca28f5b377be2b32e9023a69d85ff9
https://www.markets.com/news/larry-summers-defends-fed-independence-amid-political-pressure-784-en-EU,08fab73570c513822a1aeb2423b181f2
https://www.sourcewatch.org/index.php/Larry_Summers,f28e8a03da5c7fdfae11e7b025c2c07e
https://www.insidehighered.com/news/2005/02/18/what-larry-summers-said,19d3d389cf1737cd95e8cd02caa49d6e
https://patch.com/district-columbia/washingtondc/bls-admits-annual-jobs-overstated-gives-phony-boost-bidenomics,096ae90932931d84bc5fb2ddf66188a1
https://www.businessinsider.com/jobs-benchmark-revisions-labor-market-trade-leisure-hospitality-2025-9,6a02d6c8383b26fd96c575cb2bf90ef2
https://thehill.com/business/5493585-us-economy-job-growth-revised/,1da37af1c06636f95978f5eae73de431
https://economictimes.indiatimes.com/news/videos/texas-house-approves-republican-redrawn-maps-democrat-says-it-rips-apart-hispanic-communities/videoshow/123424888.cms?from=mdr,c1450f61ee319d072b590064e0de4ba5
https://www.sfgate.com/news/politics/article/the-latest-texas-gop-poised-to-approve-map-20825424.php,572d58b84596bd49b0bb44e27fe4c748
https://economictimes.indiatimes.com/news/international/world-news/live-texas-gop-poised-to-approve-map-as-redistricting-fight-escalates/videoshow/123414000.cms,f55f97d6c6c7eee0601f771ca6fa5a4f
https://www.piquenewsmagazine.com/politics/the-latest-texas-gop-has-their-quorum-to-vote-on-new-gerrymandered-district-map-11099812,d13b2a6f9e5ef38162b6fc03945dfd3e
https://www.princegeorgecitizen.com/politics/the-latest-texas-gop-has-their-quorum-to-vote-on-new-gerrymandered-district-map-11099812,96dcc2131ba0160aba979e1044323df4
https://www.aol.com/texas-republicans-approve-congressional-maps-071601471.html,51b463861db695f36989189ca37f9a72
https://www.fox26houston.com/news/texas-election-2025-houston-early-voting-locations-dates,4eef96bf26a6dd0f9b437e052de90df5
https://www.cbsnews.com/texas/news/texas-house-panel-passes-new-redistricting-map-adds-more-republican-gop-seats,3f03b7d764cce9ffa4fd3d7221c11fe5
https://statesman.com/news/politics/article/texas-house-redistricting-hearing-20797794.php,6c75ab49d29732e7b65abfac36e42d53
https://time.com/7304038/gerrymandering-partisan-racial-redistricting-trump-texas-republicans/,c3b4346978bf8e5b61d53e232a91a690
https://www.dallasobserver.com/news/greg-abbott-admits-texas-congressional-electoral-maps-are-bad-22677591,33859d6774d73b5d97905fb4781cc182
https://economictimes.indiatimes.com/topic/white-house-domestic-policy-council,909cdca0b57dac2b315864673f5fd04e
https://cossa.org/section/executive-branch-news/,d021fa05d9a9cc0d0e98aebd69242e80
https://www.wikiwand.com/en/articles/Mike_Pence,0d43e5611cc890dfcb0eb9bc32179828
https://www.nga.org/governor/mike-pence/,b5eeadbf43ed564659986aa0bf2f366e
https://www.ebsco.com/research-starters/biography/mike-pence,defe47187db3e8b0126db994d75b5dba
https://www.britannica.com/biography/Mike-Pence,4ec081eba5d8acbf8c15a6f120311a3b
https://www.politifact.com/personalities/mike-pence/,775ea3ae9ac9ffbc5f1bbfcad77eb0df
https://www.britannica.com/facts/Mike-Pence,f3c3e146c430114a5b35f6d0b6879db9
https://ballotpedia.org/Mike_Pence,3646deea1ef2c2e41439c0e5fa44c122
https://web.archive.org/web/20180119192037/en.wikipedia.org/wiki/Mike_Pence,39afd7adb1c83815fe317711339fd5bf
https://www.wikiwand.com/en/articles/United_States_presidential_election,c4716b81dc07857fd943fd055bc5430b
https://www.wikiwand.com/en/articles/2016_presidential_election_in_the_united_states,2b3333e9fbfab81e079731adead4ffc7
"https://ballotpedia.org/Presidential_election,_2016",42d170a3ba2bbd9dbf5b403373a075d0
https://faculty.lsu.edu/fakenews/elections/sixteen.php,a7cd558241b68b895ea455a193f5b2d9
https://www.cbsnews.com/news/60-minutes-trump-pence-republican-ticket/,c90c106184fd0831fbb9f894487fd3db
https://www.nationalmemo.com/dont-be-blinded-by-the-hillary-clinton-hologram,2817e752c7616e159f1c0bf51d53d760
https://www.aol.com/bolton-trump-t-tell-difference-221145182.html?_guc_consent_skip=1723250644,dbbbe732fdfe58d289c92020aa8ba4f8
https://www.politifact.com/factchecks/2020/jan/02/facebook-posts/no-proof-clinton-sent-email-donna-brazile-saying-i/,4f53d13f7af56bfad8acca3b942baebf
https://www.newindianexpress.com/world/2016/Jun/08/clinton-creates-history-becomes-first-woman-presidential-nominee-937948.html,0e71f9cb9828ad7334c1d140cbe1c498
https://www.britannica.com/story/who-was-the-first-woman-to-run-for-president-of-the-united-states,3ca761726c25a379e26b54e95fecb630
https://www.business-standard.com/amp/article/pti-stories/clinton-creates-history-becomes-first-woman-prez-nominee-116060800204_1.html,f929f9f9fc7e627a29fe7b6bfb52d5df
https://www.golocalprov.com/politics/Hillary-Clinton-Becomes-First-Woman-Presidential-Nominee-See-Her-DNC-Bio,5cd93d83de1a1de2dd76099418dc4f0b
https://blog.lewisusa.com/educa/4269294,850105887a9640b23f5fb612246bc2e9
https://www.britannica.com/biography/Bill-Clinton,ab157fe6f7c9296d7c44c56805ce4a09
https://www.britannica.com/facts/Hillary-Clinton,7978b0f3aec87cac0ae1fb93c8c6ca63
https://www.wptv.com/news/national/trump-condemns-clintons-deplorables-label-on-his-backers?_amp=true,00db5b0393356cb1683e4e26700ab928
https://www.cbsnews.com/losangeles/news/clinton-regrets-basket-of-deplorables-remark-about-trump-supporters/,a658c95c55fd037535478836762a3e18
https://time.com/4486437/hillary-clinton-donald-trump-basket-of-deplorables/,19228c0f5f83f9d4f7fec0863ff4b9c9
https://time.com/4486502/hillary-clinton-basket-of-deplorables-transcript/?iid=sr-link1,a741cbbf36db02eac4e0b6e75ea0f8b5
https://www.cbsnews.com/news/hillary-clinton-half-donald-trump-supporters-basket-of-deplorables/,b9155245617522c813c0d6891a7495ed
https://www.business-standard.com/article/international/donald-trump-condemns-clinton-s-deplorables-label-on-his-backers-116091100288_1.html,6fc01f3c8d342ac6929e001f41e13858
https://laist.com/news/npr-news/hillary-clintons-basket-of-deplorables-in-full-context-of-this-ugly-campaign,4f8bbb4705539461b0d6d05353e185b5
https://www.theguardian.com/us-news/2016/sep/10/hillary-clinton-trump-supporters--bigoted-deplorables,eadaae10c3d4467c9bd23a7542694c49
https://www.foxnews.com/media/hillary-clinton-defends-deplorables-comment-too-kind-word-some-trump-supporters,78e69feb2f706d369f8b2896558d04cf
https://www.politifact.com/truth-o-meter/promises/trumpometer/?ruling=true,559e03f436966c7dd50dacb6fdf375ed
https://www.britannica.com/topic/MAGA-movement,19b1d8c3e9d7dca7b95ae8c55dc84a5c
https://reason.com/tag/donald-trump/feed/atom/,ab6653f4aa9fcb156e7558d991404e52
https://www.wikiwand.com/en/articles/MAGA_movement,4904344b7e66437545399f8a2d8d47a9
https://newrepublic.com/post/182996/trump-promise-immigrants-international-students-retracted,68c2071bc898b0ae708a6f3ffcd7b98c
https://www.miamiherald.com/news/politics-government/article268750767.html,8bf8a6814a92a144816012519350207d
https://pmc.ncbi.nlm.nih.gov/articles/PMC6690035/,d139af57c5f4fdeaa7e82feec1cf4845
https://pmc.ncbi.nlm.nih.gov/articles/PMC10078752/,7cdb22b9b5e518da1aecfbe7577a66fc
https://www.economist.com/interactive/essay/2024/10/31/when-politics-is-about-hating-the-other-side-democracy-suffers,317acd595edaa2c51281e7777930d3de
https://fivethirtyeight.com/features/final-election-update-theres-a-wide-range-of-outcomes-and-most-of-them-come-up-clinton,53e0106ed0c6c98719165d8bf171c5b3
https://19thnews.org/2023/10/donald-trump-associates-sexual-misconduct-allegations/,b332f76ebab8b3b5f57365ae90b70759
https://abcnews.go.com/Politics/trump-defends-infamous-access-hollywood-comments-warns-biden/story?id=105530533,561f71f5f3a5cb0186a8a2ecc4b7000f
https://www.businessinsider.com/trump-suggests-access-hollywood-tape-fake-2017-11,63232769bcdfa5b9f5011130eb843364
https://www.wikiwand.com/en/Racial_views_of_Donald_Trump,0712306a6c496d342c5afdfef8cb95d7
https://www.270towin.com/states/maine,da744f810140044fef1cb4682347cf70
https://www.cbsnews.com/video/how-trumps-win-unfolded-key-states-he-flipped-to-secure-victory/,241628ff3f7d577bee735a148eca47e1
https://www.cincinnati.com/story/news/politics/elections/2024/11/06/which-states-flipped-2024-president-electdonald-trump-victory-see-map/76087722007/,8dea6f725476bee6bd20facebe3c5767
https://www.cbsnews.com/news/states-trump-won-flipped-2024/,ebfce42eb5883bc78b99011929e0b424
https://www.newscentermaine.com/article/news/nation-world/election-day-2024-results-trump-elected/507-257e0aeb-b6f4-4fc3-b33b-061213a363e6,64bcb19cc3bbbb9bdf6bd68a26a7331a
https://www.scrippsnews.com/politics/america-votes/which-states-swung-red-since-the-2020-presidential-election-to-give-trump-the-win,f92c531f035b8cd04628bcf3a273e355
https://www.cleveland.com/politics/2016/11/donald_trump_flipped_rust_belt.html,b89359ea05843b8e747eeffbc1fa5bd8
https://www.newsweek.com/what-states-did-donald-trump-win-2016-1544516,1eed5092e6949afcc9522f4c532714e9
https://www.usnews.com/news/the-run-2016/articles/2016-11-14/the-10-closest-states-in-the-2016-election,8178c31dc97443294555cb8800ae4f8d
https://www.jsonline.com/story/news/politics/elections/2024/11/06/2024-u-s-election-here-are-the-states-that-flipped-red/76090504007,739c400ec295bd92c76f1125366e22eb
https://www.usatoday.com/story/news/politics/elections/2024/11/06/trump-presidential-election-electoral-college-votes-flipped-states/76088855007,ab69411d4087783f6b4776c5b6258dd7
https://www.cbsnews.com/news/states-trump-won-flipped-2024,dae848ea23d3f2510c76cfbe95e321a6
https://www.cbsnews.com/news/wisconsin-election-2020-western-trump-2016/,61651ae5bf1b83485233eed7bcb94045
https://www.foxnews.com/transcript/trumps-victory-delivers-lessons-for-both-parties-inside-the-clinton-collapse,6ab15ed7f7002e7047d80c7f6956d989
https://www.270towin.com/states/wisconsin,f7e085501daa979bd14d3aa37d439f2b
https://www.foxnews.com/politics/trump-wins-presidency-defeats-clinton-in-historic-election-upset,5ce9dcdb43761e104dd939cbdde2dad2
https://www.smu.edu/news/archives/2016/experts-wisconsin-results-07april2016,aab852205163b5770eb4948a8c00137b
https://gulfnews.com/world/americas/wisconsin-up-for-grabs-as-trump-clinton-seek-upsets-1.1704310,cc37f37648a7dc6379f7c5e868b2aa76
https://time.com/7171425/jill-stein-third-party-spoiler/,37818f32003905cb1651cb117ac409e3
https://ppuglobe.com/2024/11/exclusive-jill-stein-wins-588375-votes/,e0f523962f1defe48b6807c5565d5ab8
https://independentpoliticalreport.com/2024/12/analysis-a-breakdown-of-jill-steins-results-in-california/,c477ca4df97f04d176ee7fdef844d9d6
https://www.voanews.com/a/how-green-party-candidate-jill-stein-could-affect-us-election-results/7841838.html,4ce9074ec1649bed384f5919a3bd5ac3
https://theweek.com/speedreads/648701/gary-johnson-becomes-first-thirdparty-candidate-20-years-qualify-ballot-all-50-states,2b3e6fc53203ec0d1db60f19f001ce44
https://www.politifact.com/factchecks/2012/sep/20/gary-johnson/libertarian-gary-johnson-says-hell-be-presidential/,2860df269b941575c81dd1d870bc9db1
https://www.wikiwand.com/en/articles/Gary_Johnson_2016_presidential_campaign,ff65801ebcd7bd96a8ff1809fc54ebd2
https://www.upi.com/Top_News/US/2012/11/08/Libertarian-Party-buoyant-Greens-hopeful/46151352363400/,d3f2c8e3d70918864be1c7f58adbc27a
https://www.270towin.com/states/utah,3e9972fca8ddffde9494e67267850c60
https://www.ksl.com/article/50471123/utahs-evan-mcmullin-upends-two-party-fight-for-us-senate,4820d1bc83d905037db8525a4a3b5a3e
https://www.newsweek.com/he-got-20-percent-utahs-2016-presidential-votes-now-hes-challenging-senator-mike-lee-1635810,65c651b45a376c75c2da7a0f68fe61d2
https://www.wikiwand.com/en/articles/Special_Counsel_investigation_(2017%E2%80%93present),f6beaf9f10aacd0a7e14ea2acf701774
https://www.ebsco.com/research-starters/history/special-counsel-investigation-mueller-investigation,fe9e2feef32925d7099c16cc191a6bd7
https://www.citizen-times.com/story/news/2025/10/01/why-did-the-government-shut-down-2025-what-happens-in-a-federal-shutdown/86456299007/,d9c405b3c799fda678d981394129ad72
https://www.reuters.com/article/us-usa-russia-cyber-intel-factbox/factbox-u-s-intel-report-on-russian-cyber-attacks-in-2016-election-idUSKBN14Q2HH,ebe7273e09feb0d37a18ac0142d34a79
https://www.cnbc.com/amp/2017/01/06/intelligence-community-says-putin-ordered-campaign-to-influence-election-denigrate-clinton.html,7bcfdb3eb24767744369a25e278ffee2
https://www.cbsnews.com/newyork/tag/2016-election/2/,f3f73b245ae65011919349e2c5255e67
https://www.ebay.com/itm/136633380768,279c4a63de46938d4dbc37769aa2d908
https://www.npr.org/2022/08/06/1115936712/how-alex-jones-helped-mainstream-conspiracy-theories-into-american-life,8c1d2aded584e95f2710d44c6e5f0d0f
https://esbrietevents.com/file-preview/download/case-studies/early_presidential_primaries_and_caucuses_are_more_important_because_they.pdf,59329a3043925f7cac054058a6799d52
https://core.ac.uk/download/pdf/346532537.pdf,448054606220f3327f4f095821ff63a0
https://www.britannica.com/topic/primary-election,29d5fe9e48525d1e29dbcd4d0f3c1a03
https://www.britannica.com/topic/direct-primary,edb5946aeeeefc4f2d48e018527f59a2
https://apnews.com/article/presidential-election-delegate-selection-process-primary-caucus-9720daa8d706a4afceaa2d939f59a1b9,1c4200731ba73ff953f38063bfe1a3bd
https://time.com/4203726/iowa-caucus-results-marco-rubio-donald-trump-ted-cruz/,ce053d98b1f8c1b4e7e54fd9969e7114
https://fivethirtyeight.com/features/marco-rubio-stole-ted-cruzs-iowa-bounce/,629a1f06feec45ebd063b168618f0db5
https://www.catchdesmoines.com/iowa-caucus/iowa-caucus-history/,a55de93a96a35b857b2a4465c5e20b27
https://www.usatoday.com/story/news/politics/elections/2024/03/05/super-tuesday-2024-live-results-updates/72839863007/,f3a360f2944d269baacb831dd5fb6a92
https://apnews.com/article/what-is-super-tuesday-80f71138b69691fc8edbeb07fd1c7774,b47975662a1a7f2603703af9d4c8f1e1
https://mashable.com/archive/marco-rubio-3rd-iowa,c3ed163df87ecdac22595cabb6327278
https://www.vox.com/2016/3/1/11144612/rubio-wins-minnesota-primary-results-super-tuesday-2016,ef00cd7ff471e175ab59e6e11140d19e
https://www.politico.com/story/2015/07/poll-scott-walker-down-iowa-119626,72dd14e0982898bdf77ee27c0eda2f35
https://www.upi.com/Top_News/US/2015/12/21/2016-Republican-presidential-race-dropouts/5581447880080,43187d4422e3ce0228100dc351730611
https://www.usatoday.com/story/graphics/2024/02/06/what-was-the-longest-republican-presidential-campaign/72441316007,b02960e21d875af20d1e44264f196c1d
https://www.desmoinesregister.com/story/news/elections/presidential/caucus/2016/01/30/donald-trump-reclaims-lead-latest-iowa-poll/79562322/,59c43b4e8175f6ebc93c7038f4c06ed7
https://theconservativetreehouse.com/blog/2016/01/24/latest-iowa-poll-donald-trump-commanding-lead-34-ted-cruz-23-marco-rubio-12/,c7fece5577bb64e001fd7629c5fae572
https://www.foxnews.com/politics/fox-news-poll-cruz-trump-ahead-in-iowa-clinton-holds-caucus-lead,19758a5e083504dd526fc543288cb3d1
https://www.vice.com/en/article/what-we-learned-from-ted-cruzs-iowa-victory-over-donald-trump/,e17f3c120e550e1d26a9f99df455fb97
https://www.cbsnews.com/news/poll-turnout-key-to-whether-ted-cruz-or-donald-trump-wins-iowa/,6445d53c4ad189ada4c5268771ed6dd4
https://www.cbsnews.com/news/iowa-boosts-cruz-trump-stays-atop-new-hampshire-south-carolina/,ab8199953e028adbfa951d34b22835b2
https://www.independent.co.uk/news/world/americas/us-politics/iowa-caucus-live-polls-results-donald-trump-hillary-clinton-bernie-sanders-latest-updates-a6846186.html,e73d4d76d1e2fae9f9ca6c06a402d874
https://www.politifact.com/factchecks/2020/nov/20/tweets/yes-donald-trump-claimed-fraud-after-2016-iowa-cau/,157b5607345cfa0413433e8acae3de57
https://www.statesman.com/story/news/politics/politifact/2024/01/19/trump-lost-iowa-caucus-to-ted-cruz-in-2016-didnt-win-three-times/72256408007/,4886213a5782d18436c01fc79b2bf2f9
https://eu.statesman.com/story/news/politics/politifact/2024/01/19/trump-lost-iowa-caucus-to-ted-cruz-in-2016-didnt-win-three-times/72256408007,a42922f708e5345b173cd01cdeda00aa
https://www.businessinsider.com/iowa-caucus-results-donald-trump-ted-cruz-2016-2,dfbd8e6e3406b4fd203cf675b18d5bd2
https://www.cbsnews.com/news/rnc-chair-reince-priebus-donald-trump-will-be-the-presumptive-nominee/,04d2b9f288ba15a373d2c8283be98a6e
https://wsbt.com/news/local/rnc-chief-says-trump-presumptive-nominee-calls-for-gop-unity,76545265151e9f95551714a091b8d197
https://www.cbsnews.com/news/reince-priebus-on-donald-trumps-taco-bowl-tweet-hes-trying/,2a1a0e6e415455dc5919e5a659544149
https://www.business-standard.com/amp/article/news-ians/donald-trump-declared-presumptive-gop-nominee-116050400296_1.html,d38665e4e23dbc699271fc3ef56dda26
https://web.archive.org/web/20160505084102/http:/www.politico.com/blogs/2016-gop-primary-live-updates-and-results/2016/05/reince-priebus-donald-trump-is-nominee-222767,f726ca1fb54b1ce62fe01b972f953686
https://theweek.com/speedreads/622270/republican-party-chairman-crowns-donald-trump-presumptive-gop-nominee-urges-party-unity,0018948ed913d4a22feb9ff99a378649
https://www.politico.com/blogs/2016-gop-primary-live-updates-and-results/2016/05/reince-priebus-donald-trump-is-nominee-222767,cbe744caab902f393f9bfff2769c90d5
https://www.aljazeera.com/news/2016/5/4/donald-trump-becomes-presumptive-republican-nominee,681d631bfc42bfb3ac0a8a91d53d9799
https://rollcall.com/2016/05/04/rnc-chair-admits-trump-is-presumptive-gop-nominee/,7df09310d6338641524832a2653eba02
https://www.politico.com/blogs/2016-gop-primary-live-updates-and-results/2016/05/reince-priebus-trump-gop-222783,15ad772712620587f1ebbe6a24aec675
https://rollcall.com/2016/05/04/rnc-chair-admits-trump-is-presumptive-gop-nominee,333e675f0e943f9fe440512684fccf25
https://www.vox.com/2016/5/3/11585108/donald-trump-wins-rnc-nomination,7cef77d3bbe75704379d7f89ae158f4e
https://time.com/4317508/meet-presumptive-nominee-donald-trump,4daa880230cc94ee0f4a85abaa724f1a
https://kutv.com/news/nation-world/rnc-donald-trump-will-be-the-respumptive-nominee,438d9b82f33d79fdd0b4a43c348c35a1
https://www.cbsnews.com/newyork/news/new-york-map-county-by-county-election-results-2024-presidential-race/,b0f41861e534a2d502271dbda8cef8d7
https://www.washingtontimes.com/news/2024/nov/6/donald-trumps-landslide-win-resets-political-lands/,33aaa795ecb9f7e2379c5caf69a09fa0
https://www.washingtonexaminer.com/live-blog-posts/trump-pulls-out-landslide-few-expected/,64e1e3cf9d1a70978aaf88698f361b76
https://www.270towin.com/states/new-york,b0e38c208c2b7cb142af6e3b63965f7d
https://www.aol.com/trump-win-real-not-landslide-170256135.html,7948c13107056db7d2a289e5d28c4dff
https://apnews.com/article/15698f808c344964afcc6ddd6e960240,b12c5ad618e0a8eea3b17978d55c12fc
https://www.npr.org/2016/12/11/505182622/fact-check-trump-claims-a-massive-landslide-victory-but-history-differs,54b60cafe61224d78dc434a5b7b7cb4d
https://www.bostonglobe.com/2025/01/14/nation/donald-trump-landslide-election-mandate/,277c28243ecd69eaa9d86898ff9eeb24
https://www.timesofisrael.com/trump-wins-republican-presidential-primary-in-indiana/,2a011a2f19107ecfddc44cc67b4f9699
https://www.business-standard.com/amp/article/pti-stories/trump-wins-indiana-presidential-nomination-in-sight-116050500094_1.html,cf56500eee585d022ea6e3cc8eb8820a
https://www.cbsnews.com/news/live-updates-republican-primary-in-indiana/,ab7c65fa4d8808a52f3b88a64741a944
https://www.hindustantimes.com/world/it-s-already-over-says-donald-trump-as-he-eyes-victory-in-indiana/story-ElnOjpBBQD7ZFHmG2G8MwO.html,f89f5c88f28d1d63b65c308c8b52634a
https://www.business-standard.com/amp/article/news-ians/trump-wins-indiana-state-primaries-cruz-drops-out-116050400288_1.html,eb1b9d8c5d3b7027fbff912fcff8a40b
https://www.business-standard.com/article/news-ians/trump-wins-big-in-indiana-as-cruz-drops-out-of-presidential-race-116050400125_1.html,e270d4d877abd4fa2954536a5d702350
https://www.cbsnews.com/news/revisit-georgia-election-results/,5b86c822a535cab7959ff426f45267e4
https://www.usatoday.com/story/news/politics/2016/05/03/indiana-gop-president-election-primary-race-trump-cruz/83827320,3b8864858780548ec09d598705339229
https://www.psqonline.org,0c910cbff3df48309ea5760e06c38f64
https://www.washingtontimes.com/news/2016/mar/15/donald-trump-has-received-2-billion-in-free-media-/,08f02b2955e0ebfba97db956f97da10b
https://www.thestreet.com/politics/donald-trump-rode-5-billion-in-free-media-to-the-white-house-13896916,b3710cf8be1394b19a20a9a9f7d41f95
https://www.opensecrets.org/news/2017/04/election-2016-trump-fewer-donors-provided-more-of-the-cash/,970c742c22f4266b562355f6e169375c
https://theweek.com/speedreads/612880/donald-trump-earned-nearly-2-billion-worth-free-media-attention,ca9ccb3230c328c6779e8c8027bd4c77
https://www.cnbc.com/2016/09/30/breakingviews-trump-cold-shoulder-for-tv-ads-may-set-the-trend.html,321cb74d259af552a9815eef525cdae0
https://www.politifact.com/factchecks/2016/mar/20/john-kasich/john-kasich-calls-out-donald-trumps-18-billion-wor/,94fe75ee80a0bc7a3d59cb47388252c1
https://web.archive.org/web/20210127215117/www.nytimes.com/2016/03/16/upshot/measuring-donald-trumps-mammoth-advantage-in-free-media.html,1879865442a04d6b6d9dbf88c835552d
https://time.com/4994789/donald-trump-twitter-bob-corker/,ea81aba522e889e2a8aba0c842329fc0
https://www.imdb.com/name/nm2421477/news/,1acf9bd6e5c170c1899d2b58b6095762
https://www.politifact.com/personalities/bob-corker/,a8e823a87bb8162be3beaf2c195e59ae
https://www.britannica.com/topic/Bob-Corker,1b93359fa661104cd55b3e107476a38d
https://www.merriam-webster.com/thesaurus/said,f352027eca2f8f0695fa6443ba6c65d3
https://www.denverpost.com/tag/bob-corker,37e180143b7beb4c87201f9e73fd9156
https://www.washingtonpost.com/news/post-politics/wp/2017/10/08/trump-attacks-gop-sen-corker-didnt-have-the-guts-to-run-for-reelection,03cbc36c9052068a03b161b9160f064d
https://www.cbsnews.com/news/donald-trump-will-announce-running-mate-at-gop-convention-in-july/,bbd02746123f7064f6ef9524a171f200
https://www.npr.org/2024/07/15/nx-s1-5040238/donald-trump-becomes-nominee-and-makes-vp-pick-at-rnc,02c5ea2ecdb0a88d796568ed14bded8b
https://time.com/4360001/new-jersey-republicans-play-defense-as-donald-trump-on-primary-day/,c15b3cab783e7a86e93f2052080816b0
https://www.cbsnews.com/philadelphia/news/trump-takes-aim-at-christie-new-jerseyans-not-happy/,53c1a6895e6495b29e54fa58e9ef90c6
https://www.politico.com/news/2025/08/25/donald-trump-chris-christie-bridgegate-00522660,0cb3d6fe002c49999ef84db95ed74cb1
"https://ballotpedia.org/Chris_Christie_presidential_campaign,_2024",7cf0bad4e83cc46fbc909d571b2c60a5
https://www.wyomingnewsnow.tv/politics/trump-offered-chris-christie-vp-role-first-sources-say/article_8a5ab144-bd9b-50ec-b3c0-6f4160a476b8.html,7279f9af98c026cd1205df53d61893ef
https://www.nj.com/politics/2016/10/trump_offered_christie_vp_but_rescinded_because_of.html,433bad5b55b27e1bea6193b018c4a01c
https://www.politifact.com/factchecks/list/?speaker=donald-trump&ruling=false,4634e3296637cf5f90050510274adce1
https://www.cbsnews.com/tag/misinformation/,9897954b29c19ea3d2f3cde5f91a537c
https://www.cbsnews.com/news/government-shutdown-judge-blocks-trump-administration-firing-workers/,c5224dddcc5d0c22cfe650c0a7498e80
https://www.reuters.com/business/aerospace-defense/trump-announces-weapons-ukraine-warns-russia-2025-07-14,daaea5fa62bcd73d9481c43569e8d787
https://www.foxbusiness.com/politics/trump-admin-denies-report-seeking-stakes-quantum-computing-firms-china-tech-race,7026cf41d658f2db1b8adc5583aee7d8
https://www.lemonde.fr/en/international/article/2025/07/15/trump-says-any-credible-epstein-files-should-be-released_6743409_4.html,5ab5a27674465f37c3b9cb3f7133ef3c
https://people.com/trump-disowns-maga-supporters-pushing-for-epstein-files-11773461,23ba78da488869381bc836896e452722
https://newsweek.com/trump-slams-supporters-believing-jeffrey-epstein-bulls-2099697,6489d61bb6fc43846af68e77e305b7b3
https://time.com/7302661/trump-jeffrey-epstein-hoax,f9c8a8920edf301f3a64cbb8050e77a2
https://www.business-standard.com/amp/article/news-ians/pence-officially-accepts-republican-vice-president-nomination-116072100424_1.html,90340cf550fb8ee5c784ea1ac5a0f46c
https://www.politifact.com/article/2016/jul/20/fact-checking-pence-cruz-third-night-republican-na/,0808ba8ad8cb0fcf0df41006294ab660
https://abcnews.go.com/Politics/note-mike-pences-moment-rnc/story?id=40730615,f0a2c60917bfab1635f72fc5d3bddb3d
https://www.wxxinews.org/npr-news/2016-07-21/vice-presidential-nominee-mike-pence-takes-center-stage-at-gop-convention,914075b50e1037015ae894faaae69bf2
https://theweek.com/donald-trump/1015385/donald-trump-vs-mike-pence,74ff65a5bdc124936f6c1325debdb48e
https://www.cbsnews.com/news/donald-trump-mike-pence-was-my-first-choice-for-vp/,7031c825cc277b820c7d5c8d42e77609
https://www.usatoday.com/story/news/politics/elections/2016/2016/07/19/gop-coronation-day-arrives-trump/87283502,176fd7963bf9b733feca3868fadd1a2e
https://www.c-span.org/program/campaign-2016/hillary-clintons-presidential-candidacy-announcement-video/396323,6e7447a2ff00fb14a1da9b70960bd512
https://www.thenation.com/article/archive/democrats-primaries-2016-identity/,a1fc32fd6598adec896f9f08c22a74e5
https://www.wikiwand.com/en/articles/Bernie%20Sanders%202016%20presidential%20campaign,a5d425734df38cf8d6e2e2688136dddb
https://www.wikiwand.com/en/articles/Bernie_Sanders,a972693090fef4fd17a52e37b85c64d6
https://abcnews.go.com/Politics/week-transcript-8-25-24-sen-bernie-sanders/story?id=113126392,8281c9aca4576cf8c2c0cadc92bd69d9
https://english.stackexchange.com/questions/4032/which-is-correct-this-is-her-or-this-is-she,bfb74f433ad2bd51a2ea103ca1ffdf95
https://english.stackexchange.com/questions/477216/he-looked-the-same-as-she-or-as-her,28ca606dd39cd29867b125764e9a4bdb
https://web.archive.org/web/20150503042822/www.nytimes.com/2015/04/30/us/politics/bernie-sanders-campaign-for-president.html,e1e977809a220ee03273764385135406
https://www.nga.org/governor/lincoln-chafee/,8c448ad7b6107884b2d10cc5c9ec928f
https://time.com/3908373/transcript-read-full-text-of-gov-lincoln-chafees-campaign-launch/,4a13825237edc000398c7cb9969f751f
https://www.nga.org/former-governors/rhode-island/,4c2335aa0f60982a4e18b3d4387c2d47
https://ballotpedia.org/Lincoln_Chafee_announces_bid_for_presidency,fca5eb8c0321cbdc2cf2cbc33fe39f5f
https://ballotpedia.org/Lincoln_Chafee,f71d0f7eb8016a3362206c295c216f74
https://www.washingtonexaminer.com/politics/221462/larry-lessig-drops-out-of-democratic-primaries/,8466d4cdf8f4e86fab1c7a92108c44c2
https://news.vice.com/en_us/article/wjazjy/sanders-and-omalley-accuse-dnc-of-favoring-clinton-ahead-of-third-democratic-debate,f171a7f1503662fd73c4e82bec6d66dd
https://www.npr.org/2019/08/28/754882091/the-dnc-is-about-to-cut-the-2020-field-in-half-and-spark-plenty-of-controversy,e8ff34be1025ec66a19fb54f9d469e62
"https://ballotpedia.org/Presidential_debates,_2024",accbe0018a74fc1f0692fecb8c2934a7
https://www.vice.com/en/article/kz9z5w/presidential-candidate-lawrence-lessig-had-to-quit-the-race-to-get-the-medias-attention,9dfc3937b689b452b799837292764644
https://www.washingtontimes.com/news/2015/nov/2/larry-lessig-drops-dnc-presidential-bid,e4ca8dce7529e7bfac4f1d7942d422ee
https://www.aol.com/news/biden-drops-presidential-race-111355807.html,d5edf3d8efe9edc4f5ac882581634a55
https://www.business-standard.com/article/news-ians/joe-biden-not-running-for-president-115102200001_1.html,6dbc7e22f608c8ac992fe3437b3ddaab
https://politicalwire.com/2015/10/21/biden-will-not-run-for-president/,f54f6039d29d988490bebf7a150392c4
https://www.cbsnews.com/news/kamala-harris-joe-biden-2024-election-decision-book-excerpt/,164d72b49b12125414b8686debd9d95f
https://www.business-standard.com/article/news-ians/us-vice-president-joe-biden-says-not-to-run-for-presidency-115102101426_1.html,dbd6624d465985bae8dbe3c89808ad06
https://web.archive.org/web/20151123032850/http:/www.aol.com/article/2015/10/21/biden-announces-hes-not-running-for-president/21252056/?icid=maing-grid7%7Chtmlws-main-bb%7Cdl1%7Csec1_lnk3%26pLid%3D36905727,915005f2081cf5b657f955a0e26258a8
https://www.vvng.com/joe-biden-has-announced-he-will-no-longer-be-running-for-president/,fcc63da21b3b229c379007aaebfdb525
https://thehill.com/opinion/campaign/4731400-joe-bidens-worst-strategic-decision-running-for-re-election-in-the-first-place/,e29baccdac6db70ce17eafd48841aa32
https://www.al.com/news/2024/07/joe-biden-not-running-for-re-election.html,eee0e32942bb91e322c4a1f8418f736e
https://apnews.com/events-general-news-united-states-presidential-election-b1fe433d92824f5cb0e7eb675f0b90b1,e8489444fa1b4263867522996228681c
https://www.usatoday.com/story/news/politics/elections/2015/10/21/joe-biden-2016-presidential-campaign/32257165,b3b70ea3509e704850f3380a37c85c96
https://eu.desmoinesregister.com/story/news/elections/presidential/caucus/2016/02/02/sanders-clinton-locked-virtual-tie/79625856/,2e2dd5c321564594cd4e2a15382adc13
https://www.vice.com/en/article/iowa-caucuses-2016-live-blog-1/,63731d4b284b0e7752cd520ad5ceb094
https://www.mic.com/articles/134071/iowa-caucus-2016-full-results-for-republican-and-democratic-candidates,4e4460e99912bdec79f984689f1beb6a
https://www.npr.org/2016/02/02/465193561/cruz-wins-iowa-republican-caucus-clinton-sanders-still-too-close-to-call,516540fcba5abc08b9e20a4948054a35
https://www.politico.com/story/2016/02/iowa-caucus-2016-donald-trump-bernie-sanders-218547,7bbcae1d6ddf37c52cec86ae7605e04c
https://www.cbsnews.com/news/hillary-clinton-wins-the-iowa-caucus,b0189e27e702a7513530fc6ace9baa92
https://news9.com/story/5e34bb3ae0c96e774b3460cf/hillary-clinton-declared-iowa-caucus-winner-with-03-percent-edge,cd67221e3bd57c4dc273df170f06f28f
https://time.com/4244252/super-tuesday-hillary-clinton-bernie-sanders-wins/,72812137d9b63619ff16989015549e83
"https://ballotpedia.org/Donald_Trump_presidential_campaign,_2024",90ba598bea7e7d9fae0497a4a13c6d8a
https://www.cbsnews.com/news/obama-easily-wins-south-carolina-primary/,aadca6656db21426f1c408ad5378669c
https://wach.com/news/local/clinton-to-take-campaign-national-after-landslide-victory-in-sc?photo=3,7d4adb46587970ec6e986c25e0a1faf9
https://nation.africa/kenya/news/world/clinton-wins-south-carolina-primary-ahead-of-super-tuesday-1174748,ca19f227dc2f9197046082a28a4811c0
https://www.business-standard.com/amp/article/pti-stories/clinton-eyes-landslide-victory-in-south-carolina-primary-116022700223_1.html,dc9eb054c584b42dcd6e7c557febdcb3
https://fivethirtyeight.com/features/was-the-democratic-primary-a-close-call-or-a-landslide/,0eaad87ec162a49c868f8ddb7a26dc80
https://time.com/4239405/south-carolina-primary-results-hillary-clinton-bernie-sanders/,8f0a3797cd0748bb5e4f9920d120621e
https://www.the-independent.com/news/world/americas/us-politics/south-carolina-primary-hillary-clinton-expected-to-take-crushing-win-over-rival-democrat-bernie-sanders-a6900971.html,c0a68765e1013693ac154578bd4201b4
https://www.business-standard.com/amp/article/news-ani/hillary-clinton-secures-democratic-presidential-nomination-reports-116060700632_1.html,ca7f7963698f3260011f216f91c0ddf6
https://www.business-standard.com/amp/article/international/hillary-clinton-donald-trump-win-new-jersey-primary-voting-underway-in-california-116060800136_1.html,3766474d835870205a4cf22fe784a088
https://www.cbsnews.com/newyork/news/six-states-primaries/,e7f98db571b2826fe62e1acb0bda01c9
https://investors.on-running.com/financials-and-filings/default.aspx,63e1d2ab2301bff978e35b49345ef601
https://apnews.com/united-states-presidential-election-general-news-events-4c9c850385c84b12ad5b85fda49743f9,72a3d5f3301cf523139a43abc4d732a8
https://www.ap.org/media-center/ap-in-the-news/2016/delegate-math-clinton-wins-and-how-ap-counts-delegates,674108cb25c8239d60166144cb0775ed
https://web.archive.org/web/20160721082927/http:/bigstory.ap.org/779b7012af24446289623a968926ec04,dc97345b4cd0587ea211b8f6fc732fe3
https://www.cbsnews.com/pittsburgh/news/ap-count-clinton-has-delegates-to-win-democratic-nomination/,f0b84bec218fa3d0cc6ce2f66331813b
https://www.independent.co.uk/news/world/americas/us-politics/hillary-clinton-makes-history-as-she-is-named-presumptive-democratic-presidential-nominee-a7068416.html,aff9b6e8e1e53d89fcd82677a2244859
https://ballotpedia.org/Fact_check/Did_the_media_call_the_Democratic_primary_too_early,1f77b463f0e3016eeb2942da8f71cac3
https://patch.com/us/across-america/hillary-clinton-presumptive-democratic-nominee-president-ap-0,dccb0954324ac9437a5f9bdb874f66f2
https://www.dailymail.co.uk/news/article-3628506/Hillary-Clinton-declared-Democratic-nominee-Associated-Press-based-superdelegates.html,e7d4f4c3d0eef4dd78b53b65189ca7f0
https://www.usatoday.com/story/news/politics/elections/2016/06/06/hillary-clinton-democratic-nomination-delegates/85535004,d33fd8192eb36a0f7e0a329e4aec6b25
https://www.kens5.com/amp/article/news/nation-now/ap-clinton-is-presumptive-democratic-presidential-nominee/273-234565527,fc4fb9f0998c57e23068b939216fcbff
https://www.business-standard.com/article/pti-stories/sanders-crushes-clinton-in-3-state-clear-sweep-116032700567_1.html,10731a9fac88b6ebf7771b997467ff8c
https://www.cbsnews.com/news/bernie-sanders-explains-why-supporting-hillary-clinton/,6da37c489a04f8764d065f8f11d80e4e
https://www.cbsnews.com/news/bernie-sanders-endorses-hillary-clinton-in-new-hampshire/,59d32c42d09d719afc363072d8b874da
https://observer.com/2016/06/mainstream-media-falsely-reports-sanders-endorsement-of-clinton/,cbfbf64d473650845787d4eedb3c1245
https://www.nbcnews.com/politics/2016-election/bernie-sanders-finally-endorse-hillary-clinton-n607591,469524a85d70be859aa2006450c6cc60
https://time.com/4403264/bernie-sanders-hillary-clinton-endorsement-full-transcript,a903d12a2405ccbaff2f45f29d905229
https://www.heraldnet.com/news/sanders-says-he-will-work-with-clinton-to-transform-party/,81a36daa39becbbacf8bb85c921cd309
https://www.business-standard.com/amp/article/international/sanders-vows-to-help-clinton-beat-trump-keeps-campaign-alive-116061700216_1.html,fb4e86b9d07f246f6364be53ed6023aa
https://time.com/4372644/bernie-sanders-hillary-clinton-speech-democratic-nomination/,881ae611a19b3d569814213018937e68
https://www.business-standard.com/article/international/bernie-sanders-says-he-will-work-with-hillary-clinton-to-transform-party-116061700141_1.html,db760af0a2e000a4606620ef5cc290c8
https://www.npr.org/2016/06/17/482432729/sanders-to-work-to-defeat-trump-transform-democratic-party,da8ef097c54f3a0181510640d6916ed3
https://www.the-independent.com/news/world/americas/us-politics/bernie-sanders-i-want-to-work-with-hillary-clinton-to-defeat-donald-trump-a7073321.html,ed3f54edb0d97d434048df7cf39a1eaa
https://www.reuters.com/article/us-usa-election-sanders-idUSKCN0Z305E/,9a6dd6396aec17151c3f0a4094deb681
https://www.reuters.com/article/us-usa-election-sanders-idUSKCN0Z305E,9e8b2c2b69bdcd60aa0dea05ae8ec40f
https://www.cbsnews.com/news/bernie-sanders-to-supporters/,2d6c7faa70ab077148ffdb819eead532
https://www.business-standard.com/article/international/sanders-vows-to-help-clinton-beat-trump-keeps-campaign-alive-116061700216_1.html,a7797512ecc87255be49dc8de723bd1c
https://talkingpointsmemo.com/livewire/clinton-sanders-finish-campaign,d58393ebf01be0b4982605cc8a214526
https://www.bostonglobe.com/news/politics/2016/06/16/bernie-sanders-says-will-work-with-hillary-clinton-transform-party/AKbkMDOIChSlMgJ6orUZiO/story.html,550eadd6059802ab1b00704c67922e80
https://www.vice.com/en/article/presidential-candidate-lawrence-lessig-had-to-quit-the-race-to-get-the-medias-attention/,69686bdf41e0937708ac95d0b66b8120
https://web.archive.org/web/20151103185756/http:/www.politico.com/story/2015/11/lawrence-lessig-drops-out-215443,020f4a90628590201bbb437dbd495bf1
https://www.bostonmagazine.com/news/2015/11/02/larry-lessig-drops-out/,e82b251221c5104d3cc113a8a32ade34
https://www.washingtonpost.com/news/post-politics/wp/2015/10/13/candidate-larry-lessig-wont-be-at-the-first-democratic-debate-he-blames-his-own-party,d6d6c494e98681ba8b6e1383893b04b7
https://fivethirtyeight.com/features/how-cable-news-and-the-polls-reacted-to-2020-campaign-announcements/,601c3ba7ae9d5a2f35479e4dcbaabe77
https://www.politifact.com/factchecks/list/?category=polls,b8657de92327313010baac4a06d71418
https://www.npr.org/sections/publiceditor/2024/03/21/1239916109/dark-horses,89be48f086087f09fa80fb26f523a6e5
http://www.dailykos.com/story/2015/11/3/1443735/-DNC-rules-change-leaves-Lessig-out-of-2016-Democrat-debates-forced-to-leave-the-race,06156aa377788190b2896cfe623dd25b
https://www.washingtonexaminer.com/politics/1593719/harvard-prof-says-cnn-unfairly-excluding-him-from-dem-debate/,d5aed1a3d4a32d67b3d6c191e388e941
https://www.yahoo.com/entertainment/larry-lessig-ends-presidential-bid-citing-restrictive-debate-184330805.html,c68baa819f398b7e6617481de1d70bee
https://time.com/4534899/hillary-clinton-wikileaks-running-mates/,9ff2d017d6ed555db181e2be1bc0e205
https://www.britannica.com/biography/Hillary-Clinton/Secretary-of-state-and-2016-presidential-candidate,a4309b95550e1019a3a4bc26a53a42ad
https://www.business-standard.com/amp/article/pti-stories/hillary-better-prepared-to-be-next-us-president-bill-clinton-116010500082_1.html,c4f86ca616c56c3d0d699b09ebbbd49a
https://www.politifact.com/factchecks/2019/jan/02/blog-posting/no-hillary-clinton-2013-did-not-say-donald-trump-s/,071c89e86fc75dca621070fa8614d729
https://fivethirtyeight.com/features/is-hillary-clinton-qualified-to-be-president-a-new-poll-is-easy-to-misread/,01db18637b268e0b903f8a1c4d4eb6fa
https://www.npr.org/transcripts/91232560?ft=nprml&f=91232560,61d24c7c8c5faaf7e02aaa16098f82ca
https://www.nbcnews.com/id/wbna21482196,d23234852e40c94c3d169a6f36cbcd11
https://www.vox.com/a/hillary-clinton-interview/the-gap-listener-leadership-quality,6fa5fa298b32917ca620fe17cc4ca9ff
https://www.cbsnews.com/losangeles/news/mayor-on-being-named-as-potential-clinton-vp-pick-im-not-looking-for-a-new-job/,676016e344846533a6eb5eb50adb4743
https://www.cbsnews.com/losangeles/news/clinton-endorsement-mistake-by-mayor-garcettis-office-unlikely-to-spur-investigation/,4812f0bb194e464065d14e2c6b3ffc2b
https://www.thewrap.com/la-mayors-hillary-clinton-endorsement-taken-back-after-pr-snafu/,ccb41b74e7dca66b3e1734b0b5545ab2
"https://ballotpedia.org/Mayoral_election_in_Los_Angeles,_California_(2026)",1ff0396c2098f086bbf325b176e1a89f
https://www.dailynews.com/2016/06/16/la-mayor-eric-garcetti-as-vp-pick-odds-are-slim-political-experts-say,c021a387694dff739f825c882d99e9e0
https://www.cbsnews.com/losangeles/news/mayor-on-being-named-as-potential-clinton-vp-pick-im-not-looking-for-a-new-job,dd41b8cf2944b6d7c7b2d8f3e68ce90b
https://www.britannica.com/place/list-of-nicknames-of-US-States-2130544,ae80b1754ca53ae088f42c8d08250832
https://usafacts.org/articles/when-was-your-state-founded/,0a6398580a70d6385d8a656accc006e1
https://www.al.com/news/2025/10/alabama-is-one-of-the-top-10-states-for-doing-business-survey-finds.html,6a12466d3d9e0d815b2a92df88223e87
https://capitalizemytitle.com/50-us-states-in-alphabetical-order/,e535535d98952ff9f72d3efce3ebf0bd
https://globaldatabase.ecpat.org/files/textbooks/Sitewide:O0C7/_pdfs/american-states-alphabetically.pdf,a190b239e7a89696bfdda968cad79afa
https://sports.yahoo.com/50-u-states-alphabetical-order-172809647.html,ef047d32983bab59dd2ed7bff8f2806b
https://www.alabamapioneers.com/is-birmingham-alabama-sitting-above-an-underground-river/,842e8bf96a62a23e26788967a67373c9
https://www.jetpunk.com/quizzes/us-geography-true-or-false-2,5a9dc12a3f8377164893490ed1484b45
https://www.teachervision.fen.com/sites/default/files/pdf/QLGeogMiscTF.pdf,939a6ed6b4243b44d9f82e93774dd2c0
https://www.britannica.com/place/Alabama-state,764e7f8e707dfc39127c0a434f7c710b
https://www.jagranjosh.com/general-knowledge/most-populated-states-in-usa-1747737736-1,5e88340319c120c6faa8b1fcbfb6398d
https://www.jetpunk.com/user-quizzes/204335/fifty-states-true-or-false,39e7a943b29b133756a40e27d2cb40ba
https://www.britannica.com/topic/largest-U-S-state-by-population,1a0b0f29c667917d3918d50b36fc65ac
https://www.worldometers.info/world-population/us-population/,ec110b062325e1426773970bde82cac7
https://www.britannica.com/quiz/name-that-us-state-quiz,461b82fdaa8785a4db487add53813cb7
https://worldpopulationreview.com/states,70d909e1cbd9d5920c7dcc619579ae2a
https://www.jagranjosh.com/general-knowledge/list-of-states-in-usa-1663078166-1,ec96857f75006371d7e07115537a2830
https://ballotpedia.org/Write-in_candidate,9319a7520bb7c88b89cc10f2dc0056b5
https://fivethirtyeight.com/features/the-numbers-behind-hillary-clintons-economic-vision/,4db669ceb9b5dd5a56d5a4149959e5f2
https://www.mic.com/articles/122153/hillary-clinton-lays-out-economic-vision-as-part-of-2016-presidential-run,286456ab48824d8a6fe06b4e8c501b01
https://www.business-standard.com/article/pti-stories/us-has-to-build-inclusive-economy-clinton-115071301214_1.html,66d09cd8bb8085c54cba70d0ba2fdc87
https://fortune.com/2015/07/24/hillary-says-capitalism-needs-a-reset/,1a823aa20efa503fb5d6425cda4cc709
https://www.politico.com/magazine/story/2015/07/hillary-economic-speech-shift-leftward-120056/,80b99a48bc53362e239ca19bf39ee70f
https://deepblue.lib.umich.edu/bitstream/handle/2027.42/30351/0000753.pdf,a72e9d71c172d81a0126eed209fc4ad7
https://www.politico.com/states/new-york/city-hall/story/2015/06/citing-oklahoma-clinton-calls-for-universal-preschool-023052,f49d66617cbc4ff2b60baa3a74034b38
https://www.theatlantic.com/education/archive/2016/10/light-research-hasnt-slowed-pre-k-expansion/505553/,3457f932a3e920eccbc9d646b8f95dec
https://www.reuters.com/article/us-usa-election-clinton-idUSMTZSAPEC34J0Y96R,3d708c47e427d66c5b12706f8b93117f
https://www.theguardian.com/us-news/2023/apr/06/media-coverage-trump-arrest-2016-repeat,7bb9ac39cc61f80eef8e750eda434291
https://pmc.ncbi.nlm.nih.gov/articles/PMC7239673/,f6bacbd2d710e8d2ad67ae146534cbaa
https://link.springer.com/book/10.1007/978-3-030-30496-6,6a6c17ea1dcc14de5e59e52a529af167
https://wvmetronews.com/2016/05/06/overwhelming-support-for-trump-lead-for-sanders-in-metronews-west-virginia-poll/,ed59ccd91d5d269ffbe7027f58584039
https://journals.sagepub.com/doi/10.1177/1532673X18765190,cf2d4857f9f7123455f8b227b3b1a01d
https://fivethirtyeight.com/features/the-mythology-of-trumps-working-class-support/,8a78024a4e34aaa5fd50ff7713812d10
https://www.abc10.com/article/news/nation-world/voter-demographics-2024-presidential-election/507-676b4912-fc20-460f-8043-5b877f3ec2ac,1588c0b3f2010ef4e946fdd057c14dc7
https://www.cbsnews.com/news/clinton-schedule-is-a-campaign-mystery/,bfebea4a9985f9819e3163e55ce2ea94
https://homologacaosmc.prefeitura.sp.gov.br/primo-explore/uploaded-files/_pdfs/hillary%20clinton%20living%20history.pdf,7bcf83fa8099c14becf637986c3452ff
https://server.zona-militar.com/academic-discussion/online-tutoring/lecture-notes/what_is_bill_clinton_known_for.pdf,71f3d31011483728f506cf83bc8c965b
https://www.politico.com/magazine/story/2016/09/hillary-clinton-2016-60-minutes-1992-214275/,49a6dc3ef4db1d91f01ec2bb0e1e4201
https://www.politico.com/story/2016/09/hillary-clinton-reporters-press-227700,8ce7bd90771c30339165e6849087b7fe
https://www.npr.org/sections/itsallpolitics/2015/05/13/406250488/the-13-questions-hillary-clinton-has-answered-from-the-press,cde08810d22b29ca5dcf4a1ad349fe69
https://www.npr.org/2015/03/29/396128370/clinton-seeks-a-new-relationship-with-the-press?amp;utm_campaign=news?amp;utm_campaign=news,e51391372172745edf0318b5863e7fec
https://www.huffpost.com/entry/hillary-clinton-press_n_6928098,ce8de43629e3fe6f85423d1dd2508f8c
https://www.washingtonpost.com/news/the-fix/wp/2015/03/24/hillary-clinton-promised-a-new-relationship-with-the-media-but-she-was-kidding,be40225b9f71e77d9ebe1f2b3830d154
https://www.cbsnews.com/news/transcript-president-bill-clinton-on-face-the-nation-september-20-2020/,7f0c465d8dd89c77ac54487ef8d7dccb
https://time.com/archive/6720052/bill-clinton-questions-questions-questions/,8c899303284f8a39a7b137fe941bac04
https://www.jfklibrary.org/events-and-awards/kennedy-library-forums/past-forums/transcripts/a-conversation-with-former-president-bill-clinton,fcf51c73d42c2f9532196c15db19d1fc
https://www.npr.org/sections/itsallpolitics/2015/05/19/407981227/after-a-month-the-7-questions-hillary-clinton-answered-from-the-media,65b1cdda2fdb682480158ce963c217ac
https://www.npr.org/transcripts/491311747?f=491311711&ft=nprml,cf33f2d4c12a9ae17f52753e65d6bd2d
https://www.politifact.com/factchecks/2015/jul/15/hillary-clinton/hillary-clinton-says-shes-engaged-local-media-all-/,d5099f3ce046bcebe69a7d7b96b48b7d
https://www.npr.org/transcripts/491311747,e5d181fb63e17e2934491a79d5ce0d0a
https://web.archive.org/web/20130130145357/abcnews.go.com/print?id=3648738,2c04bee2ba353323983bb1ab16403066
https://www.presidency.ucsb.edu/documents/hillary-clinton-campaign-press-release-6-events-that-show-hillary-clintons-commitment-the,6ecc0cea5fca08db65e541a230eb83a5
https://www.reuters.com/article/us-usa-politics-clinton/as-hillary-clinton-soars-questions-shadow-lucrative-speaking-tour-idUSBREA1R08120140228/,a8da4c455aafcb23ef211e34868a501d
https://mississippifreess.org/clinton-to-start-2016-bid-with-focus-on-voter-interaction,2b1843df3d8de5690810bab8720cbb57
https://www.knoxfocus.com/archives/this-weeks-focus/harvard-study-confirms-trump-coverage/,c7f4138619d11be0805c02f7c8ab25a0
https://fortune.com/2016/03/21/tv-debates-trump-media/,b27bffce3b4fb846cb4691102ae9c0f7
https://apnews.com/ddc9fbb6e7ae4e71976eee469e6fc8d0,a22219c0327f7e06a67af45f1ed8e6db
https://www.wikiwand.com/en/articles/Media_coverage_of_the_2016_United_States_presidential_election,c6a226161c5ab041363b9c51761ec453
https://www.politifact.com/article/2016/sep/26/trump-clinton-fact-check-2016-president/,68763b45cd6307db55924f081a750ea8
https://www.politico.com/magazine/story/2016/04/did-media-reporters-create-trump-2016-campaign-213840/,80b716b46f17f30d3fb1e5da988217c0
https://www.salon.com/2016/07/05/ap_fact_check_clinton_email_claims_collapse_under_fbi_probe/,ce843d0e2c1b67036ad8118881ca03cb
https://www.cbsnews.com/news/fact-check-how-do-hillary-clintons-email-claims-hold-up-fbi/,33103a59fd260bdf703c95eaf39b5721
https://www.cbsnews.com/news/fbi-investigation-pokes-holes-in-clinton-claims-about-her-server/,72f5b1c2ee02886834151df16f28cff4
https://www.foxnews.com/politics/fbi-botched-investigation-hillary-clintons-emails-declassified-documents-allege,07ec0cf60e70034b22f87965a1e6d156
https://www.foxnews.com/politics/report-hillary-clinton-emails-violations-faults,e2c8f4140615388b11d5e04fa15f3137
https://www.reuters.com/article/world/clinton-email-probe-finds-no-deliberate-mishandling-of-classified-information-idUSKBN1WY0K9/,f878ff9e831a2c63f8dd820c0eedccdd
https://nypost.com/2025/07/21/us-news/fbi-failed-to-probe-key-thumb-drives-in-clinton-email-probe-doj-watchdog-files/,59eba4ef65533fc4b0d77915825fc866
https://www.politifact.com/article/2015/mar/12/hillary-clintons-email-did-she-follow-all-rules/,6eeb27bd49806d77537ba2ec3c805152
https://www.politifact.com/factchecks/2022/sep/13/hillary-clinton/clinton-exaggerates-absence-classified-information/,179cc451a2e7e42f3c3f0d24497de542
https://realcontextnews.com/clinton-e-mail-server-what-you-need-to-know-pre-election-clinton-not-careless-real-issues-overclassification-classified-info-sharing-practices/,a0c11e2cd159725f396ea3245b7c0aab
https://web.archive.org/web/20161030133456/www.nytimes.com/2015/03/03/us/politics/hillary-clintons-use-of-private-email-at-state-department-raises-flags.html?_r=0,2fa700da8320b0bfcab22a08af318940
https://www.politifact.com/article/2016/jul/19/politifact-sheet-hillary-clintons-email-controvers/,17623e6d67561e1d79bb0ba0e733e920
https://abcnews.go.com/Politics/hillary-clinton-deleted-33000-emails-secretary-state/story?id=42389308,ad26bd0edc3a5e3bafc198357debade0
https://web.archive.org/web/20210308233854/https:/www.politico.com/story/2016/05/clinton-email-problems-223573,0b25d516ff8d06a81b2cd2c19f696e23
https://www.politifact.com/factchecks/2016/mar/10/hillary-clinton/hillary-clinton-said-my-predecessors-did-same-thin/,b62b385885cf5377a4cded3cd9053a56
https://www.warnerbros.com/movies/it,2311f729d1d197b119426bc5b4a2cd33
https://en.wikipedia.org/wiki/It_(2017_film),d368d99372e4b386d383a6bf501a1a5d
https://www.themoviedb.org/movie/346364-it,f144a9dab08389fc080b1bf09b0b77f4
https://www.politifact.com/article/2016/sep/11/context-hillary-clinton-basket-deplorables,f9c10eede2bbd13febd09267ca6ea051
https://www.reuters.com/article/business/clinton-half-of-trump-supporters-belong-in-basket-of-deplorables-idUSL1N1BM05L,ed8f3d8f707b58bccef0ef835d293835
https://www.bustle.com/articles/183257-transcript-of-hillary-clintons-basket-of-deplorables-remark-gives-context-to-her-generalization,265e7cec82ec591ea52d7e05d2034cc9
https://www.newsweek.com/half-trump-backers-clinton-basket-deplorables-497225,3674246521006513e49cf4dbde151510
https://www.youtube.com/watch?v=295Gi9IThs0,bb07feb9322a18cd4b5475bcad5ba345
https://brooklynworks.brooklaw.edu/cgi/viewcontent.cgi?article=1648&context=blr,ff1ab617c54a6d8d5544cbc7086f4c1b
https://www.cslewisinstitute.org/resources/true-tolerance/,d941a498de22613ee6f51e28ef34d39b
https://cs.nyu.edu/~davise/quotes.html,32224e392c1f2ef4eca928efac9c97d9
https://www.desiringgod.org/articles/thou-shalt-not-slander,eeddd5b4282d49263c15e83c572de101
https://quoteinvestigator.com/2023/10/14/know-lie/,9db2fe471aeed7b02d9c9fa6cee90578
https://www.coursehero.com/file/p4fni79v/Question-26-1-1-pts-In-Malachi-God-denounces-His-people-by-raising-the-question/,01c344058d1d9f24aad86a6c1546da22
https://quoteinvestigator.com/2022/06/01/peril/,b6927f605bacbefc315d8974229d638b
https://en.wikipedia.org/wiki/Barbara_Kay,9c95256e9dc471cb8d49cde41576cd3f
https://quoteinvestigator.com/2011/12/07/barbarism-decadence/,1f328309b695b266580f48bdbd66fc91
https://www.studocu.com/ph/document/ama-computer-learning-center/humanities-and-social-sciences-strand-humss/humss-2111-world-religion-week-1-15-by-wewo/22037768,ff5e38db81f9c9e0ceff358a8d38c2a8
https://www.politifact.com/factchecks/2022/jan/31/thomas-massie/gop-rep-thomas-massie-wrongly-credits-neo-nazis-qu/,6c5fabee1db98ed5372d158981a7a6b0
https://www.yourdictionary.com/said,70be7822763e81b93a92a84bdee06d62
https://thefulcrum.us/rural-america-and-trump-presidency,7606def987d3670fe6e0905ad964f1d1
https://fivethirtyeight.com/features/how-many-of-trumps-supporters-really-are-deplorable/,6bb1793cf24b35c7d9c2a1b2e4d52ede
https://www.foxnews.com/politics/clinton-trump-battle-over-racist-charge,a5d3f2c82eca303f8c6b07d356ab037b
https://news3lv.com/news/nation-world/experts-describe-strategy-behind-clintons-alt-right-racism-attack-trumps-response,f9d531553ec31be7adba346825283379
https://www.foxnews.com/politics/hillary-clinton-fires-up-voters-against-trumps-white-house-ballroom-construction-not-his-house,949dd177caabb79ab1cb66a792377a1a
https://www.cbsnews.com/news/clinton-trump-alt-right-white-nationalist-supporters/,518114ffea63d02b27945ab2fc115c61
https://www.cbsnews.com/texas/news/clinton-says-trump-unleashes-radical-fringe-in-gop/,9afe71b91707e4798f6de69079fb0b54
https://www.cbsnews.com/news/donald-trump-hillary-clinton-should-be-ashamed-for-alt-right-speech/,9d233d542e41b3ef8502d19e955af89d
https://www.nbcnews.com/politics/2016-election/clinton-trump-taking-race-baiting-ideas-mainstream-n637946,18170c38d1fd76add2d5714c019d9d64
https://talkingpointsmemo.com/livewire/hillary-clinton-alt-right-donald-trump,46056d42c516c8bded108caf71d4ee76
https://www.politifact.com/factchecks/2016/oct/20/donald-trump/donald-trump-says-hillary-clinton-wrong-say-he-moc/,911b164d0660a1998237e1b41b9617ee
https://newrepublic.com/post/202227/trump-corruption-wrecks-america-patriotic-fans-cheer-fascism,72118d0ea507dff0cb3d3ce929f9c4cd
https://www.independent.co.uk/news/world/americas/donald-trump-presidential-debate-audience-laugh-republican-respects-women-hillary-clinton-a7370856.html,ae805222db4b885712f6c169ec0264cc
https://newrepublic.com/post/184942/donald-trump-terrifying-warning-cheers-fans,e6d80a68cfed5fe3ee10c5f9735560b8
https://time.com/7134318/donald-trump-madison-square-garden-rally-insults-lovefest/,2e21a66dd317a565d280ef78e22f638c
https://www.independent.co.uk/news/world/americas/us-politics/trump-olivia-troye-disgusting-people-b2599762.html,5be52d42def32ebc778819c778723031
https://time.com/7264688/trump-speech-congress-2025-transcript/,aefe7ca4b75ce468b996031b76160500
https://www.washingtonpost.com/graphics/politics/trump-claims/,fe9ad8df784739dbf49e2de71db60694
https://time.com/7014304/kamala-harris-dnc-speech-trump-splitscreen-commentary-response-factchecks/,0477b61389783565dbbbbe1a8d1d6882
https://www.business-standard.com/amp/article/international/donald-trump-condemns-clinton-s-deplorables-label-on-his-backers-116091100288_1.html,b500e89207e6b0ad5a0dc9ca021e1605
https://www.ndtv.com/world-news/hillary-clinton-regrets-saying-half-of-donald-trump-backers-deplorables-1457175,5de8f2d7f23523a53152ab7f2071373c
https://www.timesofisrael.com/clinton-regrets-disparaging-comments-about-trump-backers/,bbfeeb37a38908e52252e5cf8dd54b74
https://www.the-independent.com/news/world/americas/us-politics/hillary-clinton-calls-half-of-donald-trump-supporters-racist-sexist-homophobic-xenophobic-and-islamaphobic-a7235926.html,5a592177d24f6f5a374976186a19f708
https://www.bbc.com/news/election-us-2016-37330420.amp,80ac36b6ed340a98a29b80e1b52fdd19
https://www.kgw.com/article/news/nation-now/clinton-i-regret-saying-half-of-trump-support-from-basket-of-deplorables/283-316462288,29a654541f45da0bb0fcd50eaaf696ad
https://vancouver.citynews.ca/2016/09/11/the-latest-clinton-leaves-daughters-home-feeling-great/,db8c1b758e5e4b44adf83b98dd797a21
https://www.business-standard.com/article/pti-stories/clinton-leaves-9-11-memorial-abruptly-campaign-says-unwell-116091100656_1.html,115ad6516a5449c9c9412b3d853d5982
https://www.timesofisrael.com/clinton-leaves-911-ceremony-after-feeling-unwell-campaign-confirms/,eed1da6fec17758e7c956c570bbaeee3
https://www.youtube.com/watch?v=9QZPGKaoxsA,509cbf53e0db44e5b6e6e8c5baf7ad64
https://www.cbsnews.com/news/hillary-clinton-health-concerns-september-11-memorial-service-stumble-diagnosed-pneumonia/,46e6aeaea556fca47cd9d8a9d7442590
https://www.dailymail.co.uk/news/article-3784098/amp/Hillary-Clinton-s-doctor-revealed-68-year-old-pneumonia.html,05fb93667992656470dfcf62e886488d
https://www.nj.com/politics/2016/09/clinton_cancels_cali_trip_after_health_incident_at.html,16790a46b6d9a26eec82a4c9b4a15065
https://www.cbsnews.com/news/hillary-clinton-health-concerns-september-11-memorial-service-stumble-diagnosed-pneumonia,bd7a5fefc5ab88ca9bc2d0f4f445f28f
https://www.npr.org/sections/thetwo-way/2016/09/11/493505672/clinton-felt-overheated-left-early-from-sept-11-commemoration,03904b9a6827a1e88992d83e432cf76a
https://www.ksat.com/news/politics/2025/09/11/the-latest-trump-will-mark-911-anniversary-at-the-pentagon/,0cfd1932fca669036e95ada2beef9c9b
https://www.business-standard.com/article/news-ians/clinton-falls-sick-during-9-11-memorial-service-in-new-york-116091200007_1.html,e506eaba78dd282bd8acdf7df524e553
https://www.cbsnews.com/news/hillary-clinton-leaves-september-11-memorial-ceremony-felt-overheated/,58c98a23a10d09e9b644723260a6cbd2
https://www.cbsnews.com/news/biden-obama-clinton-911-new-york-display-of-unity/,91d00e149e89635216c8783a80ae23a2
https://www.jpost.com/breaking-news/report-clinton-faints-at-911-ceremony-467453,ead8d16d84a64c53376a5bcfd72c0027
https://www.newsweek.com/pneumonia-blamed-clintons-early-departure-911-ceremony-497368,6b1fcd8cd627681007c73afea2038a34
https://www.cbsnews.com/losangeles/news/unconfirmed-video-reportedly-shows-hillary-clinton-being-helped-into-van-after-leaving-911-ceremony/,6a1df6769d73e0a5a823d4235e136481
https://www.politifact.com/factchecks/2023/jan/12/viral-image/no-this-isnt-a-video-of-hillary-clinton-getting-ar/,718d3b67abfdf40d5e575e3d0e7d3f27
https://www.politifact.com/factchecks/list/?target=bill-clinton,d3c1b8971b3f72665ba681f15706eb43
https://www.cbsnews.com/news/a-scary-moment-on-a-warm-day/,bcd3521d4067c22b2a915473e3172c7d
https://www.politifact.com/factchecks/list/?target=hillary-clinton,a8ceb097aee9230896cb24184b2c6191
https://myfox8.com/news/video-shows-hillary-clinton-leaving-911-memorial-after-feeling-overheated/amp/,48d76ac7fe0aad9ac744b04210d58cc4
https://www.washingtonpost.com/news/post-politics/wp/2016/09/11/clinton-falls-ill-during-911-memorial-service-in-new-york,8ec1598da1edf0f7696d3845915c18c6
https://finance.yahoo.com/news/video-shows-clinton-appear-stumble-160712428.html,2e3feffcf82b551d289c266b257dbb2b
https://apnews.com/united-states-presidential-election-events-05dcba3b4a5b42c1a6409fd85da54e9f,1b1eb65ca82a7f4c1ffe237244cd7e3c
https://theweek.com/speedreads/741180/billy-bush-back-remind-trump-that-definitely-access-hollywood-tape,d0d06ee6f19ea4681c5f16c0545a7deb
https://www.wikiwand.com/en/articles/Donald_Trump_Access_Hollywood_controversy,855ac7ce21850bbf28b48df1b893a718
https://www.cbsnews.com/pittsburgh/news/trump-issues-apology-after-recording-of-lewd-conversation-emerges/,63128291bc110c152ad0c1aae0a30747
https://fortune.com/2017/05/22/billy-bush-on-access-hollywood-trump-tape-i-wished-id-changed-the-topic/,585aa87065f190efed7db2a1f7492474
https://fortune.com/2017/12/04/billy-bush-donald-trump-access-hollywood-women/,c739a51b48ecf166534aaa8040d116c4
https://time.com/5047223/donald-trump-access-hollywood-tape-billy-bush/,c1df9870bb35a3c4b5e88c9912bceb08
https://www.businessinsider.com/billy-bush-access-hollywood-trump-tape-2017-5,8fb9fc1100b1cf47fcd65c3b1c096216
https://apnews.com/article/965ccf46090f4221b97795bd7b746ab8,8dbff23fe7c401a327dbce583462d117
https://www.vanityfair.com/hollywood/2016/10/billy-bush-donald-trump-access-hollywood,6457093379b1d26c478cbff1896cdad7
https://www.foxnews.com/video/5444010263001,cbfeacaaca01aa76b57c1ddbb9825baa
https://www.npr.org/2016/10/07/497087141/donald-trump-caught-on-tape-making-vulgar-remarks-about-women,103b138dc3c6d2135783b7f000133874
https://deadline.com/2016/10/donald-trump-campaign-crisis-lewd-talk-billy-bush-access-hollywood-1201832972/,c09ea8820f1759073adabaaa02cee36a
https://www.scmp.com/news/hong-kong/society/article/3032734/fake-news-and-hong-kong-protests-psychological-war-hearts,023f35d6950444c1ecbc3fd3196624d3
https://economictimes.indiatimes.com/news/india/fake-audio-clip-of-manipur-cm-released-to-derail-peace-process-govt/articleshow/112368175.cms,fdde72ea0d50eb89acfa3dfce9072d8d
https://www.npr.org/sections/npr-public-editor/2025/04/10/g-s1-59358/how-does-npr-cover-peaceful-protests-when-the-only-news-is-the-protest,7da22143a749cd8cbf30b17df35824de
https://www.bbc.com/news/articles/ckg9k5dv1zdo,80ffc888bcd1e687c83f9d4821d05886
https://www.npr.org/transcripts/11131880,af105096001d443b10e175a48afba1ae
https://www.oklahoman.com/story/news/state/2023/04/20/full-audio-released-of-oklahoma-sheriff-discussing-killing-journalists-mccurtain-county/70132913007,b306bedcdff43e7bacd28d669fb81bc8
https://www.cbsnews.com/news/trump-san-bernardino-victims-couldve-protected-themselves-if-they-had-guns/,272522e0471b9908baede0c7a9173f83
https://www.cbsnews.com/philadelphia/news/trump-response-national-grief/,1acb14b39181d2ebea429a8e0738d1b2
https://talkingpointsmemo.com/livewire/trump-terrorists-family-know,1c0a255f4926b01fa9d4860be378a96b
https://www.monitor.co.ug/uganda/news/world/trump-lashes-out-amid-rising-opposition-to-travel-ban-1686966,e5ddc1149e97b1fe8f41d775d2d45e5b
https://timesofindia.indiatimes.com/world/us/we-dont-want-them-what-prompted-trumps-travel-ban-on-12-nations-is-a-rollback-on-the-table/articleshow/121635975.cms,5c75916864797a9f9b42134814a4ae0d
https://www.grammarcheck.me/how-ever-vs-however/,15b1985bae6bd5b7f81ba26726de05b9
https://www.cbsnews.com/news/ahead-of-saudi-speech-trump-past-statements-about-muslims/,2dfc652d6ccddbb9097cdd372a72cc8c
https://www.zhihu.com/question/68761883,2fd48a36a238dc0f741d86796adf80f4
https://www.zhihu.com/question/351964230,03421ca6c1e28873810553a551d76687
https://apnews.com/article/india-election-modi-muslims-congress-hate-speech-90f70cfae68d39ecc80a90acab6e3e00,c3ef5c694fa80f2542122e3a43e5a7bd
https://indianexpress.com/article/india/pm-modi-muslims-lok-sabha-polls-9286940,c899d0497d165175d25b183854d3267f
https://www.businessinsider.com/fox-news-host-wallace-condemns-trump-false-claim-victory-2020-11,84d3549755ec7a4d24149138e772dc1b
https://www.foxnews.com/transcript/the-final-hours-of-the-2016-presidential-race,e88d9c580f4b02867e46621005805e0d
https://www.aol.com/chris-wallace-fox-news-departure-160306186.html,b7f7be045efafd54891e3a76b3c26ead
https://www.foxnews.com/politics/trump-wont-commit-to-accepting-election-results-at-fiery-final-debate-with-clinton,81d56778b0c39004dbf6836283234a35
https://www.dailynews.com/2016/10/20/one-simple-question-from-wallace-ended-up-defining-the-debate,820f64fb53e5a22dddfbc28899f62d79
https://www.cbsnews.com/news/transcript-of-the-2015-gop-debate-9-pm/,2c11cd92c5f7e24a1eaddbc2ac850929
https://www.theintelligencer.com/news/politics/article/That-time-Trump-refused-to-say-he-ll-accept-10673270.php,088be81cfd9635aa687a0c02041e45f4
https://apnews.com/united-states-presidential-election-events-c2653ca6175744b69e4f2added7c6b38,6a380fa68b701a6540c2c49d4268734d
https://thehill.com/homenews/525525-foxs-wallace-on-trump-im-not-sure-youll-ever-see-him-concede/,d63dc5e64508743e59e02cc351dbdd10
https://www.mediaite.com/media/tv/chris-wallace-presses-trump-on-whether-he-would-accept-election-results-can-you-give-a-direct-answer/,d6220bbb1fb499a32944e0895c31457f
https://www.newsweek.com/trump-clinton-results-election-putin-third-debate-chris-wallace-isis-russia-511859,29ac2cebc7f25268d149ada960f7ab67
https://townhall.com/liveblog/2025/03/04/live-president-trump-set-to-tell-it-like-it-is-in-joint-address-to-congress-n21,31b232d4654c0d232e01e100e0031ff9
https://www.newsweek.com/fact-check-trump-claims-82-believe-rigged-election-1875537,517bbd2adc3bf1827952cd82728b69c3
https://reason.com/2016/05/08/gary-johnson-pitches-himself-as-independ/,9e9b63f286d24937b3a5920182d31949
https://www.washingtontimes.com/news/2016/mar/3/gary-johnson-cpac-get-me-into-presidential-debates/,4d8379a1707618489d2bd4745802a210
http://sy.owiki.org/wiki/Gary_Johnson_2016_presidential_campaign,70ffc9b78d5e5c51e818ce3c12fbac1e
https://web.archive.org/web/20160724015732/http:/www.newyorker.com/magazine/2016/07/25/gary-johnson-the-third-party-candidate,a514bb2c4935172f37d7afd591f8c8ac
https://www.washingtonexaminer.com/politics/2064574/gary-johnson-tells-conservatives-i-am-the-third-party/,2ded6f3b7ca65e7e28a5fcbf44ee7837
https://www.politico.com/magazine/story/2016/08/gary-johnson-profile-2016-libertarian-third-party-214162/,bcd20fc4f654c511cf7a0911f7632af3
https://www.washingtontimes.com/news/2016/mar/3/gary-johnson-cpac-get-me-into-presidential-debates,1eb428d32092531cf248675eded9bac8
https://www.imdb.com/name/nm3857103/news/,2f764f715d087aafeb219b0a1bdd2663
https://deadline.com/2025/10/fox-news-pentagon-press-policy-joint-statement-1236584586/,68576942c57603f042bd9e57e44d5b70
https://web.archive.org/web/20121109052505/http:/nsfwcorp.com/dispatch/gary-johnson-swindle,b12dba7977658fe0098587f4d45be700
https://time.com/4348326/gary-johnson-libertarian-party-convention/,8b6fc5b7fda53c2507db059043693a61
https://investors.on-running.com/financials-and-filings/financial-releases/news-details/2025/On-Announces-Fourth-Quarter-and-Full-Year-Results-and-the-Filing-of-its-Annual-Report-on-Form-20-F-for-2024/default.aspx,c61c69ee251fdb45aec46f70a76ebc43
https://bradblog.com/?cat=563,fbf9b8ab701d72c1b4efddb1cef84368
https://reason.com/tag/jill-stein/,c18a950f32ffa7d7f9378e810661326e
https://www.haaretz.com/world-news/2016-07-31/ty-article/jill-stein-to-stop-trumps-neofascism-we-must-stop-clintons-neoliberalism/0000017f-f01f-d497-a1ff-f29fc2b80000,b2b6216020f71b7baf56ed073574a02a
https://www.salon.com/2016/06/09/clinton_helped_create_trump_green_partys_jill_stein_blasts_hillary_for_already_implementing_donalds_policies,48965e3e90c828d33761c627c6c21b99
https://www.bangordailynews.com/2012/10/21/news/is-green-party-candidate-jill-stein-crazy-or-are-we/,bdb49ec6d59dbf6103dddcdd3d7f9a28
https://thehill.com/blogs/pundits-blog/presidential-campaign/290863-who-is-the-green-partys-jill-stein-really/,e10bc2ac0a09faf78757aff3079c830c
https://www.nbcnews.com/news/amp/ncna541536,8ef7945fa6ed7178df8b7e9c1a2d98ee
https://ballotpedia.org/Jill_Stein,91fd7c46012c0e3920e2f83085ae01f3
https://www.foxnews.com/media/jill-stein-slams-democratic-efforts-silence-competition-says-not-servants-democracy,a7dd99a9a66890e46589e1643e514067
https://www.aol.com/jill-stein-slams-democratic-efforts-013043871.html,8e54c050365fcf371ac5dbc1ef2e4806
https://www.jjill.com/shop/womens-clothing/dresses?msockid=038d05be1eba65450399132f1f0b6406,b1915441e3b906b7c98d1a5f4d5be8d3
https://www.businessinsider.com/hillary-clinton-blames-bernie-sanders-but-not-reason-lost-2016-2020-1,f73484c09ada739f94f0df42cc03cf7a
https://www.cbsnews.com/news/bernie-sanders-some-of-my-supporters-will-not-vote-for-hillary-clinton/,eb70cf0b4ef82af964845d25d1f8d444
https://time.com/4945184/bernie-sanders-hillary-clinton-book/,c3349b7ee4bed70f6966b9bce5867d84
https://www.cbsnews.com/news/hillary-clinton-bernie-former-presidential-candidate-opens-up-sanders-new-documentary-nobody-likes-him/,0e941062e397c2068fc2566a8edc388a
https://www.nbcnews.com/politics/politics-news/bernie-sanders-some-supporters-not-voting-clinton-no-kidding-n802081,64f764d7614d2afb59e59477b31daf52
https://time.com/4402025/bernie-sanders-endorsement-hillary-clinton-democratic-platform/,171e970ec6053dda094e8cbe5137fe4c
https://www.newsweek.com/sanders-hillary-clinton-endorsement-holdouts-479838,b73e7799baaa18f99df7019397349443
https://nymag.com/intelligencer/2020/01/hillary-clinton-bernie-sanders-attack-hollywood-reporter-fact-check.html,7cc36609986221bacd9b2048ed4de030
https://www.washingtonpost.com/news/post-politics/wp/2016/09/06/bernie-sanders-tells-skeptical-voters-to-stick-with-clinton-over-a-third-party,9495075fe91aec2962dd809a4a45d278
https://time.com/4474484/hillary-clinton-lbj-1964/,e5fbe2188c710ea4aa7bcf68d16f043d
https://fivethirtyeight.com/features/gary-johnson-isnt-fading/,095a377b75c67ba34c52bc613136c66b
https://time.com/4562735/third-parties-election-results-gary-johnson-jill-stein-evan-mcmullin/,c1f0466192e11d75ad33f084cad45c0f
https://reason.com/2016/11/09/gary-johnson-jill-stein-voters-clinton/,978f38dd412850a56394ef63394b5ceb
https://www.businessinsider.com/obama-third-party-trump-2016-9,22b230121d01932e368cec4fedd5a7de
https://fivethirtyeight.com/features/how-much-did-comey-hurt-clintons-chances/,9b47460975ff52db2a0a3a90454edf73
https://theweek.com/speedreads/767559/comey-says-assumption-clinton-win-factor-email-probe-choices,523c5e4b287ba5dad5c4eb0bc36b5468
https://reason.com/tag/hillary-clinton/feed/atom/,b9e9247eb2f96a5b33135ecfc7b0612d
https://fivethirtyeight.com/features/how-much-did-comey-hurt-clintons-chances,7fc806519884390fb3e5ed267cce9799
https://www.reuters.com/article/us-usa-election-fbi/fbi-tells-congress-it-has-not-changed-conclusion-on-clinton-emails-idUSKBN131112/,3c2456583d1b51b683d05b972faff4b1
https://www.politifact.com/factchecks/2016/nov/01/donald-trump/fact-checking-donald-trump-fbi-probe-clinton-email/,a690bf29810ceed0e8e74903bf338c3b
https://www.dailymail.co.uk/news/article-3911032/amp/FBI-announces-not-change-decision-regarding-Hillary-Clinton-s-emails.html,2ef511bee0e6ca22e2d9cc79ae181890
https://www.reuters.com/article/world/fbi-clears-clinton-in-latest-email-review-two-days-before-election-idUSKBN1310WX/,9876d809596707c023ad74f2ffa5917c
https://www.aljazeera.com/news/2016/10/29/blow-for-hillary-clinton-as-fbi-reopens-email-probe,dc58beda7d5d832b87f80f429aaf52cb
https://fox26houston.com/news/fbi-director-tells-congress-review-of-additional-clinton-emails-does-not-change-conclusion,6cfa86f303fe6600c33e9b9e57877fb6
https://www.wmtw.com/article/fbi-review-of-new-emails-doesnt-change-conclusion-on-clinton/8252029,a308e9dbec2e66c99f97cd6d4ba2509d
https://vernonreporter.com/bolton-pleads-not-guilty-in-justice-department-case-accusing-him-of-sharing-government-secrets/,c72cff8b49fec3a72d7710898bfdb4a1
https://krdo.com/news/national-world/cnn-national/2025/10/21/james-comey-fast-facts-2/,f640a72ea8faf90ea0628a01a5f81d5e
https://www.npr.org/sections/thetwo-way/2016/11/06/500929164/comey-we-have-not-changed-our-conclusions-as-fbi-finishes-clinton-email-review,0bef904c859898e49f1aae84c6132e3a
https://www.reuters.com/article/us-usa-election-fbi-idUSKBN131112/,743c9b751149b04a3bc583d49e1b7590
https://www.vox.com/2016/11/6/13542578/fbi-letter-hillary-clinton-email,3b41b407aad6c5e697ecb4fa94c3adda
https://campaignlegal.org/update/pacs-super-pacs-and-more-your-guide-key-election-spending-vehicles,1b67ad5a37667f9da8e31bb43eb55de4
https://projects.propublica.org/itemizer/,93829a78e76943492e75489de9d252ae
https://www.newsweek.com/mail-ballots-state-map-trump-2115729,6c1ef79548e07a5f61286ca039916268
https://www.foxsports.com/articles/nfl/2025-nfl-offense-rankings-team-pass-and-rush-stats,c89ddc147059993524b64e6e6e327e50
https://talkingpointsmemo.com/livewire/atlantic-endorsement-clinton,b9cf1957f7bc1a028e9bc9585bd7eb4f
https://www.dailykos.com/stories/2016/10/5/1578247/-Atlantic-Magazine-makes-only-3rd-endorsement-in-its-history,0d09aead7bd6e095f39d1918844de9d8
https://forums.anandtech.com/threads/the-atlantic-magazines-rare-political-endorsement.2488396/,7f0c2ed4289bde7f008ebc12069f3958
https://theweek.com/speedreads/653318/atlantic-just-made-first-presidential-endorsement-50-years,9f9d0353d91031f88362ed62a3546a87
https://www.washingtonexaminer.com/news/1283745/the-atlantic-makes-third-presidential-endorsement-in-its-156-year-history/,ecab49b63cbb3f10acec61224f9897e5
https://www.salon.com/2016/10/05/the-atlantic-despises-trump-endorses-clinton-for-presidency/,656dffed9cb98cc59cae02469707dc9b
https://www.thedailybeast.com/this-is-why-the-atlantic-backed-hillary-clinton,2fc40c455a95256ab2bbe283a6633e98
https://www.cbsnews.com/news/donald-trump-received-phone-call-from-bill-clinton/,25e47121781176a8b538e9665b1464a9
https://slate.com/news-and-politics/2016/10/the-atlantic-has-endorsed-three-candidates-ever-lincoln-lbj-and-hillary-clinton.html,2495b4fcf75120693d7017cab5e86d57
https://www.npr.org/2016/10/05/496754919/the-atlantic-endorses-hillary-clinton-for-president,ffa48b1ec07d972cedc43c0f71f5a807
https://www.cbsnews.com/news/the-atlantic-endorses-hillary-clinton-for-president/,439f2e92af98d6e3cabc834230b09026
https://www.theatlantic.com/magazine/archive/2016/11/the-case-for-hillary-clinton-and-against-donald-trump/501161/,5aaa2957fc15fcfc010aad58fba48f6f
https://www.azcentral.com/story/opinion/editorial/2016/09/28/things-know-presidential-endorsement/91238666/,ad017c576d33cc8c73d71b25fde1f427
https://www.cbsnews.com/news/the-arizona-republic-backs-hillary-clinton-first-democrat-in-120-year-history/,0a040182b869de79d77cfaf7d2718580
https://patch.com/texas/houston/houston-chronicle-backs-hillary-clinton-surprise-early-endorsement,25ad5703aa26b6dd72609e37473e9055
https://www.azcentral.com/story/entertainment/movies/billgoodykoontz/2016/09/28/arizona-republic-azcentral-clinton-endorsement-reaction/91230198/,01c5fa9282215d82188872d38a011968
https://www.businessinsider.com/hillary-clinton-endorsements-newspaper-editorial-board-president-2016-2016-9,799437d2736b3a19c86b4faec1c052e1
https://ftp.irelaunch.com/question-archive/in-1992-bill-clinton-secured-the-democratic-nomination-for-p-oyji,053873984740a4b6972432b5e1e03ba3
https://eu.azcentral.com/story/opinion/editorial/2016/09/27/hillary-clinton-endorsement/91198668/,1ecdd2646a7024ed5eac4c4d45891b26
https://www.wordreference.com/definition/several,c897efc3f5261533cb2ae9df4df1ae2c
https://www.merriam-webster.com/dictionary/several,9849ba6306d63f8ea0f85b2166284972
https://www.newyorker.com/news/news-desk/how-a-conservative-paper-ended-up-endorsing-hillary-clinton,c1906bae37a6a4899489c1d8fb5e33d6
https://www.independent.co.uk/news/world/americas/us-politics/hillary-clinton-endorsements-who-is-supporting-democrat-arizona-republic-jack-warner-senator-a7335446,61afba08e98aa6390d3993afced9711e
https://www.usatoday.com/story/news/politics/onpolitics/2016/09/28/arizona-republic-dallas-morning-news-cincinnati-enquirer-clinton/91211452,489ea7667095630fa720ef5a92ca6647
https://ktvz.com/money/cnn-business-consumer/2024/10/29/americas-largest-newspaper-chain-including-usa-today-wont-endorse-in-2024-presidential-race/,6038eb6eeecfeb641c1cb97ac4e6e367
https://fortune.com/2016/09/30/donald-trump-usa-today-endorsement/,520f4a639cfd5bb4b28abd540bd0e87f
https://www.independent.co.uk/news/world/americas/us-politics/usa-today-breaks-nonendorsement-tradition-by-saying-donald-trump-is-unfit-for-the-presidency-a7339226.html,6fe55a1f3e661e5489d4e3ac440a17a7
https://www.theepochtimes.com/us/usa-today-will-not-endorse-trump-or-harris-joining-washington-post-and-la-times-5749499,fe230c31459f1239ce55e727412748a1
https://www.politico.com/magazine/story/2016/10/25/donald-trump-newspaper-endorsements-214390/,0a42dbbbe18213cb605ecd31697a534d
https://www.yahoo.com/news/usa-today-joins-the-washington-post-and-la-times-in-not-endorsing-a-presidential-candidate-heres-a-closer-look-at-the-controversy-173021069.html,bb57dfa0267b354f5cc9f015c4e8bc4d
https://www.poynter.org/commentary/2024/washington-post-los-angeles-times-not-endorsing-harris-trump-president/,cb0d7759c9ad14f35fe450c62d9fc51e
https://san.com/cc/usa-today-gannett-papers-wont-endorse-2024-presidential-candidate/,68e3f0f190887f72be5ffbcaa9e78c56
https://www.mediaite.com/politics/usa-today-wont-make-2024-endorsement-after-backing-biden-in-2020-says-readers-will-make-informed-decisions/amp/,eba0848a90cecc35e00951f32616e14d
https://www.washingtonexaminer.com/news/campaigns/presidential/3206968/usa-today-will-not-endorse-presidential-race/,38ede98b6c860a85892efc6c9930303f
https://www.wdtn.com/news/usa-today-breaks-34-year-tradition-by-all-means-vote-just-not-for-donald-trump/,e251d4c5c0b896303209109004de6652
https://www.the-independent.com/news/world/americas/us-politics/usa-today-breaks-nonendorsement-tradition-by-saying-donald-trump-is-unfit-for-the-presidency-a7339226.html,eb030b4e1bf2c2537bc491820bbf1af8
https://nypost.com/2024/10/29/media/gannett-owned-usa-today-wont-endorse-presidential-candidate/,86d530f9be7e3dc7d05ed408a10d23c3
https://m.economictimes.com/news/international/us/is-the-washington-post-los-angeles-times-and-usa-todays-non-endorsements-a-stamp-of-approval-for-trump-heres-what-the-ex-president-is-claiming/articleshow/114858566.cms,f4007f771514f9e2ea287493f87cae21
https://www.washingtonpost.com/news/morning-mix/wp/2016/09/30/usa-today-thinks-trump-is-so-unfit-for-the-presidency-that-it-just-wrote-a-historic-anti-endorsement,beab701439df66b0373e32b7d7316b85
https://www.usatoday.com/story/opinion/2016/09/29/dont-vote-for-donald-trump-editorial-board-editorials-debates/91295020,ec7383923e12d30fffa3a6adf93a5b4d
https://www.businessinsider.com/donald-trump-endorsements-newspaper-editorial-board-president-2016-10,881f1050d9970803fa4bb375f55628e9
https://thefinancialexpress.com.bd/views/trumps-victory-and-media-legitimacy-technological-bite-back,3e6b8c2d66c0dfec74a94b7f086f59bb
https://www.motherjones.com/politics/2016/10/clinton-trump-newspaper-endorsements/,bd1359cb3ef6c5256df9f2431d96e353
https://www.freep.com/story/opinion/contributors/2025/05/21/trump-project-2025-news-npr-pbs-lawsuits/83681583007/,0ebced11c1bf5f135eb9e3044d1c04c6
https://www.yahoo.com/news/newspapers-endorsed-not-endorsed-trump-003642362,9fdf0300df1095db3d046d56542142a2
https://www.dailykos.com/stories/2020/10/25/1989481/-For-the-first-time-in-over-a-century-New-Hampshire-s-Union-Leader-endorses-a-Democratic-candidate,04bacffd54c682df5ba9b9c0ca86f557
https://www.foxnews.com/politics/biden-endorsement-conservative-new-hampshire-union-leader-newspaper,0dd334270d02ff91fe6fd4b4a7007b61
https://fivethirtyeight.com/features/newspapers-endorsement-has-been-leading-indicator-in-new-hampshire/,abed3b9cc33db8bb15004f1b9ce9a5ee
https://fivethirtyeight.com/features/will-the-new-hampshire-union-leaders-endorsement-help-chris-christie/,539e84a841908ef6b691bf6d458d505b
https://reason.com/2016/09/14/after-a-century-of-backing-republicans-n/,38bfc5917c6da7c7d4c54991bc4f02ef
https://www.cbsnews.com/newyork/news/new-hampshire-union-leader-christie/,e81e3a602b05d1c8385c5fdcea4c6f7b
https://web.archive.org/web/20201228222954/https:/spectrumlocalnews.com/nys/central-ny/politics/2020/10/26/conservative-nh-newspaper-endorses-biden,97d346eb34aa19c5af0c3b6dff4d6633
https://noticiasdelmomento.com/noticias-internacional/mystery-man-in-dapper-suit-goes-viral-after-appearing-in-louvre-heist-investigation-photo/,3c0e7ecc18c7b1c8569e0f84186f7d8d
https://www.newsweek.com/joe-biden-endorsed-new-hampshire-newspaper-thats-supported-gop-candidates-century-1541966,69e6e3d178560f89327d2571289de8b3
https://www.ajc.com/news/nation-world/nh-paper-endorses-biden-first-democrat-in-more-than-100-years/AQLG6VNDYVBDXPKROUASFLMUL4,0918439037e068524e3c1b09347edc52
https://www.bostonglobe.com/news/politics/2016/09/15/union-leader-new-hampshire-endorses-johnson-over-trump/aOwDJH4PzbqAdUE9ycOIwI/story.html,15a6b89764882f242073c4a4084696d5
https://web.archive.org/web/20220629220605/https:/www.detroitnews.com/story/opinion/editorials/2020/10/29/presidential-endorsement-withheld-detroit-news-fourth-time/3745346001/,e1bc01115221436e886d307f029c14e6
https://www.hourdetroit.com/community/newspaper-wars-in-a-trump-world/,f65b2800e78b245f62444cda0876e0b2
https://www.politifact.com/search/statements/?page=174&q=Detroit+News,783c077e40c2bf62ba93b7862544c98f
https://www.michiganpublic.org/news/2016-09-29/for-first-time-detroit-news-endorses-presidential-candidate-thats-not-republican,59ac6a68293eedf7a548f703f6de3890
https://ballotpedia.org/Endorsements_by_The_Detroit_News_Editorial_Board,22c239bd08fc97d99f71884a340004b5
https://reason.com/2016/09/04/gary-johnson-lands-newspaper-endorsement/,76e1a5d7e61f674c8356094696b8189c
https://www.politico.com/blogs/on-media/2016/09/chicago-tribune-endorses-gary-johnson-228951,7763f33aaf108e28291c6f0eb4a08d65
https://time.com/5044847/michael-flynn-hillary-clinton-republican-convention-lock-her-up/,9327714c57cbed04a325fc87a71f0994
https://www.the-independent.com/news/world/americas/us-politics/trump-hillary-clinton-michael-stoker-epa-lock-her-up-chant-a8362566.html,32c5c8e881782823865a35653eef8dac
https://www.independent.co.uk/news/world/americas/donald-trump-supporters-rally-lock-her-up-chant-republican-thank-you-tour-ohio-prosecute-hillary-clinton-a7452456.html,799ea9c3e5b22115827456996c749142
https://www.politifact.com/factchecks/2018/dec/18/blog-posting/no-donald-trump-did-not-call-republican-voters-dum/,2d3ecf2094a62ba7afa734becdd8120f
https://www.theguardian.com/us-news/article/2024/jul/19/takeaways-rnc-day-4-trump-speech,5f391952131ab109682990a2cc8eaaf7
https://www.npr.org/live-updates/trump-2024-rnc-milwaukee,69e63c2b7b48c8644d61a45347c3c8a1
https://www.politifact.com/article/2024/jul/19/trump-fact-check-2024-rnc/,03a5a016baeb287d8ac9b866d22fef87
https://www.newsweek.com/hillary-clinton-donald-trump-lock-him-chant-viral-dnc-1941574,b7db8c066a200b6dcd9bdc93ddef9dee
https://newrepublic.com/post/182180/felon-trump-jail-never-said-lock-her-up,8cf4517c27968e0ea93f2483313dc9d3
https://www.ndtv.com/world-news/trump-clinton-trump-denies-saying-lock-her-up-about-2016-rival-clinton-5803988,f1ffe53f46aa85c478c734a12f125e42
https://economictimes.indiatimes.com/news/international/world-news/trump-denies-saying-lock-her-up-about-2016-rival-clinton/printarticle/110649986.cms,b13302b3966ef63e04d98ab1144e4526
https://www.politifact.com/factchecks/2024/jun/03/donald-trump/fact-check-trump-falsely-said-he-didnt-say-lock-he/,f61b8c3afa8b570bebed62ee47db0069
https://economictimes.indiatimes.com/news/international/world-news/trump-denies-saying-lock-her-up-about-2016-rival-clinton/articleshow/110649986.cms?from=mdr,46de7d0bfde386af18a8ad496f140d49
https://www.brecorder.com/news/40306579,b0c1c608614bcbbc2a6e26f4e1016bb6
https://time.com/5899965/denaturalization-voter-suppression/,768c6f46cb2bb7d36c54f10c715325f3
https://www.newsweek.com/fact-check-did-trump-say-lock-her-about-hillary-clinton-1907412,0fe028e652742dfea534d43edfc162e5
https://www.usatoday.com/story/news/politics/elections/2024/06/04/trump-hillary-clinton-lock-her-up-fact-check/73962711007/,422e64d5385d708587995e0956632a2d
https://www.poynter.org/fact-checking/2024/did-trump-say-lock-her-up/,b2bfe305115ebdb43aa7dbc9c3fb46c6
https://www.usatoday.com/story/news/politics/elections/2024/06/04/trump-hillary-clinton-lock-her-up-fact-check/73962711007,08770da70f42ca09864c085f5dceee64
https://www.cbsnews.com/news/60-minutes-hillary-clinton-responds-to-gop-convention-calls-to-lock-her-up/,41d4516876c00e80c68870b3298e9180
https://www.politico.com/story/2016/07/rnc-2016-lock-her-up-chant-hillary-clinton-225916,0528a7bb4f5af66966e1d86f1802a3a1
https://apnews.com/united-states-presidential-election-events-536d19da231c480cad32b72f985c0ae8,c1860f289b1fdc8a5b7ac4e52ebe8a66
https://www.newsweek.com/lock-her-slogan-republicans-hillary-clinton-donald-trump-ted-cruz-482503,817db97206bee787e079499e490ae337
https://www.politifact.com/article/2025/jul/03/social-security-tax-break-impact-solvency/,46f80d916e95d67ddfb0898d50f32e33
https://www.thestreet.com/politics/social-security-medicare-and-that-nasty-woman-s-20t-number-13860796,518bb2fa95ae442456d289745c96e69f
https://ca.sports.yahoo.com/news/social-securitys-future-missing-action-181640910.html,4a044fb0efb77afe95319e6bdc5a6655
https://www.thedailybeast.com/trump-hillary-clintons-a-nasty-woman,96f2856c85aa8f6f500f610d003ac7c3
https://graziadaily.co.uk/life/real-life/clintons-supporters-reclaimed-trumps-nasty-woman-insult/,0583d82b999d3aa95974603c55cec309
https://time.com/4538271/donald-trump-nasty-woman-interruption-presidential-debate/,354d40369ffb6ce77757b375a6efa4e2
https://www.thedailybeast.com/how-hillarys-fans-turned-nasty-around,9a6099552372472a5892c77d439096c7
https://www.globalcitizen.org/en/content/aghast-at-trump-women-reclaim-nasty-women-as-their,42b6de54f193d8269849e95c3bce3127
https://projects.propublica.org/nonprofits/organizations/521500977,162da9f1a065c228f94de4151f572939
https://www.britannica.com/topic/Commission-on-Presidential-Debates,73238fbf52bc4aa6e1f7379c5dc5a5f7
https://web.archive.org/web/20200606214709/https:/www.sj-r.com/zz/elections/20160926/what-is-commission-on-presidential-debates-and-what-do-they-do,eef28ee2aa360dca7b5b10a93f7b509f
https://ballotpedia.org/Commission_on_Presidential_Debates,2d17defe7332c5af52b502737411a2be
https://www.wikiwand.com/en/Commission_on_Presidential_Debates,beceb355a2144eb0d2080d5e528796a3
https://www.yahoo.com/news/articles/still-trust-polls-2025-even-130211861.html,58f2cb6d217478b495cf4cf08f3664c0
https://www.adn.com/opinions/national-opinions/2025/09/28/opinion-democrats-dont-seem-willing-to-follow-their-own-advice/,a252cae06a9509575cec11dcf10b93ec
https://san.com/cc/how-does-a-3rd-party-or-independent-candidate-qualify-for-presidential-debate,7d714714de5247842f52485361912d30
https://ballotpedia.org/2026_ballot_measures,745d44875a5c6b7de7a9243418d029f7
https://ballotpedia.org/Sample_Ballot_Lookup,ddab600669f717441b15ce533d616924
https://www.business-standard.com/article/pti-stories/new-york-to-host-1st-presidential-debate-after-ohio-bows-out-116072000055_1.html,8f614cc01c734b17d8b503e74fee38ad
https://time.com/4413389/wright-state-university-presidential-debate/,93197195e372e98b50546ceaf4056fb6
https://www.insidehighered.com/news/2016/07/20/wright-state-u-drops-presidential-debate-while-some-cleveland-campuses-take,bf78d66c5ec4b8362712c26b60e6c3cf
https://www.usatoday.com/story/college/2016/07/25/wright-state-pulls-out-of-presidential-debate-hofstra-steps-in/37420193,2a6e0bd816a745553dd5405c42264f69
https://www.daytondailynews.com/news/many-factors-broke-wright-state-debate-dream/0Dst6NRgM9kuiY9I4JVrHI,434826c0380585d6254d32ba73e3d33c
https://www.daytondailynews.com/news/national/wright-state-withdraws-from-holding-first-presidential-debate/Yp7wTY6S7dK4LYuC4SttiK,de3b3c51eeaff108b9eec43ee7551a3f
https://time.com/4046890/2016-presidential-debates/,0b6c7993515fcfda4e665bae21d29266
https://www.cbsnews.com/news/presidential-debate-general-election-donald-trump-hillary-clinton-dates-and-venues-announced/,16c108af01011df851dc046e20de6147
https://web.archive.org/web/20160304053343/http:/wtvr.com/2015/09/23/longwood-2016-vice-presidential-debate/,699f8f77b928c5edaabbb7e506e0b387
"https://web.archive.org/web/20151018233608/debates.org/index.php?mact=News,cntnt01,detail,0&cntnt01articleid=57&cntnt01origid=15&cntnt01detailtemplate=newspage&cntnt01returnid=80",0d103eb2d3c7b9f4f927b66f473b7614
https://www.wtvr.com/2015/09/23/longwood-2016-vice-presidential-debate,ba1fc66ec639079f74e02d35c87ea5dc
https://www.mediaite.com/tv/kellyanne-conway-taunts-trump-to-get-back-in-there-for-second-debate-dont-let-vp-debate-be-the-last-word/,5f25171d2abf373b35b3eb59560aa65e
https://www.the-independent.com/news/world/americas/us-politics/kellyanne-conway-trump-debate-vp-vance-b2622100.html,0a8407dd810f548c8bef41b168154e10
https://www.cbsnews.com/video/trump-campaign-manager-on-debate-republicans-pulling-endorsements/,2526fa463fd3b962dc94a1ca56f3cee6
https://www.cbsnews.com/news/campaign-manager-kellyanne-conway-trump-will-attend-all-three-presidential-debates/,2f2435fd38b1b3a44bdb65475177fe11
https://thehill.com/homenews/campaign/4908814-kellyanne-conway-donald-trump-kamala-harris-second-debate/,e2f7b21746f164ec7c458b4d647e0a88
https://www.cbsnews.com/news/campaign-manager-kellyanne-conway-trump-will-attend-all-three-presidential-debates,63d56c84f4e2eea561d98fc88729fc37
https://time.com/6978328/joe-biden-donald-trump-agree-debates-election,d6d0b67163d5b2628c7b3829cc45f167
https://www.foxbusiness.com/video/6383840680112,f21015dd97bc13e1d4cfb13e7d841e55
https://www.aol.com/news/trump-says-won-t-participate-203954008.html,c620178d756bf3575511e2c338072a80
https://www.aol.com/news/debate-debate-debates-130000101.html,d3ee314d3102cbf729237644ddf9495c
https://people.com/donald-trump-agrees-to-fox-debate-in-september-kamala-harris-stands-by-abc-news-debate-plans-8689968,0e4045a3a29eaafe6e66ff4987a59006
https://wgme.com/news/beyond-the-podium/former-president-donald-trump-to-hold-press-conference-at-mar-a-lago-amid-debate-back-and-forth-presidential-election-2024-vice-president-kamala-harris-tim-walz-jd-vance,bbace65fec2ac944c825ee4737acdd6a
https://time.com/4432365/donald-trump-nfl-debate-schedule/,ba151339e6e6519d9ea5804a6ce6876d
https://www.cbssports.com/nfl/news/trump-backs-off-nfl-letter-claim-debate-commission-says-conflicts-are-normal/,3998d9b1cc597824349aea446a46d6e0
https://www.cbsnews.com/news/nfl-denies-sending-donald-trump-letter-over-presidential-debates/,00a75e89176b7f9c660a47fdaa825b35
https://www.scrippsnews.com/sports/nfl-we-never-wrote-donald-trump-a-letter-over-the-debate-schedule,4b23ae6ba32015cefdf4632303adf5c7
https://www.nbcrightnow.com/politics/trump-proposes-3-presidential-debates-in-september-harris-campaign-hasnt-confirmed-a-deal/article_5a430003-9abb-5dc8-8572-4a71ddc190c6.html,37a397d07f54dc49c30697444b227105
https://www.aol.com/news/trump-hold-news-conference-while-161129839.html,d4ac0c624228bb9e1545e73ff75e2d29
"https://ballotpedia.org/Presidential_debate_(September_29,_2020)",0c63f9951f92fd146b7c7491569687d2
https://apnews.com/article/biden-trump-debate-history-a3b65b133c7e7a7d29450a4ffa28d85f,1330609708641d4be7a146208dbf2ba4
https://www.npr.org/2024/06/25/nx-s1-5018602/trump-biden-debate-2020-recap,808cc03f7edab85ad9efa04fe3e477f9
https://time.com/4432365/donald-trump-nfl-debate-schedule,1e2658646854f3bf4892c66001d45506
https://www.newsweek.com/debate-history-overlap-nfl-games-491236,5214c33377b3c6d0edfe4f41f1b0ac04
https://www.sportingnews.com/us/nfl/news/donald-trump-hillary-clinton-presidential-debates-nfl-schedule-falcons-saints-giants-packers/iibqc9md7ojs1nsh3286298f4,f866c4cfda0327d09972402214468a70
https://kgun9.com/news/national/democracy-2016/trump-says-debates-shouldnt-compete-with-nfl,b1bedb355506f9a53f9c961a8aa28701
https://time.com/4561625/electoral-college-predictions/,08c0e591e030555ba135dae839b42321
https://fivethirtyeight.com/features/final-election-update-theres-a-wide-range-of-outcomes-and-most-of-them-come-up-clinton/,5cf8c5448bd48b0d08cffa778872e90c
https://time.com/4522662/bet-hillary-clinton-election/,216daf15ba1a62796e9832e693ec87ff
https://www.cbsnews.com/news/in-online-betting-parlors-clinton-expands-her-lead-over-trump-bigly/,c9f44e98b87d15c32714ab74f798e3a0
https://www.politico.com/magazine/story/2016/12/the-worst-political-predictions-of-2016-214555/,241e61851bd221a152c644bf6fef841c
https://www.express.co.uk/news/world/720279/US-election-2016-latest-odds-tracker-Donald-Trump-Hillary-Clinton-win,47a7f20707b80d0dae32fb63027533f0
https://www.business-standard.com/amp/article/news-ians/polarised-us-heads-to-decision-day-with-clinton-showing-slim-lead-after-nasty-campaign-116110701973_1.html,824fadae26a573164ddef65e4eff9104
https://www.classace.io/answers/read-the-following-paragraph-although-she-did-not-win-the-election-hillary-clinton-was-more-popular-with-voters-than-donald-trump-i-know-almost-everyone-i-talked-to-voted-for-her-noted-pollster-nate-s,ffa46638be241e0c7db5b89eaa08c674
https://www.npr.org/2024/11/08/nx-s1-5183070/trump-swing-states-democratic-counties-red-shift-2024,ef954fbf3a0fa73faab49360dc97ab5f
https://www.nbcnews.com/politics/2024-election/biden-victory-rust-belt-pennsylvania-michigan-omaha-rcna156393,2efd397b94f0b83c2104ad9d4e02b37a
https://www.aljazeera.com/news/2024/11/7/us-election-results-how-did-donald-trump-break-the-blue-wall,0a048971a454bd3803b8709e4eabacf5
https://www.usatoday.com/story/news/politics/elections/2024/11/05/rust-belt-states/76082439007/,8407c8df388202d5ea06796856deb34c
https://www.usnews.com/news/best-states/pennsylvania/articles/2024-11-08/trump-rebuilds-democrats-blue-wall-states-with-red-bricks-especially-pennsylvania,64c9f0a777629f371db18270d9b2d8bc
https://www.timesofisrael.com/obama-called-clinton-to-tell-her-to-concede-to-trump/,f437e3c4dc58b6be396ba3fc51c62f00
https://observer.com/2016/10/more-evidence-reveals-obama-influenced-clintons-fbi-investigation/,53d495a9fbfb8d34947b9c017f0b2eeb
https://www.telegraph.co.uk/news/2017/04/18/hillary-clinton-apologised-barack-obama-shock-election-loss/,a6d6b283da427445488afd50cc959d13
https://www.businessinsider.com/obama-used-a-pseudonym-while-emailing-hillary-clinton-while-she-was-at-the-us-state-department-2016-9,5dab9b8a4632876da4e469f443c54d5b
https://www.cbsnews.com/news/did-hillary-clintons-email-servers-jeopardize-obama/,33eeb9d84f27b1f265485f7976ee742e
https://nationalpost.com/entertainment/books/insiders-account-reveals-obama-twice-phoned-hesitant-clinton-pushing-her-to-concede-election-defeat,a17a6cb92c1652b4ac6c776e0898b637
https://thepoliticalinsider.com/hillary-election-night-obama-called-hillary-concede/,d6f68e02f12d043d932bd1effd85d6c7
https://www.cbsnews.com/news/hillary-clinton-durham-investigation-robby-mook/,d6668243d0b006536488627a73c471be
https://www.mcall.com/2017/04/22/shattered-book-review-the-night-clinton-said-what-she-never-expected-to-say-congratulations-donald/,0b520c8ad03a211de80f4cb697c0f38f
https://www.cbsnews.com/news/kamala-harris-election-loss-speech-howard-university/,b0d454b2949bb040e4b6886abb162b22
https://www.nbcrightnow.com/national/the-latest-harris-delivers-concession-speech-jack-smith-mulls-winding-down-probes/article_8b80b88e-452d-5e8f-948e-6c1f4b556c97.html,1effd08807aef2523dc80ce36b20211d
https://www.foxnews.com/transcript/growing-calls-for-trump-to-concede-presidential-election-to-biden.amp,25ba9299eb6e2a5fd630815b6ced6a56
https://www.businessinsider.com/trump-going-next-guy-mark-milley-january-6-indictment-2023-8,11d030d54da91ef69e33f90d3495419a
https://www.google.com/books/edition/Frankly_We_Did_Win_This_Election/EIoUEAAAQBAJ,d0a7ae294ebb3fe15a3f5e9a4fdef183
https://whyy.org/articles/explainer-why-ap-hasnt-called-pennsylvania/,2ab8eefb9844bd9241385d8db9dac148
https://www.businessinsider.com/trump-campaign-falsely-claims-victory-in-pennsylvania-2020-11,ff6116532663052db20db285d177a720
https://fox11online.com/news/beyond-the-podium/donald-trump-carries-wisconsin-associated-press-vote-explanation-race-called-blue-wall-michigan-pennsylvania-kamala-harris,69b1ba6903bf36c017e1b4fdf060b12e
https://wtop.com/elections/2024/11/why-ap-called-wisconsin-and-the-white-house-for-donald-trump/,6040aaf08c50a6ece909c85ef8708f80
https://www.politifact.com/factchecks/2019/jul/15/donald-trump/donald-trump-claims-he-won-wisconsin-early-2016/,b7716f527cf98e0d4a8d8bc756730c99
https://www.sfgate.com/news/politics/article/why-ap-called-pennsylvania-for-trump-19892890.php,f4f48e9c17ccfbe4fa811a3e25dbb04f
https://www.politifact.com/article/2020/dec/06/fact-checking-false-claims-about-pennsylvania-and-/,75fecd5b8a5280fcb2091107f0eb709d
https://telanganatoday.com/trump-imposes-additional-10-tariffs-on-canada-over-fraudulent-ad,322b2d5daeedecb64b726f0523c65c2b
https://www.indy100.com/politics/trump/donald-trump-most-stupid-quotes-funny-biden-2674214458,acba950a7d5729f7787f88767cee2622
https://www.apnews.com/the-definitive-source/behind-the-news/calling-the-2024-presidential-race-state-by-state,67126cc4ddc18924d5a80a800332bfeb
https://apnews.com/article/election-day-trump-harris-white-house-83c8e246ab97f5b97be45cdc156af4e2,f4f3afe96dd9d5525e4ad88d0f2cfefd
https://ktvz.com/news/2024/11/06/why-ap-called-wisconsin-and-the-white-house-for-donald-trump/,e90336e904370a7fbab53428d20c96b7
https://civicmedia.us/news/2024/11/6/wisconsins-vote-counting-continues-in-trump-harris-presidential-race,805a48e8ad3c7cc09b8263c9c16e75cd
https://apnews.com/article/trump-harris-wisconsin-president-race-call-winner-explain-d07049f884d25ceae0d1376157d07c35,6e3efbe2c6f19c5b88ff5a88cb9e8810
https://www.kgw.com/article/news/nation-world/live-updates-election-day-blog-results/507-56a87905-d8d5-4483-a817-ad2443cbd914,5245d23b7b07a99d75dbd424c67907c4
https://www.foxnews.com/politics/maine-nebraska-house-districts-could-decide-white-house-winner,f3ecb5e874a8862faf0aa73288de79ba
https://nebraskapublicmedia.org/es/news/news-articles/biden-takes-electoral-vote-in-2nd-district-trump-wins-nebraskas-4-other-votes/,da155d35766dae39ee6c10646c79bc66
https://www.270towin.com/content/split-electoral-votes-maine-and-nebraska/,adf4ae363c9fd0d943f906c02087eae4
https://www.business-standard.com/amp/article/pti-stories/trump-takes-narrow-lead-over-clinton-dead-heat-in-key-states-116110900205_1.html,1a551414f6b3ec0739d21723fa9a919e
https://www.business-standard.com/article/news-ians/polarised-us-heads-to-decision-day-with-clinton-showing-slim-lead-after-nasty-campaign-116110701973_1.html,eef0560be8d063959ad351817dcfc7d5
https://cnycentral.com/newsletter-daily/harris-v-trump-its-anyones-race-as-election-day-arrives-donald-trump-kamala-harris-2024-presidential-election,75defa0a7815f13590cc60f401557934
https://www.independent.co.uk/news/world/americas/us-politics/trump-harris-election-live-updates-campaign-polls-b2632916.html,61c64b7d606c8181e0f3a3c728ee70e9
https://www.dictionary.com/browse/by,58fa822e130bde5e4479808758f4e22f
https://www.britannica.com/dictionary,8a101dbfeb52cee20a6dc8a476297d88
https://www.oxfordlearnersdictionaries.com/definition/english/by_1,d95d2ec76cc4ce0cb17942615a2bb43b
https://www.washingtonpost.com/news/the-fix/wp/2016/11/09/right-now-theres-still-a-chance-2-tiny-congressional-districts-may-help-decide-the-next-president,e7e75b820dbf8bf8066aa83b58fcc8c3
https://www.audacy.com/wwjnewsradio/news/national/election-2024-trump-becomes-president-elect-with-277-electoral-college-votes,f3c5acdfe6e0837889b47d24c4061539
https://www.hindustantimes.com/india-news/trump-wins-wisconsin-clears-electoral-votes-needed-to-clinch-presidency-101730890107366.html,3a8582674f6c2f3bd4d0ebbe84bd6331
https://www.business-standard.com/article/pti-stories/trump-within-reach-of-electoral-college-win-116122000059_1.html,919e80df9102e0a7e093071813c52dec
https://www.foxnews.com/politics/trump-secures-victory-in-electoral-college-as-bid-to-flip-electors-flops,1df3c5c570b1376e166a7605ef6137df
https://www.jsonline.com/story/news/politics/elections/2024/11/06/donald-trump-wins-wisconsin-presidential-vote-in-2024-election/75708195007/,98e04a25a8c2fe8a1ed061725992e9ad
https://www.livenowfox.com/news/trump-claims-victory-2024-election-watch-live,29a904090120e90d1f7f9be84990c830
https://time.com/4563685/donald-trump-wins/,3cf0e775ec319c8b3ee98735a68edd5a
https://usnewson.com/post/donald-trump-delivers-victory-speech-on-election-night,d86c72013f55a0db1be297eebb73e0d4
https://www.usatoday.com/story/news/politics/elections/2024/11/06/president-donald-trump-victory-acceptance-speech-2024/76087276007/,d44d640171fb0e6795a43e01dfd82a24
https://time.com/7173254/trump-election-victory-speech/,d7e614959e945595b4865ffd3ba26785
https://www.cnbc.com/amp/2020/11/04/trump-tries-to-claim-victory-even-as-ballots-are-being-counted-in-several-states-nbc-has-not-made-a-call.html,53c7068001b55fbebe567f1c9ac86235
https://www.newsweek.com/what-donald-trump-said-election-victory-speech-full-transcript-1544716,d0447a60fc73b4df1c1649a4432f0561
https://time.com/7173254/trump-election-victory-speech,966b1442951606b7b38464521129b806
https://www.newsweek.com/donald-trump-victory-speech-full-transcript-1981234,f79980ca2a97cf0139e91c2666f2a265
https://www.foxnews.com/politics/clinton-urges-supporters-to-accept-trump-victory-give-him-chance-to-lead,5e503b44bbedbd8141b91ca28bcedf0d
https://time.com/4564480/read-hillary-clintons-concession-speech-full-transcript/,8d42e80db61a7f821cfb874938c6d515
https://www.politifact.com/article/2016/nov/09/fact-checking-donald-trump-2016/,91d4d29599b6e528c4253bf875403ace
https://www.reuters.com/article/usa-election-clinton-remarks/clinton-concedes-election-urges-open-mind-on-trump-idINKBN13432F/,e12f1def2bb45273ccb4e8b735d63d35
https://www.reuters.com/article/world/uk/clinton-concedes-election-urges-open-mind-on-trump-idUSKBN134321,eaa68377fd3d656c7856ee9db7040009
https://www.wikiwand.com/en/articles/The%20Electors%20Trust,0ae9f78a739304a29d330e84f0fe258b
https://www.independent.co.uk/news/world/americas/us-election-2020/mitt-romney-republicans-electoral-college-b1768744.html,3fe50dd841511c9fd13d035762ed0b69
https://www.kxxv.com/news/election-2020/more-than-23-5-million-americans-have-voted-thats-17-of-the-total-votes-cast-in-2016,b6d32fe4b2b7eaff9cf5bfc9dc7bd263
https://www.politifact.com/article/2016/dec/17/fact-checking-claims-voter-fraud-2016/,69afd14b5cce6822f1d3878209f2624a
https://www.reuters.com/article/world/more-than-47-million-ballots-cast-in-u-s-election-eclipsing-2016-early-turnout-idUSKBN2780EC/,888e3a289e8d526f5d5e910f4548c117
https://www.business-standard.com/article/pti-stories/gas-leak-capped-in-china-no-casualties-reported-116033100319_1.html,cd07d54f69766b7da25284979f0f4261
https://www.business-standard.com/amp/article/pti-stories/1-killed-in-pipeline-explosion-in-beijing-116041000603_1.html,c05cfe532e7c6e0c2a42b233c866ac54
https://economictimes.com/news/international/business/eu-chief-works-out-all-options-over-china-rare-earth-threat/articleshow/124813153.cms,4eb2ea3c85a246e69a2358381bf13b3d
https://www.business-standard.com/article/pti-stories/three-injured-in-gas-explosion-in-beijing-115120701067_1.html,3ad31fdd32d55a87f57cd1b1de9dc293
https://www.marketscreener.com/news/latest/Suspected-gas-leak-causes-deadly-blast-in-China-46158995/,0f42aaeb97946748050caea8f0452747
https://www.govinfo.gov/content/pkg/FR-2025-10-03/xml/FR-2025-10-03.xml,0c279b1e703996ec4d52ce9229bd90f4
https://www.straitstimes.com/asia/east-asia/china-officials-apologise-after-security-guards-halt-news-report-on-fatal-explosion,449130e156f3543f55676cbba13b2ff4
https://www.meetmatt-svr.net/Timetable/presenterschedule2025?CfId=7&PMode=All&DayId=&SlotId=&SId=&AuthorFname=&Venue=,577bae67de243603540cd6f8a688d655
https://link.springer.com/article/10.1007/s00420-010-0556-9,36d38d09bfa495b2d743dd570d7d9a36
https://apnews.com/article/china-explosion-hebei-8bb07779ad3d03e57c3779c9a2b7c03d,2a2b6554a9186c68f934e1aeb24ba2af
https://indianexpress.com/article/lifestyle/health/ludhiana-gas-leak-hydrogen-sulphide-harms-your-body-8586902/,4dc7fb298638a22df06229617af72b61
https://www.merriam-webster.com/dictionary/authorities,45b046e1b3893f706e6edc565c9e96ed
https://www.wordreference.com/definition/authorities,e8a9b1c1e7fdc59de643927b68ee7492
https://www.scmp.com/news/china/article/3217504/china-hospital-fire-beijing-kills-21-says-newspaper,d1021b7fa693014233a63f2bb39e9bf1
https://theweek.com/china/1022814/beijing-hospital-fire-kills-29-people-mostly-elderly-patients,a70a209e54f9682848865f19a86c2844
https://www.aljazeera.com/news/2023/4/18/fire-in-beijing-hospital-kills-21-state-media,927efd8a605f0ccae2f40ea3e4df4bd8
https://www.malaymail.com/news/world/2017/11/19/authorities-investigating-deadly-beijing-fire/1513757,528ae2ada13c9d5766a25b2c02d21bed
https://www.scmp.com/news/china/policies-politics/article/2121507/migrant-workers-evacuation-after-deadly-beijing-fire,85665ec4a88c20340a9139b30564602f
https://people.com/human-interest/29-dead-beijing-hospital-fire-patients-tied-sheets-together-to-escape/,bf684b9b8afd9121edf7e7ac16c1944e
https://www.scmp.com/news/china/politics/article/3322089/chinas-top-medical-bosses-taken-task-after-doctor-abandons-surgery-defend-mistress,04d2ac00122087738561cea1705cff47
https://www.chictr.org.cn/showprojEN.html?proj=275393,5949f8293c431fbbe34cf4cd9c946ff3
https://www.moneycontrol.com/news/world/21-dead-in-beijing-hospital-fire-dozens-evacuated-10433981.html,1eb631f41ac0e16b59a197fe428ba325
https://www.independent.co.uk/tv/news/china-covid-hospital-beijing-cases-b2454779.html,1b597edbb350df8cb9d32d725a50dc53
https://economictimes.indiatimes.com/topic/beijing-emergency-medical-centre/news,325e4ac9443186369faa09041e9840e0
https://economictimes.indiatimes.com/topic/beijing-emergency-medical-centre,8d062089638b780179fc7c411c5eb9be
https://westgard.com/resources/sigma-verification-of-performance-program/sigma-vp-peking-union.html,ecf8f87fa6ce4b021daeeb947607dad7
https://www.businessinsider.com/intern-blamed-investigation-jinan-china-deadly-tunnel-collapse-2024-6,d6919c907a1a858fddd13105b34d4fd0
https://www.scmp.com/news/china/politics/article/3255188/one-dead-and-more-20-hurt-china-after-blast-tears-down-four-storey-building-near-beijing%3Fc=17095961364166443617,ccc5be56fcf54de0fdad293a8060183a
https://csglw.beijing.gov.cn/sy/syztzl/bgt/dxal/202307/t20230711_3159962.html,a158f99af7fac4f90bc0743d5106d29f
https://sciemce.com/pack/168547/quiz-preview-4-business-business-law,f410e155e2332d89c2a6fbdd87bf6f05
https://www.tripadvisor.com/Restaurants-g186338-c31-London_England.html,da2447a40b23f91902168f194bf956d8
https://www.business-standard.com/amp/article/pti-stories/gas-leak-capped-in-china-no-casualties-reported-116033100319_1.html,cb7c0be65ea1762b9be4ad6e7bc37e2e
https://fortune.com/asia/2025/09/10/russia-china-gas-pipeline-power-of-siberia-2/,f40ee25502cb55594d0691ef5a8ed558
https://tass.com/economy/1960151,cb888cbbc907679d25d11e2fddf5b055
https://www.scmp.com/news/china/diplomacy/article/3194514/china-calls-inquiry-nord-stream-gas-pipeline-leaks,f3760e42d395e3334bf00e1f6306f866
https://www.asiafinancial.com/us-sanctions-force-indian-refiners-to-slash-russian-oil-imports,690c50a4a82bc151c6aa94ba0b8e7593
https://www.tbsnews.net/world/china-russia-pipeline-diplomacy-threatens-trumps-energy-grip-1229476,2706253fc048ac5546d8ed5414e77a7f
https://www.nst.com.my/world/world/2023/09/952559/ten-dead-china-gas-leak,2f835d23666e997493673894fd37f200
https://www.hindustantimes.com/world/gas-leak-in-china-kills-17/story-yCW4e12WuMnCZpwqBLyAHI.html,bc328bf79baa8bca75bb774e7eca5ce4
https://fortune.com/2025/04/09/keystone-pipeline-shut-down-gas-prices/,f0644f20e6e460f4d52ee20b36fb7d88
https://www.reuters.com/article/us-china-water-source-pollution/sinopec-oil-pipeline-leak-cuts-off-water-supplies-in-china-idUKBRE91O0M520130225/,3d1066b8e49159375b50c2429fd22ddc
https://www.reuters.com/article/vietnam-energy-gas/update-1-two-vietnam-power-plants-shut-after-gas-pipeline-leak-idUSL3N0ME0DH20140317/,b154f12297785139188522158f71cf3c
https://www.clickorlando.com/news/local/2025/06/09/report-traffic-in-central-florida-costs-drivers-time-money-heres-where-the-worst-stretch-is/,a5d58e4398c78f36afd504f26c9bbdc7
https://www.wtwco.com/en-sg/insights/2025/06/top-construction-cybersecurity-challenges-and-risk-mitigation-tips,aa60716f2ae7e446e6b01b0594f58bb2
"https://telegrafi.com/en/due-to-a-technical-problem-in-the-elevator,-three-people-were-injured-in-a-building-in-China,-the-footage-from-the-security-cameras-shows-the-moment/",8636dcb96a93df1a951b0c4f8736cbbe
https://www.newsflare.com/video/652418/elevator-plunges-with-doors-open-trapping-passengers-due-to-malfunction-in-eastern-china,82710074aabce2145b2c7e9494d9971c
https://www.business-standard.com/amp/article/pti-stories/11-killed-2-injured-in-elevator-collapse-in-china-119042500666_1.html,1124f02ecdc02442d9732a4168bfa33f
https://www.golden1.com/contact-us,910354e280028d00532eb8a88feb8b92
https://www.golden1.com/discoverg1/call-us,2fee69f6fece5814992c971ad9ca7b92
https://www.golden1.com/,111bf860b54c4fdb613e0aad48452937
https://pmc.ncbi.nlm.nih.gov/articles/PMC9428913/,9fcf5d7e01be615e9356c48493bf10ed
https://www.business-standard.com/amp/article/pti-stories/five-dead-in-shanghai-building-collapse-city-govt-119051600664_1.html,00575aa2768114daa68a1de2c618a2a7
https://www.business-standard.com/amp/article/pti-stories/car-mows-down-2-pedestrians-in-shanghai-115110900877_1.html,edc250519a6aa99f7ab0d2b38f76fbf1
https://www.business-standard.com/amp/article/pti-stories/7-injured-in-china-stampede-still-critical-official-115010400342_1.html,17a10c81a049fdd4797bc1081e1d5134
https://www.frontiersin.org/journals/aging/articles/10.3389/fragi.2025.1647628/epub,e0f599c0fde6e887823d1443b9599f80
https://www.ndtv.com/world-news/man-declared-dead-at-shanghais-elderly-care-centre-found-alive-in-morgue-2938858,9444035cdf80993c85191f95e96a436f
https://wjes.biomedcentral.com/articles/10.1186/s13017-024-00537-8,8a672eaa23501b608cfffbba684d2082
https://pmc.ncbi.nlm.nih.gov/articles/PMC4976060/,ff461c2105e96bb9ac8bde52fa008f9f
https://www.govinfo.gov/content/pkg/FR-2024-03-29/xml/FR-2024-03-29.xml,36f568ef55be4d92e5ffea7309b67d21
https://www.merriam-webster.com/dictionary/residents,ce9ded38ed8020202162282dd2c592ea
https://www.cbsnews.com/newyork/news/long-island-city-high-rise-elevator-malfunctions/,aff1f43c5d4bd41cf5fe9e103d40a962
https://www.loudoun.gov/CivicAlerts.aspx?sort=date,937161378d86558988be920dacf48f6d
https://www.cbsnews.com/newyork/news/nyc-elevator-issues-accident-tenant/,612f41e0521286aee0e83553ffb36a11
https://www.askamanager.org/2025/09/open-thread-september-5-2025.html,d90b988f2481757799c1ab4517378540
https://timesofindia.indiatimes.com/city/mumbai/34-died-in-lift-accidents-in-mumbai-and-3-satellite-districts-in-8-years/articleshow/104510118.cms,57ccf6da7011eb1b7df084245f757bd1
https://timesofindia.indiatimes.com/city/mumbai/housing-society-committee-not-criminally-liable-for-building-lift-accident-hc/articleshow/57846314.cms,aef4c53d145af6c756ee31698f344f5a
https://www.thehindu.com/news/national/telangana/when-lives-fall-through-the-cracks-of-an-unregulated-elevator-system/article69554354.ece,c149f4c86f50eff2048650601bf98ef0
https://www.business-standard.com/amp/article/news-ians/firefighters-tackle-blaze-at-paris-museum-115082000461_1.html,8d35d8d0c7dd8cfe85aafa6d8c3dbdb9
https://www.britannica.com/event/Notre-Dame-fire,3de70a313268e81cf9df56e75aa7486b
https://www.hindustantimes.com/world-news/fire-at-notre-dame-cathedral-in-paris-live-updates/story-nFvnmbbcuMu5CqDMZwAvRL.html,8b4dd18b7967d6e95ad28c130cc03a63
https://www.ndtv.com/topic/fire-in-paris,bc5039c398c9d31895e48addddf65015
https://www.tripadvisor.fr/Attraction_Review-g187147-d189241-Reviews-National_Museum_of_Natural_History-Paris_Ile_de_France.html,ee0fc77deb7710c03f6b551cf63cabb9
https://www.abc15.com/news/national/paris-official-says-notre-dame-fire-was-an-accident-wasnt-intentional,9b69d2fe8f3358e783c2205a8acec664
https://time.com/5571542/notre-dame-fire-art-artifacts-lost/,bab56d3bd86d8ed6c423486638c62a90
https://www.timesofisrael.com/notre-dame-fire-destroying-invaluable-heritage-french-scholar-says/,51d95c17d2333bcf7deb6cc207eabea0
https://www.smithsonianmag.com/smart-news/five-things-weve-learned-aftermath-notre-dame-fire-180971998/,64df5e864bbff31ea3ac0f50d4a674ba
https://news.artnet.com/art-world/fire-outside-the-louvre-paris-512813,1c956be45c3fbad920b25a138a6125a5
https://www.lemonde.fr/societe/article/2013/07/10/important-incendie-dans-l-hotel-lambert-a-paris_3445197_3224.html,423685e1b9d98a1801d148a0fe83f66d
https://www.tripadvisor.com/Attraction_Review-g31310-d127090-Reviews-or30-Hall_of_Flame_Museum_of_Firefighting-Phoenix_Arizona.html,ceba16e083f0294eee47e7038caa1402
https://theweek.com/speedreads/835650/centuriesold-wood-no-fire-safeguards-notre-dames-attic-burned-quickly,f1b84afc9279da63a903aa605249c588
https://www.lemonde.fr/m-actu/article/2018/09/10/ces-musees-ravages-par-les-flammes_5353082_4497186.html,527b06878c266d862bbddc5273347469
https://globalnews.ca/video/9726715/fire-still-burning-in-montreal-heritage-building-24-hours-after-it-started,5629e33baac42edbea22754eef89c51d
https://www.fastcompany.com/90335390/notre-dame-fire-why-historic-restorations-keep-going-up-in-flames/,d194c50c68fbfc205cc80e85557a211d
https://www.foxnews.com/world/paris-explosion-ignites-massive-fire-frances-capital-several-injured-smoke-plume-visible-city,8c6633b4384d325902a929df15814bde
https://www.gbnews.com/news/world/paris-fire-smoke-skyline-notre-dame-anniversary,ea28c097364ac38064a578f39ec5aecf
https://www.dailymail.co.uk/news/article-15004071/New-York-City-explosion-Manhattan-96st-Upper-East-Side.html,8ac44e3a92b54a3a88dddecf1b33321f
https://www.reuters.com/business/retail-consumer/robbery-louvre-museum-hit-frances-image-justice-minister-says-2025-10-20/,86c0c80a7a7d9f098c9c44be92b9b61d
https://apnews.com/article/paris-town-hall-fire-bell-tower-c6ff46a0f000b28d2a4cffb30ae82f08,6ad14c3b0684850d8fc9daaa0049cd99
https://www.indiatoday.in/fact-check/story/france-violence-fact-check-not-french-library-that-caught-fire-philippines-video-2402232-2023-07-05,e302bea28583059990c986ea2e0af39f
https://www.tripadvisor.com/Attraction_Review-g188057-d8106181-Reviews-Musee_du_Service_d_Incendie_et_de_Secours-Geneva.html,fc144f99d010e14f0012e63d818804f6
https://www.tripadvisor.com/Attraction_Review-g187120-d7940150-Reviews-Musee_de_la_Resistance_et_de_la_Deportation_du_Cher-Bourges_Cher_Berry_Centre_Val.html,2424399d81a3ed7d19eab34d24ae1752
https://www.collinsdictionary.com/dictionary/english/over,9d596663773bd6617322ce814b059f21
https://dictionary.cambridge.org/dictionary/english/over,02ce3dc1d97b2dc6ce3e63012f28369c
https://www.merriam-webster.com/thesaurus/over,265584b624765d64ea14d53998f0d271
https://www.oxfordlearnersdictionaries.com/definition/american_english/over_1,9b45e0034431dfce7505ed2bfeb38c8a
https://messierdavid.tripod.com/20mid1700searly1900s/id4.html,914954510df0c79da0d281051488f2eb
https://musee-archeologienationale.fr/actualite/la-nuit-europeenne-des-musees-0,2f74c8d5914f73ac5467f62125708cc3
https://10.com.au/news/national/france-orders-security-review-of-all-museums-after-paris-louvre-heist-10-news/tpv251021ktbel,a0b829214ea3158cbf67694a8aea29fa
https://www.mnhn.fr/fr/dossier-de-presse/decouvrez-la-programmation-de-la-saison-2024-2025-du-museum,c57911b777d6b602a6cf15a832cea9d0
https://musee-archeologienationale.fr/actualite/fete-de-la-science-0,35d4815395fc3850db97e8c4b06365c0
https://www.upi.com/Top_News/World-News/2019/06/27/Paris-investigators-No-evidence-of-arson-in-Notre-Dame-Cathedral-fire/4661561638302/,5a7cd48ff9aa8a08c0bc2c2e888e02f2
https://web.archive.org/web/20190416142339/https:/ca.reuters.com/article/topNews/idCAKCN1RS0AV-OCATP,1e4e5713aaaafc2f5abf921d907d9bb9
https://www.cbsnews.com/live-news/electrical-short-eyed-as-possible-notre-dame-blaze-cause-report-says-live-updates/,9d44f7062f0c344fa909c962ca022fe7
https://dictionary.cambridge.org/dictionary/english/preliminary,c16d21033944ff3a0bb93770ed85f036
https://www.collinsdictionary.com/english-language-learning/preliminary,96ad32791135b803b6d1faf3a817560d
https://www.merriam-webster.com/dictionary/preliminary,5cfe61b1bc378d0b061b1aeee02d0691
https://www.business-standard.com/amp/article/news-ians/10-killed-in-paris-building-inferno-suspect-arrested-third-lead-119020501082_1.html,ef01d372eef7b367c85157fa24889d50
https://www.ndtv.com/topic/paris,a72d7a012428ea23d104471e1d93515a
https://www.ndtv.com/topic/paris-police,89a7564b2bf52e331d4f36426a376a8b
https://economictimes.indiatimes.com/topic/paris-authorities,c6baaa971a1a88bcc9e29f09853dd181
https://economictimes.indiatimes.com/news/international/world-news/paris-fire-destroys-building-injuring-16-police/articleshow/101170491.cms,259be23bf95bb4e6bf502f8156229336
https://www.independent.co.uk/topic/french-police,122e505fbf8faf16e69875c862aaeee4
https://www.lemonde.fr/en/culture/article/2024/07/15/one-year-after-its-reopening-the-national-museum-of-the-history-of-immigration-is-drawing-crowds-in-paris_6684374_30.html,ab66346693baa22f38e00ce224678772
https://www.theartnewspaper.com/2024/12/24/rachida-dati-stays-in-post-as-french-culture-minister-in-new-government,8343dea8dd4d6845a2d5967eb40615a9
https://www.business-standard.com/article/pti-stories/france-pledges-usd-30-million-for-wartime-heritage-protection-116120300729_1.html,1e8c9ccb01664dcc6374e2c3e6082719
https://www.lemonde.fr/en/opinion/article/2025/06/03/france-s-cultural-heritage-is-becoming-fashionable-and-useful-but-the-state-can-no-longer-foot-the-bill-alone_6741952_23.html,51d702f9e9ab720ba2d730093f58f19d
https://www.business-standard.com/amp/article/pti-stories/unesco-says-at-france-s-side-to-save-and-restore-notre-dame-119041600034_1.html,fc0d03637cbfaa2f290a1440a1775b2a
https://economictimes.indiatimes.com/topic/historic-monuments-in-france/news,af8d0c6f26769dd46a39e187ca7a5b52
https://www.theartnewspaper.com/2025/07/15/national-trust-a-la-francaise-french-culture-minister-considers-plans-for-new-heritage-body-based-on-uk-model,875deb3e77acbeb2bd26f43fbd47947a
https://www.imdb.com/name/nm6960621/news/,350d397347f408c1649f93ed3c9eea5b
https://economictimes.indiatimes.com/topic/french-cultural-heritage/news,3a01c2921de854d23556a9c36ebcf484
https://www.cbnews.fr/cb/image-rachida-dati-defend-budget-du-ministere-culture-devant-senateurs-88401,c9219d9af6758848a6052113121feaad
https://www.business-standard.com/article/news-ians/firefighters-tackle-blaze-at-paris-museum-115082000461_1.html,292b9a40d666707e4ec15d305f3a4e84
https://www.courrierinternational.com/,f5f0633855b5e407e1b7e5a5c7ef8446
https://www.merriam-webster.com/dictionary/international,66cc0f5a62094e51f5cf1f9ab1450c1a
https://www.luxembourg-city.com/en/place/museum/national-museum-of-natural-history,1603755fd942539181cbe6286b2cb5b1
https://www.luxembourg-city.com/fr/adresse/museum/musee-national-d-histoire-et-d-art-luxembourg,a5621d5ea7834e4fd72c6a5b1c618d28
https://www.tripadvisor.com/Attraction_Review-g187147-d189241-Reviews-National_Museum_of_Natural_History-Paris_Ile_de_France.html,ed7cf4fd181f3bfe2fc5593db3526be8
https://paris.evous.fr/musees-de-paris/museum-d-histoire-naturelle.html,bb8522fbfb06b51617a252e9afaa9294
https://www.huffingtonpost.fr/france/article/paris-l-hotel-de-la-marine-victime-d-un-incendie-ferme-ses-portes-temporairement_212178.html,ac1edb2bccf6f1fcc88c247f29b8a015
https://www.theartnewspaper.com/2023/12/11/president-macron-confirms-notre-dame-opening-date-plus-plans-for-a-new-museum,24f88d0db3d9bf4a2410a5130a6302d7
https://mylatestnews.org/notre-dame-massive-fireplace-ravages-paris-cathedral/,11213fd184882b191b9c261975dd0d3c
https://www.tripadvisor.com/ShowTopic-g294311-i818-k10044689-o120-Bringing_a_drone_into_Peru_permit_not_required-Peru.html,7fb8dcf8f053a030f107ff4e0dbe6ed6
https://andina.pe/ingles/noticia-perus-national-police-to-employ-drones-during-apec-event-611088.aspx,2320bfa610d7a7cbc0aca24e10f8cabb
https://www.defensa.com/peru/sitdrone-2024-abre-este-jueves-puertas-peru-ampliando-portfolio,940df95c4365261f77b47f8b7a3b15ad
https://canaln.pe/actualidad/fuerza-aerea-peru-presenta-tecnologia-antidrones-apec-2024-n478207,732dab94c1ede2dbda8be294d760a8b9
https://andina.pe/agencia/noticia-fap-fabrica-drones-integran-inteligencia-artificial-y-se-prepara-para-fenomeno-nino-963346.aspx,d766772b1a1184fb704ab7830845fddf
https://www.tripadvisor.co.za/ShowTopic-g294311-i818-k10044689-o80-Bringing_a_drone_into_Peru_permit_not_required-Peru.html,2f11ba7e148de3296479ce8cecbb779c
https://www.iiga.news/events-posts/drone-world-congress-2025,0e261262118c46d1b3367d033de96020
https://federalnewsnetwork.com/commentary/2025/01/confronting-the-growing-drone-threat/,56d45b388552c8c53b72ada1f6b2c417
https://www.aviation.govt.nz/licensing-and-certification/emerging-technologies-programme/emerging-aviation-technologies-forum,3c81e85554483746072a6340a070968d
https://www.faadroneaamsymposium.org/program/program-details,9e9b70967896f66cf28b6d62247bfcd3
https://www.sciencedirect.com/science/article/pii/S2352146524002606,a1bce480c313e5aee01f18e61f1289b9
https://www.telespazio.com/en/news-and-stories-detail/-/detail/peru-telespazio-brings-the-internet-to-top-priority-medical-facilities-and-schools,5fc7877c6202831d8f323baa4d6ec4ee
https://www.aviacionline.com/peru-the-first-works-of-the-future-chinchero-international-airport-have-begun,154531beb356b8f5f03dad69c29833d9
https://www.zhihu.com/question/469587295,7930dbbfd9b72125429f05a9eabc60cd
https://www.zhihu.com/tardis/zm/art/280070583,a59456be10e1d14401dbbbb0ccfc5480
https://www.zhihu.com/tardis/zm/art/181591457,83bcc9eb7391b810e67e89c331203b72
https://www.zhihu.com/question/1897692622685971579,038c36f3b44db9994f234f6da88085e6
https://louisville.edu/sustainability/news/speed-students-in-peru-for-international-service-learning-program-on-sustainable-development,4896f3e5c6668c00ec8c44a4ee5369db
https://babynames.com/name/Eduardo,840a573392b8d99dc8bccc8a39d7251d
https://creators.spotify.com/pod/profile/dronetalks/episodes/DroneTalks-I-SkyGrids-Vision-for-the-future-of-Drones-Interview-with-Zehra-Akbar-e1ulj1q,b2789dc0e8a6c3c07637c1b2dda9083f
https://www.therobotreport.com/beyond-ground-transportation-the-rise-of-drone-logistics/,8b5afb8dd2c1c254e3f20ada4906cb64
https://www.globaldroneconference.com/drone-delivery-of-cash-to-master-completed-in-singapore/,bce3c7134f4017b550fb0668e87b1d9c
https://www.bain.com/insights/are-your-distribution-and-transportation-costs-out-of-control/,b9d460e4d9841ec032f98a63243f4652
https://www.unmannedairspace.info/uncategorized/us-drone-industry-presidential-executive-orders-will-put-huge-pressure-on-the-faa/,3ddc5ad9edcb09a9abae56a0b9b08bc6
https://climate-club.org,a7a72f53c81adc2d5ec11c5cf1e9fea8
https://quizlet.com/988924477/ejpme-ii-module-18-joint-hq-organization-staff-integration-and-battle-rhythm-flash-cards/,01549c5f9f051207f2f77f4379af6e5d
https://thenueconomy.com/drone-conferences-asia-2025-2026/,a70bbae54cf3f7daa63c834c14d9ab50
https://www.foxnews.com/tech/affordable-3d-printed-bionic-arm-uses-muscle-signals-move,343e14aa23a4771b75405a6c5a6984c3
https://www.fiercebiotech.com/medtech/cleveland-clinic-led-team-debuts-brain-powered-bionic-arm-restores-sense-touch-to-amputees,f27e877d4a1ebc16a8cab4637adfa128
https://www.si.com/esports/news/how-to-watch-genesis-x2,d74e85f0e62e4ef58b442345ac2f16bb
https://sanjose.events/calendar/,627bf610d8974236d425091d5bfe2a72
https://flowgpt.com/p/dr-evelyn-carter-c701011f,0d4b4ca0090307c99b3c0cb70d823384
https://fortune.com/2023/08/26/silicon-valley-elites-want-new-city-outside-san-francisco-and-have-spent-nearly-1-billion-acquiring-land/,593b9bc964827893bdfff229817c79d3
https://sanjose.events/,b55984c95501c4bb5d0f1935b4a34c5e
https://med.stanford.edu/news/all-news/2025/08/brain-computer-interface.html,8d455ff481f8c98a4cc398509cd1eb46
http://etd.auburn.edu/xmlui/bitstream/handle/10415/8403/GDM%20Dissertation%20Final_08-03-2022-Formatted.pdf?isAllowed=y&sequence=2,ea475e40c3c5a364fc2d5d6caf9ffe4c
https://jneuroengrehab.biomedcentral.com/articles/10.1186/s12984-021-00944-x,a484614083e7bd7534d148b999d78319
https://exam.cmru.ac.th/homework-ai-answers/truefalse-clinical-trials-are-an-example-of-observaitional-r-fkgy,d338d57e5d93adc241e2b2b8719c7b36
https://www.smithsonianmag.com/innovation/future-robotic-legs-180953040/,d9349679d8eeebe37716ef501a869755
https://electrek.co/2025/09/18/genesis-launch-slew-of-new-luxury-evs-and-hybrids/,7b4d76d8d8eeee4f5576907347eb1e0b
https://www.carscoops.com/2024/03/genesis-head-designer-wants-production-version-of-neolun-concept-to-be-built-without-b-pillars/,0c72ca27cd76bd0530af9a26d77866e0
https://evtoday.com/center/limb-salvage,b444ce3b2295e729defbb7dbd8f2a04d
https://www.genesis.com/us/en/concept-cars/genesis-neolun-concept,c503415a391f1f022aad01f1f0886177
https://www.emerald.com/insight/content/doi/10.1108/AA-09-2018-0127/full/html,4329cf58728d58abbb2a11b46a986383
https://www.smithsonianmag.com/innovation/this-high-schooler-invented-a-low-cost-mind-controlled-prosthetic-arm-180979984/,d032aebc9166a9333cc5f54feed7582f
https://www.supermechachampions.tw/imgen452/advanced-bionics-price-list,8034f1c10e341afb6321ea9c9f70f167
https://www.curetoday.com/view/breast-reconstruction-who-decides-what-goes-in-my-body,b749999816f3c4cd6bf299b820c411db
https://www.usatoday.com/story/money/personalfinance/2024/10/20/medicare-open-enrollment-2025-plans-changing/75733837007/,82e9812352d1ce6bcc03b30009e3a4e0
https://www.kiplinger.com/retirement/medicare/what-you-will-pay-for-medicare-in-2025,e43f889d827131a50efef727a19ddea7
https://connsensereport.com/2025/08/10/accessible-innovations-in-technology-2025-updates/,5b6229bb9b5a9484c663ca73605d8e42
https://accesspress.org/accessible-technology-2025-digital-inclusion/,002c259969288ef02ef1ba51649475d2
https://www.microassist.com/digital-accessibility/disability-rights-under-threat-white-house-doe-and-ice-face-scrutiny/,323cd0b3fb0becaaecce9e4b2153de8f
https://www.therobotreport.com/1x-unveils-neo-beta-as-it-prepares-to-deploy-into-home-pilots/,9cad5a4ae0c438fe781635c3a25589cc
https://techcrunch.com/2024/07/31/neura-shows-off-humanoid-robot-4ne-1/,6fd686e3e80fe4b48d67dd9575c863cc
https://www.reuters.com/press-releases/human-tech-week-2025-sets-the-stage-for-unlocking-human-potential-in-the-age-of-ai-2025-05-30/,e8bcf6c2869f9a44df30a4c9f4722e0c
https://quantumcomputingreport.com/quera-deploys-first-on-premises-quantum-computer-at-aist-advancing-japans-hybrid-quantum-infrastructure/,1fbaf281863dc18852e6f50ad4b60208
https://introl.com/blog/japan-ai-infrastructure-135-billion-investment-2025,2d93516aa4dafcb207d327c6a9f4df6a
https://www.quera.com/press-releases/aist-selects-quera0,65bebe6c66b7cbff75b99367967d9cf7
https://nvidianews.nvidia.com/news/nvidia-powers-worlds-largest-quantum-research-supercomputer,b98e127145093968aa65c3403ee16579
https://phys.org/news/2023-10-optimizing-continuous-variable-functions-quantum-annealing.html,6eed78727a16625c02c6860803de3946
https://postquantum.com/post-quantum/breaking-rsa-quantum-hype/,aa7239ed79b8051b3ed6954854c9e2da
https://www.zhihu.com/question/323204207,6941dafd0c879003b82f49db9ddba626
https://postquantum.com/post-quantum/breaking-rsa-quantum-hype,2b43cde8d7bc7ca7a03fc335ed0aa9e9
https://www.kaspersky.com/blog/quantum-cryptography-2024-hype/52884/,e0e0355c8c21c4723397ffc70df22bfd
https://tech.yahoo.com/science/articles/scientists-ve-finally-reached-quantum-133000417.html,bb22a45c56908e17ed0030acf5955060
https://physicsworld.com/c/quantum/quantum-computing/feed/,7259f19aefcc18c464cdb21da37f637a
https://quantumcomputingreport.com/category/paid/page/23/,0ec1d53b92d0d3769aa9344f1c1475b4
https://www.japantimes.co.jp/news/2025/10/26/japan/politics/takaichi-trump-first-call/,dabc1e8f3155229a4abec1c0c2bdda34
https://arstechnica.com/information-technology/2024/10/the-sad-bizarre-tale-of-hype-fueling-fears-that-modern-cryptography-is-dead,80b96682409ace655e649a56c85d39c2
https://swimswam.com/china-claims-all-available-golds-on-day-one-of-2023-asian-games/,debb54d16bbab107aed5a24380cd6526
http://www.ecns.cn/news/cns-wire/2023-10-08/detail-ihctwhxh7907324.shtml,97d23a11f69b2113426976705ac79d3c
https://web.archive.org/web/20190221000602/https:/www.iaaf.org/news/news/six-more-gold-for-china-in-guangzhou-asian,a9608ceb8b601ac43c556d4e49776679
https://swimswam.com/2023-asian-games-day-1-meet-record-roundup/,a152842c7d587e46cc9cd05f08209751
https://www.youtube.com/watch?v=_6y3Ruz5NpE,de138c6ca72ed8df5b4780ffd1414a13
https://www.jyeoo.com/shiti/01fdb109-d415-4415-975b-4bd10dbc7625,43c22339b996df222c9eebc1c75d3788
https://www.thestar.com.my/news/true-or-not/2023/03/06/quickcheck-is-china039s-current-100m-sprint-champ-the-only-asian-who-has-broken-the-10-second-barrier,a58ffb385d32801ae1e90c3a720106fa
https://www.hangzhou2022.cn/shipin/202310/P020231001361950523062.pdf,77cf86ce3b518d9d0edae89227aabd03
https://www.wikiwand.com/en/articles/List_of_Chinese_records_in_athletics,f9f71f250d69749942a6bb775f0085c5
http://www.news.cn/2023-10/01/c_1129895308.htm,9ef7ff5e79379a6b959b889143b96035
https://www.qatar-tribune.com/article/85782/sports/china-clean-up-with-two-gold-medals-in-100m-sprints,52b3bf1ea7f879d8970920ba17917ce0
https://www.ourchinastory.com/en/12420/Paris-Olympics%EF%BD%9CMeet-the-Chinese-Gen-Z-Olympians,dcb7b0e54fa4b5b165978b7270f92eac
https://www.nst.com.my/sports/others/2024/04/1038034/beijing-half-marathon-probes-embarrassing-win-chinese-runner,2f013d05e1254f50e7198b9e0570b6fb
https://chinasportsinsider.com/category/athletics-2/,d5488ee8b685dbbad60240f119d9e748
https://www.wtatennis.com/tournaments/1023/guangzhou/2025,e14d8dcc660cd3c311027475034ccf9b
https://timesofindia.indiatimes.com/sports/tokyo-olympics/chinas-su-bingtian-blasts-into-olympic-100m-final-bromell-out/articleshow/84944758.cms,e5fa03b4d967ee4fd53ec943f771d64b
https://web.archive.org/web/20200523042426/https:/www.insidethegames.biz/articles/1022972/asian-games-day-13-of-competition,c5d2765b495cd5ab13427b4d141e34bc
https://www.espn.com/espn/story/_/id/38579713/100-asian-games-medals-india-every-medal-winner-record-breaking-campaign,bc22b4e7120db2890f8e3eeb1e146cea
https://www.nst.com.my/sports/others/2024/02/1012338/chinese-teen-pan-smashes-mens-100m-freestyle-world-record,3434dd5f0a887b84d185197b244ad350
https://www.straitstimes.com/sport/new-zealand-team-claims-it-has-smashed-wind-powered-land-speed-record-clocking-2224kmh,f99c3ebec22a265b51ab62a3b64d0a38
https://nspp.mofa.gov.tw/nsppe/print.php?post=215812&unit=410,9a3725f456f4b76999ca9a1e077d4955
https://runningmagazine.ca/sections/runs-races/wind-speed-on-the-track-how-it-can-affect-times-at-outdoor-races/,f2b24ee24800de4d31842d54056d35a8
https://www.guinnessworldrecords.com/news/2024/8/is-the-womens-100-metre-world-record-truly-unbreakable,7d8923c1f47a6c3399144f686c65c198
https://speedendurance.com/2013/05/12/windy-records-in-track-and-field/,076b2d78c3fd03ec5388bbceb4019fe4
https://www.business-standard.com/topic/2024-olympics/page-25,9388d81e9f95e2137cc2232158ff8fc2
https://www.scmp.com/paris-olympics,422a8d49fd699eaf0195abcae1cf6bf6
https://multisport.ph/47787/asias-fastest-man-su-bingtian-sees-bright-future-for-chinese-sprinting/,708f9a7945c7ed92761a1d5d8d6ad9a0
https://www.reuters.com/lifestyle/sports/asias-fastest-man-sees-bright-future-chinese-sprinting-2021-09-25/,e3f22480d17c8c3eed2a73862b3ef56e
https://www.scmp.com/sport/china/article/3165768/winter-olympics-opening-ceremony,7e96956b9a7bd71415dac467e1c3e42a
https://www.sport.gov.cn/n20001280/n20067662/n20067613/c28504780/content.html,dda371e967d8bb9b0f1cde3ea21ac44a
https://www.scmp.com/sport/football/article/3312719/man-behind-uniteds-asian-tour-already-planning-big-names-visit-hong-kong-2026,f46e818f1674d485aa919c2c02aaf272
https://www.si.com/soccer/man-utd-2025-26-pre-season-fixtures-dates-opponents-how-to-watch,53dc8c5f1fdabb03358efc6290a8a459
https://www.thescore.com/news/3261489,b212a959b318c395295cf26720a2c2fa
https://www.foxsports.com/articles/soccer/man-united-heading-to-asia-for-postseason-tour-to-help-raise-significant-revenue,8376519a08bfbf071935e24ea5cfcf39
https://www.givemesport.com/man-utd-pre-season-tour-fixtures-dates/,33e65dc09a457cabb3b125117d2ed1f1
https://evrimagaci.org/tpg/manchester-united-announces-exciting-asia-tour-schedule-317092?srsltid=AfmBOooTbxwtALGdHZ0K-7zljYDXoXKbSOwKCAsZHDpwZHh6kjWByEns,74c3a5d8beec30155469a273ca9f507a
https://evrimagaci.org/tpg/manchester-united-announces-exciting-2025-asia-preseason-tour-316428?srsltid=AfmBOopgQz75g2pUI2hnOs-LMFSn7zQGxd8qLHZrxjm6xpNGeUXz3QC7,b9b5c101f013269e51b74dc40dd7f52e
https://www.scmp.com/topics/manchester-united-tour-asia-2025,0ba711715a277df5c2efef8d81d05c83
https://theweek.com/manchester-united/74847/man-utd-vs-city-called-off-as-china-tour-descends-into-farce,63b45810fe15d141c264141c87eadc3f
https://www.scmp.com/sport/football/article/3312026/why-are-manchester-united-playing-hong-kong-ex-stars-debate-mad-tour,4f4f33dc8226b02e836fa1298b7d4cca
https://sg.news.yahoo.com/manchester-united-announce-china-tour-july-153106490--sow.html,6856e7e26412bf57cd2ec234b38f3a6c
https://manutd.com/en/news/detail/man-utd-travelling-squad-for-asia-hong-kong-china-malaysia,15f49b6b9aab978761bfbbc74b202f52
https://www.worldfootball.net/attendance/eng-premier-league-2024-2025/1/,29b57e44fc2c3ba81b8ec59bc567c496
https://www.worldfootball.net/attendance/chn-super-league-2025/3/,c806dcad8d3afc775b1c4f5e91dc3466
https://www.thestandard.com.hk/breaking-news/article/300165/Pre-sale-tickets-for-Manchester-Uniteds-HK-friendly-selling-fast,21185f36e10d04fe059ee4cfe07d1327
https://www.thestar.com.my/sport/football/2025/03/18/soccer-manchester-united-to-increase-season-ticket-prices-by-around-5,2af4bae2570831fe27cce1d1015092a8
https://cis.org/Richwine/Course-Illegal-Immigrants-Access-Public-Health-Benefits,5c5774fc1c8cd67a04f0035db8fbef23
https://ca.news.yahoo.com/not-numbers-critics-school-trump-035922979.html,bb7506ac865e70abc5887e05019797c1
https://theweek.com/health/rfk-jr-linking-antidepressants-mass-violence-maha,e8f913295f76494795d4e70f939b3c86
https://www.motherjones.com/politics/2025/12/rfk-jr-mass-shootings-ssri-antidepressants/,3b118b1a26ab3ccae40f798110a454ad
https://www.statnews.com/2026/01/07/rfk-jr-antidepressants-teenagers-warnings/,4dc472ac6e9defc48bdca3b14e1acbf6
https://www.aljazeera.com/news/2025/9/5/fact-checking-robert-f-kennedys-statements-to-senate-on-covid-vaccines,646c5450adfc2b926c39ff54b1b8ddb7
https://time.com/7311770/chicago-trump-crime-stats/,b26cf53f45ae913e603402f122ea157a
https://www.aljazeera.com/news/2025/9/8/is-chicago-the-violent-crime-capital-of-the-us-what-the-facts-say,aac6a670377dfbf1877f4916e27c36c1
https://www.motherjones.com/politics/2025/08/mass-shooters-are-not-disproportionately-transgender/,486f5a79e46bf3730c73a93e6e18a0df
https://www.brennancenter.org/our-work/research-reports/case-against-filibuster,7cecc082285641a573c4e91a9b7a2226
https://www.justice.gov/usao-dc/pr/violent-crime-dc-hits-30-year-low,3a19d774780e58ff7905da393e18f597
https://fortune.com/2025/12/03/donald-trump-national-debt-tariffs-dividends-payments-math/,dbf2071d8099b62241d0af5851b3acb6
https://www.cato.org/blog/tariffs-funded-everything-2025-will-fantasy-continue-2026,6810a08a06f0459f36034894f91556ac
https://reason.com/2025/12/17/trump-said-his-tariffs-would-reduce-the-trade-deficit-and-bring-back-manufacturing-heres-what-the-data-show/,19bcfd47f9241f60958a485a9f2e346e
https://fortune.com/2025/12/12/tariff-revenues-decrease-trump-plans-pay-off-national-debt/,2052c2d134c12b53f645ffdbc9c98dfd
https://abcnews.go.com/Politics/trump-administration-bars-harvard-enrolling-international-students/story?id=122084417,185286e5fec55b573736d52231084d26
https://abcnews.go.com/International/zelenskyy-appeals-new-weapons-france-germany-uk-face/story?id=96999372,ab73a4a1686367f1dc9238393bdeec82
https://www.aljazeera.com/news/2025/8/19/how-trump-falsely-claims-us-is-the-only-country-that-uses-mail-in-voting,7fbb968e261e88603267498182702fbd
https://ballotpedia.org/All-mail_voting,95b44b873462ad29b7901e3e2824bd68
https://fortune.com/2026/01/10/ice-shooting-renee-good-killing-dhs-budget-border-patrol-government-shutdown-deadline/,8f174058d6a2ae747243587c8aed4963
https://krcrtv.com/news/local/riverside-county-sheriff-and-gubernatorial-candidate-speaks-out-against-new-bill,2b29b858f840621124cf17ae33a180ff
https://katv.com/news/nation-world/doge-sounds-alarm-over-59m-fema-payment-for-nyc-migrant-housing-gross-insubordination-department-of-government-efficiency-elon-musk-cameron-hamilton-federal-emergency-management-agency-luxury-hotels-new-york-city,85a56af66d73da4aab7a50111a005e43
https://www.wsls.com/news/national/2025/02/10/fema-says-its-halting-payments-for-migrant-housing-in-new-york-after-musk-blasts-money-for-hotels/,954c3a4037d738a97faffe36f4b8692c
https://san.com/cc/social-security-knew-millions-in-system-were-dead-but-are-not-receiving-benefits/,95abfdb9a15194e2cc20dd107fed7f1e
https://www.scrippsnews.com/science-and-tech/natural-disasters/fema-addresses-rumors-hurricane-survivors-receive-less-assistance-than-migrants,a0a3bdc9461bc66bad8f85458f2820da
https://www.bbc.co.uk/news/articles/czd1q9q9gl9o,d237cf35f6527ac8b0c83f3f7bed5f53
https://www.foxnews.com/media/san-francisco-proposal-incentivizes-sobriety-giving-drug-users-weekly-cash-benefits,ff73d445cadaf0fd9fad61bcec5c553a
https://san.com/cc/san-franciscos-new-program-pays-people-to-stay-sober/,81fd2cedd0e4e449dfd124ace271a69f
https://www.nationalreview.com/news/san-francisco-to-offer-100-per-week-for-welfare-recipients-to-stay-sober/,b8669f77c09bc29f75248b0b7bcfda47
https://www.cbsnews.com/news/iba-transgender-olympics-boxing-trump-ban/,79e93731803f2313e3312f27b139ea69
https://www.politico.com/news/2026/01/08/california-law-transgender-students-supreme-court-00717924,2e07b3351ef66d8e64eb621d48af2dfb
https://www.archdaily.com/886473/ping-an-finance-centre-kpf,506740e81d1dd190bd8060035b59e1d4
https://www.brandenburg.nsu-watch.info/birger/users/-/blob/birger/refactor-email-input/public/zxcvbn.js?ref_type=heads,90482b95f245bfe303f9f26afb449df3
http://www.cecc.gov/publications/annual-reports/2011-annual-report,c70ad5efd132747c066f4a0e1351888e
https://www.justice.gov/eoir/page/file/1106401/dl,afd3b62afed79ae93205270b03497573
https://www.pf.org.tw/wSite/public/Attachment/003/f1691120605770.xlsx,f6c3100002c8af3cc44ffac694ee94ff
http://en.people.cn/n3/2025/0126/c98649-20270689.html,bea67aa1d22fe902bd7873e5784aa3b4
http://www.sinopecgroup.com/u/cms/jtyw/202411/27095955iech.pdf,fcb9387186ef6a4f43335ef4287136b7
https://www.lemon8-app.com/@lalapiupiuak/7478713036648219153?region=sg,884050035f3e73c258883b909437405a
https://en.zhifeishengwu.com/skin/default/file/FY22%20ESG%20report.pdf,8541cf07dc9199dba6719981d11c1c81
https://www.popularmechanics.com/science/a32415472/humen-bridge-waving-video-explained/,4c53ef11a753dae5542227ca3c981c0a
https://pmc.ncbi.nlm.nih.gov/articles/PMC6553608/,e99ad5f6e50997e7146a547faeed3d3c
https://www.pmkm.com/what-to-do-if-it-a-lithium-battery-explodes/,b36a57bfe4cde6ddc6c7032e7d8466ee
https://www.healthsystemtracker.org/chart-collection/u-s-life-expectancy-compare-countries/,338d0a4ed5ddc948fb6c370e9d610aa8
https://pmc.ncbi.nlm.nih.gov/articles/PMC4558881/,e1d3382f22e874b5cbab93665864eae4
https://pmc.ncbi.nlm.nih.gov/articles/PMC6864374/,9d67391eb22f1a063e8dad24e880500e
https://www.caseiq.com/resources/sexual-harassment-statistics-the-numbers-behind-the-problem,853ae9ec9d40bd09b80909eabd4db67e
https://genderdata.worldbank.org/en/data-stories/women-safety,e50c521c6012709ca345f15149af6cf7
https://ideas.repec.org/r/ris/apltrx/0220.html,f34bb1ae81e700478ffa03f0502eb7f5
https://watchers.news/2025/09/19/schools-closed-travel-disrupted-typhoon-mitag-landfall-guangdong-china/,94dbc002284bbca0eedf8418b818687c
https://www.scmp.com/news/hong-kong/society/article/3326608/super-typhoon-ragasa-be-closest-hong-kong-next-hour-forecaster,e550a8eb92fa0fd31b2e0d9c9fdca867
https://apnews.com/article/super-typhoon-ragasa-china-hong-kong-0228399afa016be8c53bffc527c4fc96,575637716b9d6692ef7e56186275c979
https://www.perfectsight.co/pages/201,96c12759cd11850e2fcc290f3daad071
https://www.aha.org/news/headline/2025-11-14-aetna-delays-issues-additional-details-level-severity-inpatient-payment-policy,7b7b8c6f22c38fcf12bf07d671cf15b6
https://abcnews.go.com/International/woman-killed-tiger-exiting-vehicle-beijing-animal-park/story?id=40851007,a2006b0015348fa5516dbaaba6f07b1a
https://www.unilad.com/news/world-news/woman-eaten-alive-tiger-attack-china-beijing-video-749357-20250104,849d8efa8242aa40ed67420528533c95
https://www.cbsnews.com/news/siberian-tigers-wildlife-park-china-kill-woman/,c23a9b092af35b45029e0083add67dcb
https://weblink.cityofdubuque.org/WebLink/DocView.aspx?id=549559&dbid=0&repo=City-of-DBQ,91c615315965f402a9c49bc95b4f9759
https://www.teamlab.art/e/botanicalgarden/,983fa051af10bca6b7a15b44f3c16c7a
https://www.scmp.com/video/china/3328020/sudden-blizzard-tibet-leaves-hundreds-hikers-stranded-altitudes-high-4900m,5a40b7f083d3078d014a17f155002ca6
https://pmc.ncbi.nlm.nih.gov/articles/PMC7847764/,623aba5ec3d5ccabf755f61ea6f79c59
https://english.shhuangpu.gov.cn/2026-01/04/c_3569.htm,57c92b56a71491077774a582366219e9
http://www.tbpark.com/index.php?m=content&c=index&a=lists&catid=31,c28566f158b5237174dc01a77b853c90
https://wlos.com/news/nation-world/their-injuries-were-horrific-daughters-powerful-plea-after-losing-parents-in-dui-crash,b29c58a492455bc1658480de51be482b
https://www.cbsnews.com/losangeles/news/semi-truck-driver-deadly-crash-southern-california-toxicology-test/,2d2a485e57441416eaeeaad96ac1325e
https://www.hrw.org/report/2011/06/15/my-children-have-been-poisoned/public-health-crisis-four-chinese-provinces,dffc6b21a631de64c08ca0d0d45cf548
https://general-hospital.fandom.com/wiki/Port_Charles_%28city%29,a1502689b9841523d26c15e51b3dd57d
https://weatherspark.com/h/m/149208/2025/10/Historical-Weather-in-October-2025-at-Hefei-Luogang-International-Airport-China,f48cf0ae05e63d55c2d0aa1ba45636ce
https://weatherspark.com/h/m/131699/2025/10/Historical-Weather-in-October-2025-in-Hefei-China,e2284066f7f1889c1f1e2132dfaf8bc7
https://weatherspark.com/h/m/149203/2025/10/Historical-Weather-in-October-2025-at-Hefei-Xinqiao-International-Airport-China,7f6052a50402e45d1b14afce41d84053
https://gmd.copernicus.org/articles/18/5373/2025/gmd-18-5373-2025.pdf,ed77239bd7dbb8b65c91c366f3830846
https://www.vistajet.com/en/,97fe730bc8de5f9c4163eee114e9065a
https://www.pharmacist.com/Blogs/CEO-Blog/Article/household-cleaning-products-may-significantly-increase-uncontrolled-asthma,775a05bf1f32b8db31d3ea5cbd529631
https://pmc.ncbi.nlm.nih.gov/articles/PMC10875726/,aab949d640c8fdad06773856b420f99d
https://www.cdc.gov/hygiene/about/when-and-how-to-clean-and-disinfect-your-home.html,12be8c60b6ff19bf47d9fd7c779b59c8
https://acaai.org/allergies/allergic-conditions/dust-allergies/,79168476af9b6987f812d7d6c586f33b
https://www.thestar.com.my/news/world/2025/10/14/east-china039s-famous-baotu-spring-sees-water-level-hit-nearly-60-year-high,8fd8423e1bb2a662d4f7af8a4e1b8dd3
https://core.ac.uk/download/pdf/250136972.pdf,7b9d7bee1143f34cdeea08a7c234da26
https://blog.reneerouleau.com/is-salt-water-good-for-your-skin/,2d598ef4d57a2b584351d6bb97f616fd
https://koei.fandom.com/wiki/Dong_Zhuo,d3bfc06b47dc7b1bf242ae7824bb0ce9
https://pmc.ncbi.nlm.nih.gov/articles/PMC10378730/,258764c1613951c74227e317774be576
https://petapixel.com/2015/09/21/street-photography-in-china/,123ef55752b6a844c739d06ee4103931
https://www.fmcsa.dot.gov/sites/fmcsa.dot.gov/files/docs/Out%20of%20Service%20Carrier%20Report%20As%20Of%202016%2011%2017%20at%202100%20EST.pdf,5ad01d6e097a495f2cd8f228b06fe3b8
https://food-fantasy.fandom.com/wiki/Dongding_Oolong,9081029694c7956e8ff75730743368e5
https://www.scribd.com/document/324049585/an-anthology-of-chinese-literature-stephen-owen-1996-pdf,360f43ac57a0cda43052f804ca3278c3
https://courses.ems.psu.edu/geosc10/print/root1727.html,dd79bad2a57713f8f7190dc15ba3a651
https://pmc.ncbi.nlm.nih.gov/articles/PMC2796751/,bbb5a0edb63c49845d81940ed64788b9
"https://www.xinyiglass.com/uploadfiles/2025/05/ENVIRONMENTAL,%20SOCIAL%20AND%20GOVERNANCE%20REPORT%202024.pdf",fc858161577d4cf70672309986485a5a
https://www.scribd.com/document/658397937/South-China-Morning-Post-2023-07-08,e4bb2f91278209c0304c5e4c48291fd9
https://globalpolitics.in/cr_view_dailybriefs.php?dailybriefs=2212&url=China%27S+Ministry+of+Foriegn+Affairs%C3%82%C2%A0defends+transparency+in+COVID-19+data+sharing,8b876c057d77c51e321bb9042f2a3c04
http://www.cecc.gov/publications/annual-reports/2009-annual-report,2fb73782fbc3f8679c212d0a6187586b
https://pmc.ncbi.nlm.nih.gov/articles/PMC4905195/,fab22a4f45e65b71f4bacb77ec6dd903
http://www.cecc.gov/publications/annual-reports/2012-annual-report,3bb410e8766fa74ce0684f7fe00a947d
https://radar.brookes.ac.uk/radar/file/e303125a-9b76-4170-aec2-e36690baf590/1/11.txt,0f2200237ebf7436296be4b39da554a5
https://www.thestandard.com.hk/hong-kong-news/article/314856/HK-reports-first-Chikungunya-death-77-year-old-dies,cb01ea0b3e2e1b70b2d91b684a59c1ca
https://www.aljazeera.com/news/2025/8/6/what-is-the-chikungunya-virus-how-are-countries-such-as-china-battling-it,cf00689fed1781f671934278453308d1
https://abcnews.go.com/US/fbi-private-meeting-trump-revealed-new-details-assassin/story?id=112714355,fc0eacf31827eaed5325cd9a671b4a51
https://www.nga.org/governors/powers-and-authority/,3ebd3b989af5e45aa2ef74f67a4025e8
https://www.usatoday.com/story/news/factcheck/2024/05/23/cardiovascular-kidney-metabolic-covid-19-vaccine/73789738007/,b1d1863152f842a0a92bfaf4153f380e
https://www.foxbusiness.com/lifestyle/red-lobster-closing-23-more-restaurants-across-us-amid-bankruptcy,34134c03cc8fb48af4da825e1d37347c
https://hsr.ca.gov/2025/12/23/news-release-california-high-speed-rail-launches-process-to-draw-in-private-investors/,3f303c8eb1c086f021bf94395d11f27f
https://dot.ca.gov/-/media/dot-media/programs/transportation-planning/documents/cfmp/cfmp-july-2023-final-v1-a11y.pdf,97d3028a2e3487aa499d8e3a907785c8
https://info.calchamber.com/fastfood-minimumwage-faqs-0,3cf2cdb31f8aa3bbb39b21972a379745
https://www.cato.org/blog/yes-californias-fast-food-minimum-wage-law-has-killed-thousands-jobs,81fc2575ee1f6a0c5e4ea6c6dad81ccd
https://www.cbsnews.com/news/congo-death-sentences-americans-repatriation/,d26787bd2ec1230f603322de52123302
https://www.foxnews.com/us/americans-transferred-from-congo-us-one-arrested-utah-charged-coup-overthrow-government,25d5a09a6f01be93f71027694a57088f
https://www.unodc.org/cofrb/uploads/documents/ECOS/World_Wildlife_Crime_Report_2024.pdf,cc1aba3a52123b686050e2595062d5dc
https://patch.com/california/across-ca/ca-macys-closures-2026,dfd7393163b6e88ec53d99a7e1565149
https://www.facebook.com/groups/SanFranciscoPhotography/posts/3449041811907101/,65ff580bedc931fa47fe6c59a61407e2
https://www.npr.org/2025/03/04/g-s1-50488/trump-congress-joint-address-fact-check,e2886cd21a732dfe483e1a7ece9c986b
https://www.thenewhumanitarian.org/news/2026/01/09/venezuela-vassal-status-iran-protests-us-exits-66-international-orgs-cheat-sheet,4120f502e71b8d83b600c4a6f4d8adc1
https://www.propublica.org/article/ms-13-immigration-facts-what-trump-administration-gets-wrong,1217fb4c267ab4b74073d5639a252646
https://www.aljazeera.com/news/2025/3/20/fact-check-is-tren-de-aragua-invading-the-us-as-trump-says,db2462a9ece2e62bc377618ee33cd3cb
https://www.npr.org/2024/10/12/nx-s1-5147789/voting-election-2024-noncitizen-fact-check-trump,06e08cab849c7e9641058f7e2b1d50bb
https://www.surfrider.org/news/surfrider-urges-federal-action-to-retire-old-offshore-drilling-rigs-0,9130d697bd503e2ccbb7db282ca480e5
https://www.eia.gov/todayinenergy/detail.php?id=61545,f80d1ec5fe81b80abb732fa3cff16e8e
https://atmos.earth/climate-solutions/fact-checked-harris-and-trumps-climate-claims-at-the-abc-presidential-debate/,fd8b8042d4b77f4c3191ef70396ef6bf
https://www.npr.org/2025/12/11/nx-s1-5639957/trump-affordability-hoax-economy-midterms,a199d4934a3a70bfb1b9c430e7367a4c
https://www.rev.com/transcripts/donald-trump-speech-transcript-july-24-signs-executive-orders-to-lower-prescription-drug-prices,b93de6aa9f3177aae46ab6f04bf491ad
https://time.com/7312226/trump-cashless-bail-executive-orders-explainer/,d0217e2c675d990ba86e2c8ac28ad117
https://www.npr.org/2025/03/01/g-s1-51506/european-leaders-react-to-zelenskyy-oval-office,a831e17ef536356846265850ed94c1b8
https://thehill.com/homenews/administration/5457096-live-updates-trump-zelensky-ukraine-russia-europe/,e03743a2ffe3491bc8fba11c1b8de227
https://cbsaustin.com/news/nation-world/kristi-noem-says-she-clawed-back-fema-payment-to-nyc-hotels-housing-migrants-homeland-security-federal-emergency-management-agency-dhs-roosevelt-hotel,d4fe99037fd4eabadd89ec59d3d7bd8f
https://www.foxnews.com/us/4-fema-employees-fired-over-egregious-payments-migrants-dhs-says,b4bb4e13c7e22417dceea96990a77285
https://www.foxnews.com/politics/elon-musk-says-millions-social-security-database-between-ages-100-159,d42b47d1f17bd14ea988611349a2e28b
https://www.reuters.com/breakingviews/white-house-plays-with-social-security-fire-2025-02-19/,875c3c3b81af65d5f4183e71fd6455b9
https://www.politico.com/news/2024/08/26/california-undocumented-immigrants-homes-00176253,9338dc8a6bb0191cb63a52e542e64ecc
https://www.goodmorningamerica.com/news/story/25-dead-flash-flooding-china-years-worth-rain-78977511,31f678f005ff87e162f18deafab178d2
https://cnevpost.com/2025/12/31/shanghai-to-continue-offering-free-license-plates-for-evs-in-2026/,6beb0d0c2d596c6ac987062f382c3d53
https://www.cbtnews.com/china-to-require-export-licenses-for-evs-starting-in-2026/,1f56cb107bd7afe207de4fd8177f7442
https://www.reuters.com/business/autos-transportation/china-state-planner-says-gradually-remove-curbs-nev-purchases-2022-01-21/,c9f36baab4947ac1afb10594569d12fe
https://english.news.cn/20251129/b02943067f664157b61a4c5b051f645c/c.html,b4779ee464cf9bdb6652d7b1700432d9
https://www.adb.org/sites/default/files/project-documents/45509-002-prc-eia-draft.pdf,373fdb7a1002d16181ad3f5ec427e90f
https://search.proquest.com/openview/c1f8f0f24e6334afa669adb66e8d0fd2/1?pq-origsite=gscholar&cbl=51922&diss=y,feee6664e8155115016ca5b38c0b3269
https://us.trip.com/travel-guide/attraction/dongguan/humen-pearl-river-bridge-81358/,1c7452e823ccf46c2a26c3b4704fef4c
https://www.facebook.com/groups/hoisan/posts/10160271069784870/,2504a8a610e011b85ac9d0d467910c18
https://www.keaipublishing.com/en/journals/earthquake-science/most-downloaded-articles/,72105a6e048331546be924e5aa3ad1da
https://www.researchgate.net/publication/399287803_Regional-scale_full_3D_hybrid_waveform_forward_modeling,d347f430b0dd29951c9d42b231ecb5f8
https://www.arabnews.pk/node/1338601/world,a2bb7288993dc0541cfbd138673bb2d5
https://grokipedia.com/page/dazhou,0f67afaa25282eb944925af523f6f926
https://gallivantrix.com/category/china/,0787206928f644d38849b8ccb4f91ce0
https://www.facebook.com/groups/dudjomrimpoche/posts/2206048862883597/,8e5e4d3fead47d4831bde53449fe51b2
https://science.nasa.gov/earth/earth-observatory/super-typhoon-hagibis-145712/,077eaa157971a4d71c2642b350ec9160
https://www.reddit.com/r/hurricane/comments/1fzrazy/the_difference_between_a_small_eye_and_a_larger/,500c1ff45276a5a5c99a5ab14d6c0172
https://www.eurekalert.org/news-releases/1110235,b9360df1a034ca234cdfaeef9b22a0f8
https://www.supplierspartnership.org/wp-content/uploads/2023/07/Suppliers-Partnership_EVSafetyGuidance_7.21.2023-FINAL.pdf,c5e42ef51287c9fc1ab73209da6a32ca
https://www.nfpa.org/education-and-research/home-fire-safety/lithium-ion-batteries,8ab16b7897b4a24e4b08b1eac5847d1f
https://www.livescience.com/health/ageing/worldwide-the-life-span-gap-between-the-sexes-is-shrinking,d2a110c53548b1c614f4640421ae270b
https://www.prb.org/resources/around-the-globe-women-outlive-men/,becf1a273162313934acf66ad1521b45
https://www.bls.gov/opub/reports/womens-databook/2021/,290af38b7911645085cb22751c81adf1
https://www.asisonline.org/security-management-magazine/latest-news/today-in-security/2025/june/workplace-abuse-report-bias/,006f53dc469f3bdaa6c4814d10a95372
https://www.princeton.edu/~oa/safety/altitude.shtml,1890318e115b8725ce84325f3cbecbbf
https://www.statnews.com/2020/04/08/doctors-say-ventilators-overused-for-covid-19/,7558e907d724b5f6e072441dabfb03e7
https://pubmed.ncbi.nlm.nih.gov/41325756/?fc=None&ff=20251202162933&v=2.18.0.post22+67771e2,76116e29aefd20cd47e16846aec320fb
https://www.scmp.com/news/china/politics/article/3326846/southern-china-cleans-after-lashing-super-typhoon-ragasa,f0c680de8ef6851700cfb0f0e629f842
https://www.facebook.com/weekendtraveler195/photos/-super-typhoon-ragasa-devastates-asia-southern-china-is-reeling-after-typhoon-ra/726352340434028/,a4113897f5fe60270d03ffddfc76b07c
https://www.ocushield.com/products/anti-blue-light-glasses,515d8d355b3061816ed54916188ddb12
https://www.quora.com/How-can-I-tell-if-my-lenses-have-a-blue-light-protection,f557d6fff2d3b3d5138d71f8a7639db5
https://www.njha.com/media/739279/understanding-medicares-requirement-for-snf-or-saf.pdf,dcbfbb93a24b4e60f5d0cea511868291
https://www.allstate.com/allstate-benefits/news-and-insights/hospital-indemnity-insurance-how-it-works,818a19b7745266a71beb8e86ce3e0fa9
https://washingtonnational.com/explore/why-insurance/5-types-of-people-who-should-consider-hospital-indemnity-insurance/,327c7c0ce27e35b702a302593a7b339f
https://www.medicare.gov/publications/10153-Medicare-Skilled-Nursing-Facility-Care.pdf,d9cf39be960f1c83af667e03b643cc4e
https://justiceinaging.org/25-common-nursing-home-problems/,71621475929a45dce88c7387410e7bb0
https://www.riderta.com/majorprojects/lightrailtrack,c173704b584091b2429c5207e27e76ae
https://www.illinoistimes.com/news/alderman-calls-for-action/,54804973876a9ce76fba4d126ece6324
https://www.riderta.com/majorprojects,206c7dbb18d25977dd81c964a0238bb8
https://www.chinadailyhk.com/hk/article/621178,e24cbe02447f36984d462bc8a73ef8fd
https://wanderlog.com/weather/2625/10/xuchang-weather-in-october,ab46e26fbab8cdc3a16b66725bd51163
https://www.tandfonline.com/doi/full/10.1080/19475705.2025.2491474?scroll=top&needAccess=true,6c079ef9bb85fbd2ac10bc00c05e435d
https://www.facebook.com/groups/HikingTheWorld/posts/1316209965594313/,17ae477352f379d8dea8882717e32088
https://www.facebook.com/junrongtravel/posts/nanjing-along-the-qinhuai-river-after-snowfall%EF%B8%8Fnanjings-beauty-extends-beyond-au/122155019936892547/,45687c3b73365995e97047a0b754e402
https://au.trip.com/travel-guide/destination/taibai-2773/,873f49402885e8a41f54774d0a4fa8bc
https://www.vvng.com/da-charges-dui-truck-driver-with-manslaughter-in-10-freeway-crash-that-killed-three/,1318b9fa36e8cf1a005ec06188415624
https://kcby.com/news/nation-world/their-injuries-were-horrific-daughters-powerful-plea-after-losing-parents-in-dui-crash,5df71b7632691d5577cbf84e99af3ba7
https://cbs4local.com/news/nation-world/their-injuries-were-horrific-daughters-powerful-plea-after-losing-parents-in-dui-crash,981ea434f0c9045b33899186755e8d05
https://www.hko.gov.hk/textonly/v2/other/iwcc.htm,3d79b3930f37824c09bc25c1dd7d2839
https://now.solar/2025/12/31/22-states-sued-epa-after-7-billion-solar-program-cancellation-but-not-wv-charleston-gazette-mail/,8a851e14caff61ee067004562da4f32c
https://www.sciencedirect.com/science/article/pii/S1364032124002387,a3a2548a3a6360b5cb8b50eaf631e6ed
https://wilenet.widoj.gov/sites/default/files/public_files-2025-07/NCICCodeManualTransformed%20%282%29.pdf,bc49f7ee1ef87dea18a69e62f153e552
http://english.jinan.gov.cn/art/2023/9/7/art_108322_4782403.html,44824ceec2fb06cd8b12a64707c0c10e
http://english.scio.gov.cn/m/chinavoices/2025-12/29/content_118251079.html,89c28c98520e967bf0c9f442f33a2f8d
https://www.healthdirect.gov.au/ingrown-hair,6050c112cafde72f457347b0abf305ef
https://www.springermedizin.de/bmc-public-health-1-2025/50413516,16c47414ca6a6ece04eb6b603bea3120
https://www.journals.uchicago.edu/doi/abs/10.1086/261385,ed1cbbe072031e410d9649a056da63a9
https://www.scribd.com/document/388698224/Ah-Xiang-History-of-China-to-1912-pdf,fb4fd434f3b05e418f54ec9029933a06
https://www.inlibra.com/10.5771/9781538141120.pdf,34ebdb5427c1f93414fb04fe1ce417b3
https://online87.thedailystar.net/world/typhoon-heads-south-china-151723,aa68b3d90e4e85eda3f73c0f484ed82b
https://www.garrisonkeillor.com/an-old-man-thinking-at-the-thanksgiving-table/,1240eb0e28f969fafc56fc98342a32fc
https://orionmagazine.org/article/writers-artists-on-the-influence-of-barry-lopez/,027ef217380878e67527bc58449bc724
https://www.channelnewsasia.com/east-asia/china-beijing-popular-tourist-spots-ban-commercial-photographers-temple-heaven-beihai-park-4809216,e91e0edea953e027483daaaca2f009a1
https://www.youngpioneertours.com/drone-photography-guidelines-in-china/,e820ae93d1dfe2404f7d816d274d90d4
https://www.loc.gov/item/global-legal-monitor/2025-05-19/china-new-regulations-on-public-security-cameras-tackle-privacy-and-personal-information-rights/,e1ea5d8f9c2046629a785de99caa2cfe
https://us.trip.com/travel-guide/attraction/beijing/shichahai-scenic-area-100947/,e3ea005b393cd585156c4afd5aa392d3
https://news.cgtn.com/news/2026-01-11/Joy-on-ice-Shichahai-Ice-Rink-welcomes-visitors-1JQxXmYc0xy/p.html,74fb6e1387f72bdaa5fff5e0228b94a9
https://www.myguide-beijing.com/things-to-do/photography-tours/shichahai,e4fc81efd911e90fa30a8c8ed89f4f3f
https://www.getyourguide.com/en-gb/shichahai-l150369/nightlife-bars-tc109/,28966b22df05357c96719f35bbcb9abe
https://www.youtube.com/watch?v=ijpSrh5rdDc,a4c8e010647fc74c0fda9bedef712105
https://qa.trip.com/moments/poi-lishui-town-130369333/,455b932168061d6387a88098edc27b49
https://martinarazi.com/wp-content/uploads/2025/08/Arazi-QT.pdf,8b44cd196754f85dd0a33d25c49be16d
https://besjournals.onlinelibrary.wiley.com/doi/pdf/10.1111/1365-2435.70253,8a906a3bc26b48c8099b4a87fd652222
https://gamefaqs.gamespot.com/ds/946308-pokemon-platinum-version/faqs/55950,c09ce44c903549756943d0db2e2440e0
https://www.youtube.com/watch?v=03juK_O0Thk,52a327f871b3b523151113937e83ef15
https://www.volcanodiscovery.com/app/earthquakes/quake-info/22607152/mag3quake-Jan-12-2026-China-Tajikistan-Xinjiang-Border-Region.html,5739d307fe70072ff22b7a77402bb393
https://www.volcanodiscovery.com/earthquakes/china/xinjiang/archive/2026-jan-12.html,385c65f5bf8e5516b8fd4b54e6163fb7
https://www.volcanodiscovery.com/earthquakes/quake-info/22607152/mag3quake-Jan-12-2026-China-Tajikistan-Xinjiang-Border-Region.html,640aa5c538f461c084d1f45b073f96a5
https://www.volcanodiscovery.com/earthquakes/china/archive/2026-jan-12.html,75bbc32d453a8e43a30dcff7a4b1ee90
https://www.reddit.com/r/architecture/comments/1cv14mo/how_would_you_describe_the_differences_between/,50b843234775f926e0b311a998b1577e
https://www.homeworkforyou.com/static_media/uploadedfiles/1731112956_5544004__489..pdf,0ababf299d9afb5155e644b60bf1a22a
https://factsanddetails.com/china/cat10/sub65/item396.html,c3cd4d89c2d3d3667163a2beb668944f
https://www.chinadaily.com.cn/a/202601/09/WS6960af5ea310d6866eb32ed4.html,05ec70b9955c5ecfb207be0af14e3bc4
https://www.preventionweb.net/news/china-step-earthquake-preparedness-efforts-2026,9ba67e063723018e09ef9abb50fd4f89
https://onlinelibrary.wiley.com/doi/10.1111/bcpt.13494,4b575f68fe5ee97d99eb46a0fdc49706
https://www.salon.com/2003/08/15/dust_2/,ccc90605c114ca4628302b136241b8aa
https://www.nrdc.org/sites/default/files/wtc.pdf,cf69207a656507479df437c66371bf4a
https://www.epa.gov/sites/default/files/2015-12/documents/wtc_report_20030821.pdf,f2965ba3350c3f6b10dd63e319b77ba4
https://news.fiu.edu/2021/911-survivors-exposure-to-toxic-dust-and-the-chronic-health-conditions-that-followed-offer-lessons-that-are-still-too-oftenunheeded,42a2d8dd63557b68e9f639b9c58197df
http://www.pjoes.com/pdf-126320-61698?filename=Vertical+Distribution.pdf,fab23f6e7e56a06fc7b11749ee134317
https://english.shpt.gov.cn/files/images/doc/2019/06/19/20190619151935.pdf,46d191d0de2f0fc4ea7208f2ed23bcde
https://www.thenanfang.com/blog/tag/extortion/,02298de6f4d6e153d3daa9c87a603d02
https://clinton.presidentiallibraries.us/items/browse/page/12/items/show/items/show/36606/catalog.archives.gov/36606//id/clinton.presidentiallibraries.us?sort_field=added&sort_dir=a&output=omeka-xml,a917bec1cf2afe2a5a04ea51294eb8c8
https://www.unodc.org/roseap/uploads/documents/Publications/2024/Casino_Underground_Banking_Report_2024.pdf,0ee0c44501de1b35cf77c464d7e93027
https://www.thedailystar.net/news/asia/southeast-asia/news/19-killed-china-tanker-truck-blast-1914261,fcf16f85a926c1c034fa9748ca2fe804
https://news.cgtn.com/news/2020-06-14/Rescue-work-underway-in-E-China-LNG-tanker-explosion-RjjGEize36/index.html,b36bc964080380a8e00585d9f8ccf878
https://www.youtube.com/watch?v=oB6uc15MmK0,21d2a825f709c9732215186e7dcf9833
https://cases.stretto.com/public/x203/11969/PLEADINGS/1196910102280000000053.pdf,322d7646d56619d88da0a0ec5dd34dbd
https://macaubusiness.com/mount-qomolangma-scenic-area-reopens-after-6-8-magnitude-tibet-quake/,1d95b4d250d4a61f944cef64e787432f
https://www.chinadaily.com.cn/a/202501/21/WS678f71c7a310a2ab06ea8631.html,d3c790b391781247cf775794bce63ec5
https://www.volcanodiscovery.com/place/620720/earthquakes/youkake-wuyilacun/archive/2026-jan.html,b3b569e3d70ed2f6f08a60b59fb0f4cb
https://www.amnesty.org/fr/wp-content/uploads/2021/06/asa170641996en.pdf,2fe053b835ffbd30d68fe4c1158ff923
https://table.media/en/china/so-to-speak/a-tale-of-two-worlds,efa2a32b72a4ca82d842e6c448aebbe6
https://www1.hkexnews.hk/listedco/listconews/sehk/2023/0720/2023072000399.pdf,2fbbf68cdd0bf1506f6f5128602cb8cd
https://www.simedarby.com/sites/default/files/annualreport-pdf/sime_darby_ar2020_full_book_website.02112020.pdf,1cb91d136c200c5cbe9d6b9526f6d16c
https://www.scribd.com/document/576324079/MSRA-for-Chemical-Cleaning-Fuel-Gas-Line-at-UEN-Monophase-Rev-A,6c30a31a25bf64f7ed678c440c8aa7e5
https://www.facebook.com/groups/hoisan/posts/10162660356104870/,71786eaed174884cac6c457a3b961ff8
https://www.worldmosquitoprogram.org/news-stories/world-mosquito-day-2025-global-health-crisis,b3cbf6e623ec296587d6d8ab69685f04
https://www.reddit.com/r/MMA/comments/1ofzo9r/official_ufc_321_aspinall_vs_gane_press/,5d6520ba1838810cd3fdec950dbb1980
https://www.facebook.com/groups/cityscapes/posts/2746416758883802/,e5137e4ba083b232ee61ebb236a72ee8
https://publications.iom.int/system/files/pdf/state_environmental_migration_2014_0_0.pdf,107b8291e0274012ccb0d29fbb17f1e3
https://abcnews.go.com/Politics/fact-checking-jd-vances-claims-haitian-migrants-springfield/story?id=113844705,5d109ef44ea71997d46c67e87553a221
https://www.facebook.com/RepMarkAlford/posts/-shutdown-fact-check-democrats-are-lying-when-they-say-theyre-not-trying-to-give/799053509757840/,b749de9ae171ce2c2585a94116da575a
https://www.facebook.com/LandryforLA/posts/instead-of-robbing-from-taxpayers-to-give-to-law-breakers-democrats-should-prote/1315808273239660/,eab0447dc405b1fc8ada070fe7684f19
https://www.kff.org/medicaid/10-things-to-know-about-medicaid/,3a646b5c2f416ddcae6e0be941c46a90
https://www.kff.org/racial-equity-and-health-policy/state-health-coverage-for-immigrants-and-implications-for-health-coverage-and-care/,86a1a22f1c9346853c5b276a10b646d7
https://www.cbsnews.com/philadelphia/news/congressman-jeff-van-drew-says-president-trump-has-lot-of-support-in-south-jersey-ahead-of-wildwood-rally/,38e313c36f1c4a602f99da9464bb2dd1
https://www.aol.com/articles/gavin-newsom-proud-californias-20-163125031.html,9ef216a7f12df85e87ebae061b0528b2
https://www.thestreet.com/retail/major-retailers-plan-sweeping-store-closures-for-2026,d2a4f294c9a46ebb413b758fb32daf28
https://fortune.com/2024/02/28/macys-closing-150-namesake-stores-sales-slide/,299a51fba656659cb25cd926032c4de0
https://forum.cartridgecollectors.org/t/austrian-8x56mmr-story-true-or-false/7654,87616313c6043531f792eb98cc2b5a98
https://www.politico.com/f/?id=0000017a-f27c-d57a-affa-f37cf1460000,421a1ae6c124acf328407b9be3c4508b
